/opt/share/miniconda3/envs/mofmthnn/lib/python3.9/site-packages/ase/io/cif.py:401: UserWarning: crystal system 'triclinic' is not interpreted for space group Spacegroup(1, setting=1). This may result in wrong setting!
  warnings.warn(
/opt/share/miniconda3/envs/mofmthnn/lib/python3.9/site-packages/ase/io/cif.py:401: UserWarning: crystal system 'triclinic' is not interpreted for space group Spacegroup(1, setting=1). This may result in wrong setting!
  warnings.warn(
/opt/share/miniconda3/envs/mofmthnn/lib/python3.9/site-packages/ase/io/cif.py:401: UserWarning: crystal system 'triclinic' is not interpreted for space group Spacegroup(1, setting=1). This may result in wrong setting!
  warnings.warn(
/opt/share/miniconda3/envs/mofmthnn/lib/python3.9/site-packages/ase/io/cif.py:401: UserWarning: crystal system 'triclinic' is not interpreted for space group Spacegroup(1, setting=1). This may result in wrong setting!
  warnings.warn(
/opt/share/miniconda3/envs/mofmthnn/lib/python3.9/site-packages/ase/io/cif.py:401: UserWarning: crystal system 'triclinic' is not interpreted for space group Spacegroup(1, setting=1). This may result in wrong setting!
  warnings.warn(
/opt/share/miniconda3/envs/mofmthnn/lib/python3.9/site-packages/ase/io/cif.py:401: UserWarning: crystal system 'triclinic' is not interpreted for space group Spacegroup(1, setting=1). This may result in wrong setting!
  warnings.warn(
/opt/share/miniconda3/envs/mofmthnn/lib/python3.9/site-packages/ase/io/cif.py:401: UserWarning: crystal system 'triclinic' is not interpreted for space group Spacegroup(1, setting=1). This may result in wrong setting!
  warnings.warn(
/opt/share/miniconda3/envs/mofmthnn/lib/python3.9/site-packages/ase/io/cif.py:401: UserWarning: crystal system 'triclinic' is not interpreted for space group Spacegroup(1, setting=1). This may result in wrong setting!
  warnings.warn(
/opt/share/miniconda3/envs/mofmthnn/lib/python3.9/site-packages/ase/io/cif.py:401: UserWarning: crystal system 'triclinic' is not interpreted for space group Spacegroup(1, setting=1). This may result in wrong setting!
  warnings.warn(
/opt/share/miniconda3/envs/mofmthnn/lib/python3.9/site-packages/ase/io/cif.py:401: UserWarning: crystal system 'triclinic' is not interpreted for space group Spacegroup(1, setting=1). This may result in wrong setting!
  warnings.warn(
/opt/share/miniconda3/envs/mofmthnn/lib/python3.9/site-packages/ase/io/cif.py:401: UserWarning: crystal system 'triclinic' is not interpreted for space group Spacegroup(1, setting=1). This may result in wrong setting!
  warnings.warn(
/opt/share/miniconda3/envs/mofmthnn/lib/python3.9/site-packages/ase/io/cif.py:401: UserWarning: crystal system 'triclinic' is not interpreted for space group Spacegroup(1, setting=1). This may result in wrong setting!
  warnings.warn(
/opt/share/miniconda3/envs/mofmthnn/lib/python3.9/site-packages/ase/io/cif.py:401: UserWarning: crystal system 'triclinic' is not interpreted for space group Spacegroup(1, setting=1). This may result in wrong setting!
  warnings.warn(
/opt/share/miniconda3/envs/mofmthnn/lib/python3.9/site-packages/ase/io/cif.py:401: UserWarning: crystal system 'triclinic' is not interpreted for space group Spacegroup(1, setting=1). This may result in wrong setting!
  warnings.warn(
/opt/share/miniconda3/envs/mofmthnn/lib/python3.9/site-packages/ase/io/cif.py:401: UserWarning: crystal system 'triclinic' is not interpreted for space group Spacegroup(1, setting=1). This may result in wrong setting!
  warnings.warn(
/opt/share/miniconda3/envs/mofmthnn/lib/python3.9/site-packages/ase/io/cif.py:401: UserWarning: crystal system 'triclinic' is not interpreted for space group Spacegroup(1, setting=1). This may result in wrong setting!
  warnings.warn(
/opt/share/miniconda3/envs/mofmthnn/lib/python3.9/site-packages/ase/io/cif.py:401: UserWarning: crystal system 'triclinic' is not interpreted for space group Spacegroup(1, setting=1). This may result in wrong setting!
  warnings.warn(
/opt/share/miniconda3/envs/mofmthnn/lib/python3.9/site-packages/ase/io/cif.py:401: UserWarning: crystal system 'triclinic' is not interpreted for space group Spacegroup(1, setting=1). This may result in wrong setting!
  warnings.warn(
/opt/share/miniconda3/envs/mofmthnn/lib/python3.9/site-packages/ase/io/cif.py:401: UserWarning: crystal system 'triclinic' is not interpreted for space group Spacegroup(1, setting=1). This may result in wrong setting!
  warnings.warn(
/opt/share/miniconda3/envs/mofmthnn/lib/python3.9/site-packages/ase/io/cif.py:401: UserWarning: crystal system 'triclinic' is not interpreted for space group Spacegroup(1, setting=1). This may result in wrong setting!
  warnings.warn(
/opt/share/miniconda3/envs/mofmthnn/lib/python3.9/site-packages/ase/io/cif.py:401: UserWarning: crystal system 'triclinic' is not interpreted for space group Spacegroup(1, setting=1). This may result in wrong setting!
  warnings.warn(
/opt/share/miniconda3/envs/mofmthnn/lib/python3.9/site-packages/ase/io/cif.py:401: UserWarning: crystal system 'triclinic' is not interpreted for space group Spacegroup(1, setting=1). This may result in wrong setting!
  warnings.warn(
/opt/share/miniconda3/envs/mofmthnn/lib/python3.9/site-packages/ase/io/cif.py:401: UserWarning: crystal system 'triclinic' is not interpreted for space group Spacegroup(1, setting=1). This may result in wrong setting!
  warnings.warn(
/opt/share/miniconda3/envs/mofmthnn/lib/python3.9/site-packages/ase/io/cif.py:401: UserWarning: crystal system 'triclinic' is not interpreted for space group Spacegroup(1, setting=1). This may result in wrong setting!
  warnings.warn(
/opt/share/miniconda3/envs/mofmthnn/lib/python3.9/site-packages/ase/io/cif.py:401: UserWarning: crystal system 'triclinic' is not interpreted for space group Spacegroup(1, setting=1). This may result in wrong setting!
  warnings.warn(
/opt/share/miniconda3/envs/mofmthnn/lib/python3.9/site-packages/ase/io/cif.py:401: UserWarning: crystal system 'triclinic' is not interpreted for space group Spacegroup(1, setting=1). This may result in wrong setting!
  warnings.warn(
/opt/share/miniconda3/envs/mofmthnn/lib/python3.9/site-packages/ase/io/cif.py:401: UserWarning: crystal system 'triclinic' is not interpreted for space group Spacegroup(1, setting=1). This may result in wrong setting!
  warnings.warn(
/opt/share/miniconda3/envs/mofmthnn/lib/python3.9/site-packages/ase/io/cif.py:401: UserWarning: crystal system 'triclinic' is not interpreted for space group Spacegroup(1, setting=1). This may result in wrong setting!
  warnings.warn(
/opt/share/miniconda3/envs/mofmthnn/lib/python3.9/site-packages/ase/io/cif.py:401: UserWarning: crystal system 'triclinic' is not interpreted for space group Spacegroup(1, setting=1). This may result in wrong setting!
  warnings.warn(
/opt/share/miniconda3/envs/mofmthnn/lib/python3.9/site-packages/ase/io/cif.py:401: UserWarning: crystal system 'triclinic' is not interpreted for space group Spacegroup(1, setting=1). This may result in wrong setting!
  warnings.warn(
/opt/share/miniconda3/envs/mofmthnn/lib/python3.9/site-packages/ase/io/cif.py:401: UserWarning: crystal system 'triclinic' is not interpreted for space group Spacegroup(1, setting=1). This may result in wrong setting!
  warnings.warn(
/opt/share/miniconda3/envs/mofmthnn/lib/python3.9/site-packages/ase/io/cif.py:401: UserWarning: crystal system 'triclinic' is not interpreted for space group Spacegroup(1, setting=1). This may result in wrong setting!
  warnings.warn(
/opt/share/miniconda3/envs/mofmthnn/lib/python3.9/site-packages/ase/io/cif.py:401: UserWarning: crystal system 'triclinic' is not interpreted for space group Spacegroup(1, setting=1). This may result in wrong setting!
  warnings.warn(
/opt/share/miniconda3/envs/mofmthnn/lib/python3.9/site-packages/ase/io/cif.py:401: UserWarning: crystal system 'triclinic' is not interpreted for space group Spacegroup(1, setting=1). This may result in wrong setting!
  warnings.warn(
/opt/share/miniconda3/envs/mofmthnn/lib/python3.9/site-packages/ase/io/cif.py:401: UserWarning: crystal system 'triclinic' is not interpreted for space group Spacegroup(1, setting=1). This may result in wrong setting!
  warnings.warn(
/opt/share/miniconda3/envs/mofmthnn/lib/python3.9/site-packages/ase/io/cif.py:401: UserWarning: crystal system 'triclinic' is not interpreted for space group Spacegroup(1, setting=1). This may result in wrong setting!
  warnings.warn(
/opt/share/miniconda3/envs/mofmthnn/lib/python3.9/site-packages/ase/io/cif.py:401: UserWarning: crystal system 'triclinic' is not interpreted for space group Spacegroup(1, setting=1). This may result in wrong setting!
  warnings.warn(
/opt/share/miniconda3/envs/mofmthnn/lib/python3.9/site-packages/ase/io/cif.py:401: UserWarning: crystal system 'triclinic' is not interpreted for space group Spacegroup(1, setting=1). This may result in wrong setting!
  warnings.warn(
/opt/share/miniconda3/envs/mofmthnn/lib/python3.9/site-packages/ase/io/cif.py:401: UserWarning: crystal system 'triclinic' is not interpreted for space group Spacegroup(1, setting=1). This may result in wrong setting!
  warnings.warn(
/opt/share/miniconda3/envs/mofmthnn/lib/python3.9/site-packages/ase/io/cif.py:401: UserWarning: crystal system 'triclinic' is not interpreted for space group Spacegroup(1, setting=1). This may result in wrong setting!
  warnings.warn(
/opt/share/miniconda3/envs/mofmthnn/lib/python3.9/site-packages/ase/io/cif.py:401: UserWarning: crystal system 'triclinic' is not interpreted for space group Spacegroup(1, setting=1). This may result in wrong setting!
  warnings.warn(
/opt/share/miniconda3/envs/mofmthnn/lib/python3.9/site-packages/ase/io/cif.py:401: UserWarning: crystal system 'triclinic' is not interpreted for space group Spacegroup(1, setting=1). This may result in wrong setting!
  warnings.warn(
/opt/share/miniconda3/envs/mofmthnn/lib/python3.9/site-packages/ase/io/cif.py:401: UserWarning: crystal system 'triclinic' is not interpreted for space group Spacegroup(1, setting=1). This may result in wrong setting!
  warnings.warn(
/opt/share/miniconda3/envs/mofmthnn/lib/python3.9/site-packages/ase/io/cif.py:401: UserWarning: crystal system 'triclinic' is not interpreted for space group Spacegroup(1, setting=1). This may result in wrong setting!
  warnings.warn(
/opt/share/miniconda3/envs/mofmthnn/lib/python3.9/site-packages/ase/io/cif.py:401: UserWarning: crystal system 'triclinic' is not interpreted for space group Spacegroup(1, setting=1). This may result in wrong setting!
  warnings.warn(
/opt/share/miniconda3/envs/mofmthnn/lib/python3.9/site-packages/ase/io/cif.py:401: UserWarning: crystal system 'triclinic' is not interpreted for space group Spacegroup(1, setting=1). This may result in wrong setting!
  warnings.warn(
/opt/share/miniconda3/envs/mofmthnn/lib/python3.9/site-packages/ase/io/cif.py:401: UserWarning: crystal system 'triclinic' is not interpreted for space group Spacegroup(1, setting=1). This may result in wrong setting!
  warnings.warn(
/opt/share/miniconda3/envs/mofmthnn/lib/python3.9/site-packages/ase/io/cif.py:401: UserWarning: crystal system 'triclinic' is not interpreted for space group Spacegroup(1, setting=1). This may result in wrong setting!
  warnings.warn(
/opt/share/miniconda3/envs/mofmthnn/lib/python3.9/site-packages/ase/io/cif.py:401: UserWarning: crystal system 'triclinic' is not interpreted for space group Spacegroup(1, setting=1). This may result in wrong setting!
  warnings.warn(
/opt/share/miniconda3/envs/mofmthnn/lib/python3.9/site-packages/ase/io/cif.py:401: UserWarning: crystal system 'triclinic' is not interpreted for space group Spacegroup(1, setting=1). This may result in wrong setting!
  warnings.warn(
/opt/share/miniconda3/envs/mofmthnn/lib/python3.9/site-packages/ase/io/cif.py:401: UserWarning: crystal system 'triclinic' is not interpreted for space group Spacegroup(1, setting=1). This may result in wrong setting!
  warnings.warn(
/opt/share/miniconda3/envs/mofmthnn/lib/python3.9/site-packages/ase/io/cif.py:401: UserWarning: crystal system 'triclinic' is not interpreted for space group Spacegroup(1, setting=1). This may result in wrong setting!
  warnings.warn(
/opt/share/miniconda3/envs/mofmthnn/lib/python3.9/site-packages/ase/io/cif.py:401: UserWarning: crystal system 'triclinic' is not interpreted for space group Spacegroup(1, setting=1). This may result in wrong setting!
  warnings.warn(
/opt/share/miniconda3/envs/mofmthnn/lib/python3.9/site-packages/ase/io/cif.py:401: UserWarning: crystal system 'triclinic' is not interpreted for space group Spacegroup(1, setting=1). This may result in wrong setting!
  warnings.warn(
/opt/share/miniconda3/envs/mofmthnn/lib/python3.9/site-packages/ase/io/cif.py:401: UserWarning: crystal system 'triclinic' is not interpreted for space group Spacegroup(1, setting=1). This may result in wrong setting!
  warnings.warn(
/opt/share/miniconda3/envs/mofmthnn/lib/python3.9/site-packages/ase/io/cif.py:401: UserWarning: crystal system 'triclinic' is not interpreted for space group Spacegroup(1, setting=1). This may result in wrong setting!
  warnings.warn(
/opt/share/miniconda3/envs/mofmthnn/lib/python3.9/site-packages/ase/io/cif.py:401: UserWarning: crystal system 'triclinic' is not interpreted for space group Spacegroup(1, setting=1). This may result in wrong setting!
  warnings.warn(
/opt/share/miniconda3/envs/mofmthnn/lib/python3.9/site-packages/ase/io/cif.py:401: UserWarning: crystal system 'triclinic' is not interpreted for space group Spacegroup(1, setting=1). This may result in wrong setting!
  warnings.warn(
/opt/share/miniconda3/envs/mofmthnn/lib/python3.9/site-packages/ase/io/cif.py:401: UserWarning: crystal system 'triclinic' is not interpreted for space group Spacegroup(1, setting=1). This may result in wrong setting!
  warnings.warn(
/opt/share/miniconda3/envs/mofmthnn/lib/python3.9/site-packages/ase/io/cif.py:401: UserWarning: crystal system 'triclinic' is not interpreted for space group Spacegroup(1, setting=1). This may result in wrong setting!
  warnings.warn(
/opt/share/miniconda3/envs/mofmthnn/lib/python3.9/site-packages/ase/io/cif.py:401: UserWarning: crystal system 'triclinic' is not interpreted for space group Spacegroup(1, setting=1). This may result in wrong setting!
  warnings.warn(
/opt/share/miniconda3/envs/mofmthnn/lib/python3.9/site-packages/ase/io/cif.py:401: UserWarning: crystal system 'triclinic' is not interpreted for space group Spacegroup(1, setting=1). This may result in wrong setting!
  warnings.warn(
/opt/share/miniconda3/envs/mofmthnn/lib/python3.9/site-packages/ase/io/cif.py:401: UserWarning: crystal system 'triclinic' is not interpreted for space group Spacegroup(1, setting=1). This may result in wrong setting!
  warnings.warn(
/opt/share/miniconda3/envs/mofmthnn/lib/python3.9/site-packages/ase/io/cif.py:401: UserWarning: crystal system 'triclinic' is not interpreted for space group Spacegroup(1, setting=1). This may result in wrong setting!
  warnings.warn(
/opt/share/miniconda3/envs/mofmthnn/lib/python3.9/site-packages/ase/io/cif.py:401: UserWarning: crystal system 'triclinic' is not interpreted for space group Spacegroup(1, setting=1). This may result in wrong setting!
  warnings.warn(
/opt/share/miniconda3/envs/mofmthnn/lib/python3.9/site-packages/ase/io/cif.py:401: UserWarning: crystal system 'triclinic' is not interpreted for space group Spacegroup(1, setting=1). This may result in wrong setting!
  warnings.warn(
/opt/share/miniconda3/envs/mofmthnn/lib/python3.9/site-packages/ase/io/cif.py:401: UserWarning: crystal system 'triclinic' is not interpreted for space group Spacegroup(1, setting=1). This may result in wrong setting!
  warnings.warn(
/opt/share/miniconda3/envs/mofmthnn/lib/python3.9/site-packages/ase/io/cif.py:401: UserWarning: crystal system 'triclinic' is not interpreted for space group Spacegroup(1, setting=1). This may result in wrong setting!
  warnings.warn(
/opt/share/miniconda3/envs/mofmthnn/lib/python3.9/site-packages/ase/io/cif.py:401: UserWarning: crystal system 'triclinic' is not interpreted for space group Spacegroup(1, setting=1). This may result in wrong setting!
  warnings.warn(
/opt/share/miniconda3/envs/mofmthnn/lib/python3.9/site-packages/ase/io/cif.py:401: UserWarning: crystal system 'triclinic' is not interpreted for space group Spacegroup(1, setting=1). This may result in wrong setting!
  warnings.warn(
/opt/share/miniconda3/envs/mofmthnn/lib/python3.9/site-packages/ase/io/cif.py:401: UserWarning: crystal system 'triclinic' is not interpreted for space group Spacegroup(1, setting=1). This may result in wrong setting!
  warnings.warn(
/opt/share/miniconda3/envs/mofmthnn/lib/python3.9/site-packages/pymatgen/io/cif.py:1229: UserWarning: Issues encountered while parsing CIF: 2 fractional coordinates rounded to ideal values to avoid issues with finite precision.
  warnings.warn("Issues encountered while parsing CIF: " + "\n".join(self.warnings))
/opt/share/miniconda3/envs/mofmthnn/lib/python3.9/site-packages/ase/io/cif.py:401: UserWarning: crystal system 'triclinic' is not interpreted for space group Spacegroup(1, setting=1). This may result in wrong setting!
  warnings.warn(
/opt/share/miniconda3/envs/mofmthnn/lib/python3.9/site-packages/ase/io/cif.py:401: UserWarning: crystal system 'triclinic' is not interpreted for space group Spacegroup(1, setting=1). This may result in wrong setting!
  warnings.warn(
/opt/share/miniconda3/envs/mofmthnn/lib/python3.9/site-packages/ase/io/cif.py:401: UserWarning: crystal system 'triclinic' is not interpreted for space group Spacegroup(1, setting=1). This may result in wrong setting!
  warnings.warn(
/opt/share/miniconda3/envs/mofmthnn/lib/python3.9/site-packages/ase/io/cif.py:401: UserWarning: crystal system 'triclinic' is not interpreted for space group Spacegroup(1, setting=1). This may result in wrong setting!
  warnings.warn(
/opt/share/miniconda3/envs/mofmthnn/lib/python3.9/site-packages/ase/io/cif.py:401: UserWarning: crystal system 'triclinic' is not interpreted for space group Spacegroup(1, setting=1). This may result in wrong setting!
  warnings.warn(
/opt/share/miniconda3/envs/mofmthnn/lib/python3.9/site-packages/ase/io/cif.py:401: UserWarning: crystal system 'triclinic' is not interpreted for space group Spacegroup(1, setting=1). This may result in wrong setting!
  warnings.warn(
/opt/share/miniconda3/envs/mofmthnn/lib/python3.9/site-packages/ase/io/cif.py:401: UserWarning: crystal system 'triclinic' is not interpreted for space group Spacegroup(1, setting=1). This may result in wrong setting!
  warnings.warn(
/opt/share/miniconda3/envs/mofmthnn/lib/python3.9/site-packages/ase/io/cif.py:401: UserWarning: crystal system 'triclinic' is not interpreted for space group Spacegroup(1, setting=1). This may result in wrong setting!
  warnings.warn(
/opt/share/miniconda3/envs/mofmthnn/lib/python3.9/site-packages/ase/io/cif.py:401: UserWarning: crystal system 'triclinic' is not interpreted for space group Spacegroup(1, setting=1). This may result in wrong setting!
  warnings.warn(
/opt/share/miniconda3/envs/mofmthnn/lib/python3.9/site-packages/ase/io/cif.py:401: UserWarning: crystal system 'triclinic' is not interpreted for space group Spacegroup(1, setting=1). This may result in wrong setting!
  warnings.warn(
/opt/share/miniconda3/envs/mofmthnn/lib/python3.9/site-packages/ase/io/cif.py:401: UserWarning: crystal system 'triclinic' is not interpreted for space group Spacegroup(1, setting=1). This may result in wrong setting!
  warnings.warn(
/opt/share/miniconda3/envs/mofmthnn/lib/python3.9/site-packages/ase/io/cif.py:401: UserWarning: crystal system 'triclinic' is not interpreted for space group Spacegroup(1, setting=1). This may result in wrong setting!
  warnings.warn(
/opt/share/miniconda3/envs/mofmthnn/lib/python3.9/site-packages/ase/io/cif.py:401: UserWarning: crystal system 'triclinic' is not interpreted for space group Spacegroup(1, setting=1). This may result in wrong setting!
  warnings.warn(
/opt/share/miniconda3/envs/mofmthnn/lib/python3.9/site-packages/ase/io/cif.py:401: UserWarning: crystal system 'triclinic' is not interpreted for space group Spacegroup(1, setting=1). This may result in wrong setting!
  warnings.warn(
/opt/share/miniconda3/envs/mofmthnn/lib/python3.9/site-packages/ase/io/cif.py:401: UserWarning: crystal system 'triclinic' is not interpreted for space group Spacegroup(1, setting=1). This may result in wrong setting!
  warnings.warn(
/opt/share/miniconda3/envs/mofmthnn/lib/python3.9/site-packages/ase/io/cif.py:401: UserWarning: crystal system 'triclinic' is not interpreted for space group Spacegroup(1, setting=1). This may result in wrong setting!
  warnings.warn(
/opt/share/miniconda3/envs/mofmthnn/lib/python3.9/site-packages/ase/io/cif.py:401: UserWarning: crystal system 'triclinic' is not interpreted for space group Spacegroup(1, setting=1). This may result in wrong setting!
  warnings.warn(
/opt/share/miniconda3/envs/mofmthnn/lib/python3.9/site-packages/ase/io/cif.py:401: UserWarning: crystal system 'triclinic' is not interpreted for space group Spacegroup(1, setting=1). This may result in wrong setting!
  warnings.warn(
/opt/share/miniconda3/envs/mofmthnn/lib/python3.9/site-packages/pymatgen/io/cif.py:1229: UserWarning: Issues encountered while parsing CIF: 4 fractional coordinates rounded to ideal values to avoid issues with finite precision.
  warnings.warn("Issues encountered while parsing CIF: " + "\n".join(self.warnings))
/opt/share/miniconda3/envs/mofmthnn/lib/python3.9/site-packages/ase/io/cif.py:401: UserWarning: crystal system 'triclinic' is not interpreted for space group Spacegroup(1, setting=1). This may result in wrong setting!
  warnings.warn(
/opt/share/miniconda3/envs/mofmthnn/lib/python3.9/site-packages/ase/io/cif.py:401: UserWarning: crystal system 'triclinic' is not interpreted for space group Spacegroup(1, setting=1). This may result in wrong setting!
  warnings.warn(
/opt/share/miniconda3/envs/mofmthnn/lib/python3.9/site-packages/ase/io/cif.py:401: UserWarning: crystal system 'triclinic' is not interpreted for space group Spacegroup(1, setting=1). This may result in wrong setting!
  warnings.warn(
/opt/share/miniconda3/envs/mofmthnn/lib/python3.9/site-packages/ase/io/cif.py:401: UserWarning: crystal system 'triclinic' is not interpreted for space group Spacegroup(1, setting=1). This may result in wrong setting!
  warnings.warn(
/opt/share/miniconda3/envs/mofmthnn/lib/python3.9/site-packages/ase/io/cif.py:401: UserWarning: crystal system 'triclinic' is not interpreted for space group Spacegroup(1, setting=1). This may result in wrong setting!
  warnings.warn(
/opt/share/miniconda3/envs/mofmthnn/lib/python3.9/site-packages/ase/io/cif.py:401: UserWarning: crystal system 'triclinic' is not interpreted for space group Spacegroup(1, setting=1). This may result in wrong setting!
  warnings.warn(
/opt/share/miniconda3/envs/mofmthnn/lib/python3.9/site-packages/ase/io/cif.py:401: UserWarning: crystal system 'triclinic' is not interpreted for space group Spacegroup(1, setting=1). This may result in wrong setting!
  warnings.warn(
/opt/share/miniconda3/envs/mofmthnn/lib/python3.9/site-packages/ase/io/cif.py:401: UserWarning: crystal system 'triclinic' is not interpreted for space group Spacegroup(1, setting=1). This may result in wrong setting!
  warnings.warn(
/opt/share/miniconda3/envs/mofmthnn/lib/python3.9/site-packages/ase/io/cif.py:401: UserWarning: crystal system 'triclinic' is not interpreted for space group Spacegroup(1, setting=1). This may result in wrong setting!
  warnings.warn(
/opt/share/miniconda3/envs/mofmthnn/lib/python3.9/site-packages/ase/io/cif.py:401: UserWarning: crystal system 'triclinic' is not interpreted for space group Spacegroup(1, setting=1). This may result in wrong setting!
  warnings.warn(
/opt/share/miniconda3/envs/mofmthnn/lib/python3.9/site-packages/ase/io/cif.py:401: UserWarning: crystal system 'triclinic' is not interpreted for space group Spacegroup(1, setting=1). This may result in wrong setting!
  warnings.warn(
/opt/share/miniconda3/envs/mofmthnn/lib/python3.9/site-packages/pymatgen/io/cif.py:1229: UserWarning: Issues encountered while parsing CIF: 2 fractional coordinates rounded to ideal values to avoid issues with finite precision.
  warnings.warn("Issues encountered while parsing CIF: " + "\n".join(self.warnings))
/opt/share/miniconda3/envs/mofmthnn/lib/python3.9/site-packages/ase/io/cif.py:401: UserWarning: crystal system 'triclinic' is not interpreted for space group Spacegroup(1, setting=1). This may result in wrong setting!
  warnings.warn(
/opt/share/miniconda3/envs/mofmthnn/lib/python3.9/site-packages/ase/io/cif.py:401: UserWarning: crystal system 'triclinic' is not interpreted for space group Spacegroup(1, setting=1). This may result in wrong setting!
  warnings.warn(
/opt/share/miniconda3/envs/mofmthnn/lib/python3.9/site-packages/ase/io/cif.py:401: UserWarning: crystal system 'triclinic' is not interpreted for space group Spacegroup(1, setting=1). This may result in wrong setting!
  warnings.warn(
/opt/share/miniconda3/envs/mofmthnn/lib/python3.9/site-packages/ase/io/cif.py:401: UserWarning: crystal system 'triclinic' is not interpreted for space group Spacegroup(1, setting=1). This may result in wrong setting!
  warnings.warn(
/opt/share/miniconda3/envs/mofmthnn/lib/python3.9/site-packages/ase/io/cif.py:401: UserWarning: crystal system 'triclinic' is not interpreted for space group Spacegroup(1, setting=1). This may result in wrong setting!
  warnings.warn(
/opt/share/miniconda3/envs/mofmthnn/lib/python3.9/site-packages/pymatgen/io/cif.py:1229: UserWarning: Issues encountered while parsing CIF: 8 fractional coordinates rounded to ideal values to avoid issues with finite precision.
  warnings.warn("Issues encountered while parsing CIF: " + "\n".join(self.warnings))
/opt/share/miniconda3/envs/mofmthnn/lib/python3.9/site-packages/ase/io/cif.py:401: UserWarning: crystal system 'triclinic' is not interpreted for space group Spacegroup(1, setting=1). This may result in wrong setting!
  warnings.warn(
/opt/share/miniconda3/envs/mofmthnn/lib/python3.9/site-packages/ase/io/cif.py:401: UserWarning: crystal system 'triclinic' is not interpreted for space group Spacegroup(1, setting=1). This may result in wrong setting!
  warnings.warn(
/opt/share/miniconda3/envs/mofmthnn/lib/python3.9/site-packages/pymatgen/io/cif.py:1229: UserWarning: Issues encountered while parsing CIF: 2 fractional coordinates rounded to ideal values to avoid issues with finite precision.
  warnings.warn("Issues encountered while parsing CIF: " + "\n".join(self.warnings))
/opt/share/miniconda3/envs/mofmthnn/lib/python3.9/site-packages/pymatgen/io/cif.py:1229: UserWarning: Issues encountered while parsing CIF: 2 fractional coordinates rounded to ideal values to avoid issues with finite precision.
  warnings.warn("Issues encountered while parsing CIF: " + "\n".join(self.warnings))
/opt/share/miniconda3/envs/mofmthnn/lib/python3.9/site-packages/ase/io/cif.py:401: UserWarning: crystal system 'triclinic' is not interpreted for space group Spacegroup(1, setting=1). This may result in wrong setting!
  warnings.warn(
/opt/share/miniconda3/envs/mofmthnn/lib/python3.9/site-packages/pymatgen/io/cif.py:1229: UserWarning: Issues encountered while parsing CIF: 8 fractional coordinates rounded to ideal values to avoid issues with finite precision.
  warnings.warn("Issues encountered while parsing CIF: " + "\n".join(self.warnings))
/opt/share/miniconda3/envs/mofmthnn/lib/python3.9/site-packages/pymatgen/io/cif.py:1229: UserWarning: Issues encountered while parsing CIF: 1 fractional coordinates rounded to ideal values to avoid issues with finite precision.
  warnings.warn("Issues encountered while parsing CIF: " + "\n".join(self.warnings))
/opt/share/miniconda3/envs/mofmthnn/lib/python3.9/site-packages/pymatgen/io/cif.py:1229: UserWarning: Issues encountered while parsing CIF: 4 fractional coordinates rounded to ideal values to avoid issues with finite precision.
  warnings.warn("Issues encountered while parsing CIF: " + "\n".join(self.warnings))
/opt/share/miniconda3/envs/mofmthnn/lib/python3.9/site-packages/pymatgen/io/cif.py:1229: UserWarning: Issues encountered while parsing CIF: 1 fractional coordinates rounded to ideal values to avoid issues with finite precision.
  warnings.warn("Issues encountered while parsing CIF: " + "\n".join(self.warnings))
/opt/share/miniconda3/envs/mofmthnn/lib/python3.9/site-packages/ase/io/cif.py:401: UserWarning: crystal system 'triclinic' is not interpreted for space group Spacegroup(1, setting=1). This may result in wrong setting!
  warnings.warn(
/opt/share/miniconda3/envs/mofmthnn/lib/python3.9/site-packages/pymatgen/io/cif.py:1229: UserWarning: Issues encountered while parsing CIF: 16 fractional coordinates rounded to ideal values to avoid issues with finite precision.
  warnings.warn("Issues encountered while parsing CIF: " + "\n".join(self.warnings))
/opt/share/miniconda3/envs/mofmthnn/lib/python3.9/site-packages/pymatgen/io/cif.py:1229: UserWarning: Issues encountered while parsing CIF: 1 fractional coordinates rounded to ideal values to avoid issues with finite precision.
  warnings.warn("Issues encountered while parsing CIF: " + "\n".join(self.warnings))
/opt/share/miniconda3/envs/mofmthnn/lib/python3.9/site-packages/pymatgen/io/cif.py:1229: UserWarning: Issues encountered while parsing CIF: 2 fractional coordinates rounded to ideal values to avoid issues with finite precision.
  warnings.warn("Issues encountered while parsing CIF: " + "\n".join(self.warnings))
/opt/share/miniconda3/envs/mofmthnn/lib/python3.9/site-packages/pymatgen/io/cif.py:1229: UserWarning: Issues encountered while parsing CIF: 4 fractional coordinates rounded to ideal values to avoid issues with finite precision.
  warnings.warn("Issues encountered while parsing CIF: " + "\n".join(self.warnings))
/opt/share/miniconda3/envs/mofmthnn/lib/python3.9/site-packages/pymatgen/io/cif.py:1229: UserWarning: Issues encountered while parsing CIF: 1 fractional coordinates rounded to ideal values to avoid issues with finite precision.
  warnings.warn("Issues encountered while parsing CIF: " + "\n".join(self.warnings))
/opt/share/miniconda3/envs/mofmthnn/lib/python3.9/site-packages/ase/io/cif.py:401: UserWarning: crystal system 'triclinic' is not interpreted for space group Spacegroup(1, setting=1). This may result in wrong setting!
  warnings.warn(
/opt/share/miniconda3/envs/mofmthnn/lib/python3.9/site-packages/pymatgen/io/cif.py:1229: UserWarning: Issues encountered while parsing CIF: 16 fractional coordinates rounded to ideal values to avoid issues with finite precision.
  warnings.warn("Issues encountered while parsing CIF: " + "\n".join(self.warnings))
/opt/share/miniconda3/envs/mofmthnn/lib/python3.9/site-packages/ase/io/cif.py:401: UserWarning: crystal system 'triclinic' is not interpreted for space group Spacegroup(1, setting=1). This may result in wrong setting!
  warnings.warn(
/opt/share/miniconda3/envs/mofmthnn/lib/python3.9/site-packages/ase/io/cif.py:401: UserWarning: crystal system 'triclinic' is not interpreted for space group Spacegroup(1, setting=1). This may result in wrong setting!
  warnings.warn(
/opt/share/miniconda3/envs/mofmthnn/lib/python3.9/site-packages/ase/io/cif.py:401: UserWarning: crystal system 'triclinic' is not interpreted for space group Spacegroup(1, setting=1). This may result in wrong setting!
  warnings.warn(
/opt/share/miniconda3/envs/mofmthnn/lib/python3.9/site-packages/ase/io/cif.py:401: UserWarning: crystal system 'triclinic' is not interpreted for space group Spacegroup(1, setting=1). This may result in wrong setting!
  warnings.warn(
/opt/share/miniconda3/envs/mofmthnn/lib/python3.9/site-packages/pymatgen/io/cif.py:1229: UserWarning: Issues encountered while parsing CIF: 8 fractional coordinates rounded to ideal values to avoid issues with finite precision.
  warnings.warn("Issues encountered while parsing CIF: " + "\n".join(self.warnings))
/opt/share/miniconda3/envs/mofmthnn/lib/python3.9/site-packages/pymatgen/io/cif.py:1229: UserWarning: Issues encountered while parsing CIF: 8 fractional coordinates rounded to ideal values to avoid issues with finite precision.
  warnings.warn("Issues encountered while parsing CIF: " + "\n".join(self.warnings))
/opt/share/miniconda3/envs/mofmthnn/lib/python3.9/site-packages/pymatgen/io/cif.py:1229: UserWarning: Issues encountered while parsing CIF: 8 fractional coordinates rounded to ideal values to avoid issues with finite precision.
  warnings.warn("Issues encountered while parsing CIF: " + "\n".join(self.warnings))
/opt/share/miniconda3/envs/mofmthnn/lib/python3.9/site-packages/pymatgen/io/cif.py:1229: UserWarning: Issues encountered while parsing CIF: 8 fractional coordinates rounded to ideal values to avoid issues with finite precision.
  warnings.warn("Issues encountered while parsing CIF: " + "\n".join(self.warnings))
/opt/share/miniconda3/envs/mofmthnn/lib/python3.9/site-packages/ase/io/cif.py:401: UserWarning: crystal system 'triclinic' is not interpreted for space group Spacegroup(1, setting=1). This may result in wrong setting!
  warnings.warn(
/opt/share/miniconda3/envs/mofmthnn/lib/python3.9/site-packages/ase/io/cif.py:401: UserWarning: crystal system 'triclinic' is not interpreted for space group Spacegroup(1, setting=1). This may result in wrong setting!
  warnings.warn(
/opt/share/miniconda3/envs/mofmthnn/lib/python3.9/site-packages/ase/io/cif.py:401: UserWarning: crystal system 'triclinic' is not interpreted for space group Spacegroup(1, setting=1). This may result in wrong setting!
  warnings.warn(
/opt/share/miniconda3/envs/mofmthnn/lib/python3.9/site-packages/pymatgen/io/cif.py:1229: UserWarning: Issues encountered while parsing CIF: 2 fractional coordinates rounded to ideal values to avoid issues with finite precision.
  warnings.warn("Issues encountered while parsing CIF: " + "\n".join(self.warnings))
/opt/share/miniconda3/envs/mofmthnn/lib/python3.9/site-packages/ase/io/cif.py:401: UserWarning: crystal system 'triclinic' is not interpreted for space group Spacegroup(1, setting=1). This may result in wrong setting!
  warnings.warn(
/opt/share/miniconda3/envs/mofmthnn/lib/python3.9/site-packages/pymatgen/io/cif.py:1229: UserWarning: Issues encountered while parsing CIF: 2 fractional coordinates rounded to ideal values to avoid issues with finite precision.
  warnings.warn("Issues encountered while parsing CIF: " + "\n".join(self.warnings))
/opt/share/miniconda3/envs/mofmthnn/lib/python3.9/site-packages/pymatgen/io/cif.py:1229: UserWarning: Issues encountered while parsing CIF: 4 fractional coordinates rounded to ideal values to avoid issues with finite precision.
  warnings.warn("Issues encountered while parsing CIF: " + "\n".join(self.warnings))
/opt/share/miniconda3/envs/mofmthnn/lib/python3.9/site-packages/pymatgen/io/cif.py:1229: UserWarning: Issues encountered while parsing CIF: 4 fractional coordinates rounded to ideal values to avoid issues with finite precision.
  warnings.warn("Issues encountered while parsing CIF: " + "\n".join(self.warnings))
/opt/share/miniconda3/envs/mofmthnn/lib/python3.9/site-packages/pymatgen/io/cif.py:1229: UserWarning: Issues encountered while parsing CIF: 2 fractional coordinates rounded to ideal values to avoid issues with finite precision.
  warnings.warn("Issues encountered while parsing CIF: " + "\n".join(self.warnings))
/opt/share/miniconda3/envs/mofmthnn/lib/python3.9/site-packages/ase/io/cif.py:401: UserWarning: crystal system 'triclinic' is not interpreted for space group Spacegroup(1, setting=1). This may result in wrong setting!
  warnings.warn(
/opt/share/miniconda3/envs/mofmthnn/lib/python3.9/site-packages/pymatgen/io/cif.py:1229: UserWarning: Issues encountered while parsing CIF: 10 fractional coordinates rounded to ideal values to avoid issues with finite precision.
  warnings.warn("Issues encountered while parsing CIF: " + "\n".join(self.warnings))
/opt/share/miniconda3/envs/mofmthnn/lib/python3.9/site-packages/pymatgen/io/cif.py:1229: UserWarning: Issues encountered while parsing CIF: 4 fractional coordinates rounded to ideal values to avoid issues with finite precision.
  warnings.warn("Issues encountered while parsing CIF: " + "\n".join(self.warnings))
/opt/share/miniconda3/envs/mofmthnn/lib/python3.9/site-packages/ase/io/cif.py:401: UserWarning: crystal system 'triclinic' is not interpreted for space group Spacegroup(1, setting=1). This may result in wrong setting!
  warnings.warn(
/opt/share/miniconda3/envs/mofmthnn/lib/python3.9/site-packages/pymatgen/io/cif.py:1229: UserWarning: Issues encountered while parsing CIF: 8 fractional coordinates rounded to ideal values to avoid issues with finite precision.
  warnings.warn("Issues encountered while parsing CIF: " + "\n".join(self.warnings))
/opt/share/miniconda3/envs/mofmthnn/lib/python3.9/site-packages/pymatgen/io/cif.py:1229: UserWarning: Issues encountered while parsing CIF: 4 fractional coordinates rounded to ideal values to avoid issues with finite precision.
  warnings.warn("Issues encountered while parsing CIF: " + "\n".join(self.warnings))
/opt/share/miniconda3/envs/mofmthnn/lib/python3.9/site-packages/pymatgen/io/cif.py:1229: UserWarning: Issues encountered while parsing CIF: 4 fractional coordinates rounded to ideal values to avoid issues with finite precision.
  warnings.warn("Issues encountered while parsing CIF: " + "\n".join(self.warnings))
/opt/share/miniconda3/envs/mofmthnn/lib/python3.9/site-packages/pymatgen/io/cif.py:1229: UserWarning: Issues encountered while parsing CIF: 4 fractional coordinates rounded to ideal values to avoid issues with finite precision.
  warnings.warn("Issues encountered while parsing CIF: " + "\n".join(self.warnings))
/opt/share/miniconda3/envs/mofmthnn/lib/python3.9/site-packages/pymatgen/io/cif.py:1229: UserWarning: Issues encountered while parsing CIF: 4 fractional coordinates rounded to ideal values to avoid issues with finite precision.
  warnings.warn("Issues encountered while parsing CIF: " + "\n".join(self.warnings))
/opt/share/miniconda3/envs/mofmthnn/lib/python3.9/site-packages/pymatgen/io/cif.py:1229: UserWarning: Issues encountered while parsing CIF: 16 fractional coordinates rounded to ideal values to avoid issues with finite precision.
  warnings.warn("Issues encountered while parsing CIF: " + "\n".join(self.warnings))
/opt/share/miniconda3/envs/mofmthnn/lib/python3.9/site-packages/pymatgen/io/cif.py:1229: UserWarning: Issues encountered while parsing CIF: 2 fractional coordinates rounded to ideal values to avoid issues with finite precision.
  warnings.warn("Issues encountered while parsing CIF: " + "\n".join(self.warnings))
/opt/share/miniconda3/envs/mofmthnn/lib/python3.9/site-packages/pymatgen/io/cif.py:1229: UserWarning: Issues encountered while parsing CIF: 4 fractional coordinates rounded to ideal values to avoid issues with finite precision.
  warnings.warn("Issues encountered while parsing CIF: " + "\n".join(self.warnings))
/opt/share/miniconda3/envs/mofmthnn/lib/python3.9/site-packages/pymatgen/io/cif.py:1229: UserWarning: Issues encountered while parsing CIF: 4 fractional coordinates rounded to ideal values to avoid issues with finite precision.
  warnings.warn("Issues encountered while parsing CIF: " + "\n".join(self.warnings))
/opt/share/miniconda3/envs/mofmthnn/lib/python3.9/site-packages/pymatgen/io/cif.py:1229: UserWarning: Issues encountered while parsing CIF: 2 fractional coordinates rounded to ideal values to avoid issues with finite precision.
  warnings.warn("Issues encountered while parsing CIF: " + "\n".join(self.warnings))
/opt/share/miniconda3/envs/mofmthnn/lib/python3.9/site-packages/ase/io/cif.py:401: UserWarning: crystal system 'triclinic' is not interpreted for space group Spacegroup(1, setting=1). This may result in wrong setting!
  warnings.warn(
==============================
*** Open Babel Warning  in PerceiveBondOrders
  Failed to kekulize aromatic bonds in OBMol::PerceiveBondOrders (title is /home/zhangsd/repos/MOFSNN/CGCNN_MT/data/CoREMOF2019/clean_cifs/ERUFUS_clean)

/opt/share/miniconda3/envs/mofmthnn/lib/python3.9/site-packages/ase/io/cif.py:401: UserWarning: crystal system 'triclinic' is not interpreted for space group Spacegroup(1, setting=1). This may result in wrong setting!
  warnings.warn(
==============================
*** Open Babel Warning  in PerceiveBondOrders
  Failed to kekulize aromatic bonds in OBMol::PerceiveBondOrders (title is /home/zhangsd/repos/MOFSNN/CGCNN_MT/data/CoREMOF2019/clean_cifs/CIZMIJ_clean)

/opt/share/miniconda3/envs/mofmthnn/lib/python3.9/site-packages/ase/io/cif.py:401: UserWarning: crystal system 'triclinic' is not interpreted for space group Spacegroup(1, setting=1). This may result in wrong setting!
  warnings.warn(
/opt/share/miniconda3/envs/mofmthnn/lib/python3.9/site-packages/ase/io/cif.py:401: UserWarning: crystal system 'triclinic' is not interpreted for space group Spacegroup(1, setting=1). This may result in wrong setting!
  warnings.warn(
/opt/share/miniconda3/envs/mofmthnn/lib/python3.9/site-packages/ase/io/cif.py:401: UserWarning: crystal system 'triclinic' is not interpreted for space group Spacegroup(1, setting=1). This may result in wrong setting!
  warnings.warn(
/opt/share/miniconda3/envs/mofmthnn/lib/python3.9/site-packages/ase/io/cif.py:401: UserWarning: crystal system 'triclinic' is not interpreted for space group Spacegroup(1, setting=1). This may result in wrong setting!
  warnings.warn(
/opt/share/miniconda3/envs/mofmthnn/lib/python3.9/site-packages/ase/io/cif.py:401: UserWarning: crystal system 'triclinic' is not interpreted for space group Spacegroup(1, setting=1). This may result in wrong setting!
  warnings.warn(
/opt/share/miniconda3/envs/mofmthnn/lib/python3.9/site-packages/pymatgen/io/cif.py:1229: UserWarning: Issues encountered while parsing CIF: 8 fractional coordinates rounded to ideal values to avoid issues with finite precision.
  warnings.warn("Issues encountered while parsing CIF: " + "\n".join(self.warnings))
/opt/share/miniconda3/envs/mofmthnn/lib/python3.9/site-packages/ase/io/cif.py:401: UserWarning: crystal system 'triclinic' is not interpreted for space group Spacegroup(1, setting=1). This may result in wrong setting!
  warnings.warn(
/opt/share/miniconda3/envs/mofmthnn/lib/python3.9/site-packages/ase/io/cif.py:401: UserWarning: crystal system 'triclinic' is not interpreted for space group Spacegroup(1, setting=1). This may result in wrong setting!
  warnings.warn(
/opt/share/miniconda3/envs/mofmthnn/lib/python3.9/site-packages/ase/io/cif.py:401: UserWarning: crystal system 'triclinic' is not interpreted for space group Spacegroup(1, setting=1). This may result in wrong setting!
  warnings.warn(
==============================
*** Open Babel Warning  in PerceiveBondOrders
  Failed to kekulize aromatic bonds in OBMol::PerceiveBondOrders (title is /home/zhangsd/repos/MOFSNN/CGCNN_MT/data/CoREMOF2019/clean_cifs/ZOMNUM_clean)

==============================
*** Open Babel Warning  in PerceiveBondOrders
  Failed to kekulize aromatic bonds in OBMol::PerceiveBondOrders (title is /home/zhangsd/repos/MOFSNN/CGCNN_MT/data/CoREMOF2019/clean_cifs/ACOLIP_clean)

/opt/share/miniconda3/envs/mofmthnn/lib/python3.9/site-packages/ase/io/cif.py:401: UserWarning: crystal system 'triclinic' is not interpreted for space group Spacegroup(1, setting=1). This may result in wrong setting!
  warnings.warn(
/opt/share/miniconda3/envs/mofmthnn/lib/python3.9/site-packages/pymatgen/io/cif.py:1229: UserWarning: Issues encountered while parsing CIF: 2 fractional coordinates rounded to ideal values to avoid issues with finite precision.
  warnings.warn("Issues encountered while parsing CIF: " + "\n".join(self.warnings))
==============================
*** Open Babel Warning  in PerceiveBondOrders
  Failed to kekulize aromatic bonds in OBMol::PerceiveBondOrders (title is /home/zhangsd/repos/MOFSNN/CGCNN_MT/data/CoREMOF2019/clean_cifs/cg5010616_si_007_clean)

==============================
*** Open Babel Warning  in PerceiveBondOrders
  Failed to kekulize aromatic bonds in OBMol::PerceiveBondOrders (title is /home/zhangsd/repos/MOFSNN/CGCNN_MT/data/CoREMOF2019/clean_cifs/BENXUP_clean)

==============================
*** Open Babel Warning  in PerceiveBondOrders
  Failed to kekulize aromatic bonds in OBMol::PerceiveBondOrders (title is /home/zhangsd/repos/MOFSNN/CGCNN_MT/data/CoREMOF2019/clean_cifs/DONXOV_clean)

==============================
*** Open Babel Warning  in PerceiveBondOrders
  Failed to kekulize aromatic bonds in OBMol::PerceiveBondOrders (title is /home/zhangsd/repos/MOFSNN/CGCNN_MT/data/CoREMOF2019/clean_cifs/acscombsci.5b00188_5024922_clean)

==============================
*** Open Babel Warning  in PerceiveBondOrders
  Failed to kekulize aromatic bonds in OBMol::PerceiveBondOrders (title is /home/zhangsd/repos/MOFSNN/CGCNN_MT/data/CoREMOF2019/clean_cifs/ZETMOC_clean)

==============================
*** Open Babel Warning  in PerceiveBondOrders
  Failed to kekulize aromatic bonds in OBMol::PerceiveBondOrders (title is /home/zhangsd/repos/MOFSNN/CGCNN_MT/data/CoREMOF2019/clean_cifs/HASNOH_clean)

/opt/share/miniconda3/envs/mofmthnn/lib/python3.9/site-packages/ase/io/cif.py:401: UserWarning: crystal system 'triclinic' is not interpreted for space group Spacegroup(1, setting=1). This may result in wrong setting!
  warnings.warn(
/opt/share/miniconda3/envs/mofmthnn/lib/python3.9/site-packages/ase/io/cif.py:401: UserWarning: crystal system 'triclinic' is not interpreted for space group Spacegroup(1, setting=1). This may result in wrong setting!
  warnings.warn(
/opt/share/miniconda3/envs/mofmthnn/lib/python3.9/site-packages/ase/io/cif.py:401: UserWarning: crystal system 'triclinic' is not interpreted for space group Spacegroup(1, setting=1). This may result in wrong setting!
  warnings.warn(
==============================
*** Open Babel Warning  in PerceiveBondOrders
  Failed to kekulize aromatic bonds in OBMol::PerceiveBondOrders (title is /home/zhangsd/repos/MOFSNN/CGCNN_MT/data/CoREMOF2019/clean_cifs/COYTIU_clean)

==============================
*** Open Babel Warning  in PerceiveBondOrders
  Failed to kekulize aromatic bonds in OBMol::PerceiveBondOrders (title is /home/zhangsd/repos/MOFSNN/CGCNN_MT/data/CoREMOF2019/clean_cifs/IFUDES_charged)

/opt/share/miniconda3/envs/mofmthnn/lib/python3.9/site-packages/ase/io/cif.py:401: UserWarning: crystal system 'triclinic' is not interpreted for space group Spacegroup(1, setting=1). This may result in wrong setting!
  warnings.warn(
/opt/share/miniconda3/envs/mofmthnn/lib/python3.9/site-packages/ase/io/cif.py:401: UserWarning: crystal system 'triclinic' is not interpreted for space group Spacegroup(1, setting=1). This may result in wrong setting!
  warnings.warn(
/opt/share/miniconda3/envs/mofmthnn/lib/python3.9/site-packages/pymatgen/io/cif.py:1229: UserWarning: Issues encountered while parsing CIF: 2 fractional coordinates rounded to ideal values to avoid issues with finite precision.
  warnings.warn("Issues encountered while parsing CIF: " + "\n".join(self.warnings))
==============================
*** Open Babel Warning  in PerceiveBondOrders
  Failed to kekulize aromatic bonds in OBMol::PerceiveBondOrders (title is /home/zhangsd/repos/MOFSNN/CGCNN_MT/data/CoREMOF2019/clean_cifs/EVUNEP_clean)

==============================
*** Open Babel Warning  in PerceiveBondOrders
  Failed to kekulize aromatic bonds in OBMol::PerceiveBondOrders (title is /home/zhangsd/repos/MOFSNN/CGCNN_MT/data/CoREMOF2019/clean_cifs/j.inoche.2015.03.028_inc05925-mmc2_clean)

==============================
*** Open Babel Warning  in PerceiveBondOrders
  Failed to kekulize aromatic bonds in OBMol::PerceiveBondOrders (title is /home/zhangsd/repos/MOFSNN/CGCNN_MT/data/CoREMOF2019/clean_cifs/MOXNUJ_clean)

==============================
*** Open Babel Warning  in PerceiveBondOrders
  Failed to kekulize aromatic bonds in OBMol::PerceiveBondOrders (title is /home/zhangsd/repos/MOFSNN/CGCNN_MT/data/CoREMOF2019/clean_cifs/EVUNAL_clean)

/opt/share/miniconda3/envs/mofmthnn/lib/python3.9/site-packages/ase/io/cif.py:401: UserWarning: crystal system 'triclinic' is not interpreted for space group Spacegroup(1, setting=1). This may result in wrong setting!
  warnings.warn(
/opt/share/miniconda3/envs/mofmthnn/lib/python3.9/site-packages/ase/io/cif.py:401: UserWarning: crystal system 'triclinic' is not interpreted for space group Spacegroup(1, setting=1). This may result in wrong setting!
  warnings.warn(
/opt/share/miniconda3/envs/mofmthnn/lib/python3.9/site-packages/ase/io/cif.py:401: UserWarning: crystal system 'triclinic' is not interpreted for space group Spacegroup(1, setting=1). This may result in wrong setting!
  warnings.warn(
/opt/share/miniconda3/envs/mofmthnn/lib/python3.9/site-packages/ase/io/cif.py:401: UserWarning: crystal system 'triclinic' is not interpreted for space group Spacegroup(1, setting=1). This may result in wrong setting!
  warnings.warn(
/opt/share/miniconda3/envs/mofmthnn/lib/python3.9/site-packages/pymatgen/io/cif.py:1229: UserWarning: Issues encountered while parsing CIF: 4 fractional coordinates rounded to ideal values to avoid issues with finite precision.
  warnings.warn("Issues encountered while parsing CIF: " + "\n".join(self.warnings))
==============================
*** Open Babel Warning  in PerceiveBondOrders
  Failed to kekulize aromatic bonds in OBMol::PerceiveBondOrders (title is /home/zhangsd/repos/MOFSNN/CGCNN_MT/data/CoREMOF2019/clean_cifs/KEVWUF_clean)

/opt/share/miniconda3/envs/mofmthnn/lib/python3.9/site-packages/ase/io/cif.py:401: UserWarning: crystal system 'triclinic' is not interpreted for space group Spacegroup(1, setting=1). This may result in wrong setting!
  warnings.warn(
==============================
*** Open Babel Warning  in PerceiveBondOrders
  Failed to kekulize aromatic bonds in OBMol::PerceiveBondOrders (title is /home/zhangsd/repos/MOFSNN/CGCNN_MT/data/CoREMOF2019/clean_cifs/KIQKOK_clean)

/opt/share/miniconda3/envs/mofmthnn/lib/python3.9/site-packages/ase/io/cif.py:401: UserWarning: crystal system 'triclinic' is not interpreted for space group Spacegroup(1, setting=1). This may result in wrong setting!
  warnings.warn(
==============================
*** Open Babel Warning  in PerceiveBondOrders
  Failed to kekulize aromatic bonds in OBMol::PerceiveBondOrders (title is /home/zhangsd/repos/MOFSNN/CGCNN_MT/data/CoREMOF2019/clean_cifs/GIWNUV_clean)

==============================
*** Open Babel Warning  in PerceiveBondOrders
  Failed to kekulize aromatic bonds in OBMol::PerceiveBondOrders (title is /home/zhangsd/repos/MOFSNN/CGCNN_MT/data/CoREMOF2019/clean_cifs/DEJCIF_clean)

==============================
*** Open Babel Warning  in PerceiveBondOrders
  Failed to kekulize aromatic bonds in OBMol::PerceiveBondOrders (title is /home/zhangsd/repos/MOFSNN/CGCNN_MT/data/CoREMOF2019/clean_cifs/CUYYAX_clean)

/opt/share/miniconda3/envs/mofmthnn/lib/python3.9/site-packages/ase/io/cif.py:401: UserWarning: crystal system 'triclinic' is not interpreted for space group Spacegroup(1, setting=1). This may result in wrong setting!
  warnings.warn(
==============================
*** Open Babel Warning  in PerceiveBondOrders
  Failed to kekulize aromatic bonds in OBMol::PerceiveBondOrders (title is /home/zhangsd/repos/MOFSNN/CGCNN_MT/data/CoREMOF2019/clean_cifs/NIMTEJ_clean)

/opt/share/miniconda3/envs/mofmthnn/lib/python3.9/site-packages/pymatgen/io/cif.py:1229: UserWarning: Issues encountered while parsing CIF: 4 fractional coordinates rounded to ideal values to avoid issues with finite precision.
  warnings.warn("Issues encountered while parsing CIF: " + "\n".join(self.warnings))
==============================
*** Open Babel Warning  in PerceiveBondOrders
  Failed to kekulize aromatic bonds in OBMol::PerceiveBondOrders (title is /home/zhangsd/repos/MOFSNN/CGCNN_MT/data/CoREMOF2019/clean_cifs/RIGVOU_clean)

==============================
*** Open Babel Warning  in PerceiveBondOrders
  Failed to kekulize aromatic bonds in OBMol::PerceiveBondOrders (title is /home/zhangsd/repos/MOFSNN/CGCNN_MT/data/CoREMOF2019/clean_cifs/acs.inorgchem.6b00433_ic6b00433_si_002_clean)

/opt/share/miniconda3/envs/mofmthnn/lib/python3.9/site-packages/pymatgen/io/cif.py:1229: UserWarning: Issues encountered while parsing CIF: 8 fractional coordinates rounded to ideal values to avoid issues with finite precision.
  warnings.warn("Issues encountered while parsing CIF: " + "\n".join(self.warnings))
/opt/share/miniconda3/envs/mofmthnn/lib/python3.9/site-packages/ase/io/cif.py:401: UserWarning: crystal system 'triclinic' is not interpreted for space group Spacegroup(1, setting=1). This may result in wrong setting!
  warnings.warn(
==============================
*** Open Babel Warning  in PerceiveBondOrders
  Failed to kekulize aromatic bonds in OBMol::PerceiveBondOrders (title is /home/zhangsd/repos/MOFSNN/CGCNN_MT/data/CoREMOF2019/clean_cifs/WILDUR_clean)

==============================
*** Open Babel Warning  in PerceiveBondOrders
  Failed to kekulize aromatic bonds in OBMol::PerceiveBondOrders (title is /home/zhangsd/repos/MOFSNN/CGCNN_MT/data/CoREMOF2019/clean_cifs/WOTSEF_clean)

==============================
*** Open Babel Warning  in PerceiveBondOrders
  Failed to kekulize aromatic bonds in OBMol::PerceiveBondOrders (title is /home/zhangsd/repos/MOFSNN/CGCNN_MT/data/CoREMOF2019/clean_cifs/cg800424t_si_002_clean)

/opt/share/miniconda3/envs/mofmthnn/lib/python3.9/site-packages/pymatgen/io/cif.py:1229: UserWarning: Issues encountered while parsing CIF: 1 fractional coordinates rounded to ideal values to avoid issues with finite precision.
  warnings.warn("Issues encountered while parsing CIF: " + "\n".join(self.warnings))
/opt/share/miniconda3/envs/mofmthnn/lib/python3.9/site-packages/pymatgen/io/cif.py:1229: UserWarning: Issues encountered while parsing CIF: 2 fractional coordinates rounded to ideal values to avoid issues with finite precision.
  warnings.warn("Issues encountered while parsing CIF: " + "\n".join(self.warnings))
/opt/share/miniconda3/envs/mofmthnn/lib/python3.9/site-packages/ase/io/cif.py:401: UserWarning: crystal system 'triclinic' is not interpreted for space group Spacegroup(1, setting=1). This may result in wrong setting!
  warnings.warn(
==============================
*** Open Babel Warning  in PerceiveBondOrders
  Failed to kekulize aromatic bonds in OBMol::PerceiveBondOrders (title is /home/zhangsd/repos/MOFSNN/CGCNN_MT/data/CoREMOF2019/clean_cifs/VUMCEM_clean)

/opt/share/miniconda3/envs/mofmthnn/lib/python3.9/site-packages/ase/io/cif.py:401: UserWarning: crystal system 'triclinic' is not interpreted for space group Spacegroup(1, setting=1). This may result in wrong setting!
  warnings.warn(
/opt/share/miniconda3/envs/mofmthnn/lib/python3.9/site-packages/pymatgen/io/cif.py:1229: UserWarning: Issues encountered while parsing CIF: 10 fractional coordinates rounded to ideal values to avoid issues with finite precision.
  warnings.warn("Issues encountered while parsing CIF: " + "\n".join(self.warnings))
==============================
*** Open Babel Warning  in PerceiveBondOrders
  Failed to kekulize aromatic bonds in OBMol::PerceiveBondOrders (title is /home/zhangsd/repos/MOFSNN/CGCNN_MT/data/CoREMOF2019/clean_cifs/ASALIP_clean)

==============================
*** Open Babel Warning  in PerceiveBondOrders
  Failed to kekulize aromatic bonds in OBMol::PerceiveBondOrders (title is /home/zhangsd/repos/MOFSNN/CGCNN_MT/data/CoREMOF2019/clean_cifs/BEPMIU_clean)

/opt/share/miniconda3/envs/mofmthnn/lib/python3.9/site-packages/ase/io/cif.py:401: UserWarning: crystal system 'triclinic' is not interpreted for space group Spacegroup(1, setting=1). This may result in wrong setting!
  warnings.warn(
/opt/share/miniconda3/envs/mofmthnn/lib/python3.9/site-packages/ase/io/cif.py:401: UserWarning: crystal system 'triclinic' is not interpreted for space group Spacegroup(1, setting=1). This may result in wrong setting!
  warnings.warn(
==============================
*** Open Babel Warning  in PerceiveBondOrders
  Failed to kekulize aromatic bonds in OBMol::PerceiveBondOrders (title is /home/zhangsd/repos/MOFSNN/CGCNN_MT/data/CoREMOF2019/clean_cifs/ARAHIM01_clean)

/opt/share/miniconda3/envs/mofmthnn/lib/python3.9/site-packages/ase/io/cif.py:401: UserWarning: crystal system 'triclinic' is not interpreted for space group Spacegroup(1, setting=1). This may result in wrong setting!
  warnings.warn(
/opt/share/miniconda3/envs/mofmthnn/lib/python3.9/site-packages/ase/io/cif.py:401: UserWarning: crystal system 'triclinic' is not interpreted for space group Spacegroup(1, setting=1). This may result in wrong setting!
  warnings.warn(
==============================
*** Open Babel Warning  in PerceiveBondOrders
  Failed to kekulize aromatic bonds in OBMol::PerceiveBondOrders (title is /home/zhangsd/repos/MOFSNN/CGCNN_MT/data/CoREMOF2019/clean_cifs/QIHXIQ_clean)

/opt/share/miniconda3/envs/mofmthnn/lib/python3.9/site-packages/ase/io/cif.py:401: UserWarning: crystal system 'triclinic' is not interpreted for space group Spacegroup(1, setting=1). This may result in wrong setting!
  warnings.warn(
==============================
*** Open Babel Warning  in PerceiveBondOrders
  Failed to kekulize aromatic bonds in OBMol::PerceiveBondOrders (title is /home/zhangsd/repos/MOFSNN/CGCNN_MT/data/CoREMOF2019/clean_cifs/SIVGOV_clean)

==============================
*** Open Babel Warning  in PerceiveBondOrders
  Failed to kekulize aromatic bonds in OBMol::PerceiveBondOrders (title is /home/zhangsd/repos/MOFSNN/CGCNN_MT/data/CoREMOF2019/clean_cifs/IVEHEW_manual)

/opt/share/miniconda3/envs/mofmthnn/lib/python3.9/site-packages/pymatgen/io/cif.py:1229: UserWarning: Issues encountered while parsing CIF: 10 fractional coordinates rounded to ideal values to avoid issues with finite precision.
  warnings.warn("Issues encountered while parsing CIF: " + "\n".join(self.warnings))
/opt/share/miniconda3/envs/mofmthnn/lib/python3.9/site-packages/ase/io/cif.py:401: UserWarning: crystal system 'triclinic' is not interpreted for space group Spacegroup(1, setting=1). This may result in wrong setting!
  warnings.warn(
==============================
*** Open Babel Warning  in PerceiveBondOrders
  Failed to kekulize aromatic bonds in OBMol::PerceiveBondOrders (title is /home/zhangsd/repos/MOFSNN/CGCNN_MT/data/CoREMOF2019/clean_cifs/CUGVUX_clean)

/opt/share/miniconda3/envs/mofmthnn/lib/python3.9/site-packages/ase/io/cif.py:401: UserWarning: crystal system 'triclinic' is not interpreted for space group Spacegroup(1, setting=1). This may result in wrong setting!
  warnings.warn(
==============================
*** Open Babel Warning  in PerceiveBondOrders
  Failed to kekulize aromatic bonds in OBMol::PerceiveBondOrders (title is /home/zhangsd/repos/MOFSNN/CGCNN_MT/data/CoREMOF2019/clean_cifs/GEDSUF_clean)

/opt/share/miniconda3/envs/mofmthnn/lib/python3.9/site-packages/ase/io/cif.py:401: UserWarning: crystal system 'triclinic' is not interpreted for space group Spacegroup(1, setting=1). This may result in wrong setting!
  warnings.warn(
==============================
*** Open Babel Warning  in PerceiveBondOrders
  Failed to kekulize aromatic bonds in OBMol::PerceiveBondOrders (title is /home/zhangsd/repos/MOFSNN/CGCNN_MT/data/CoREMOF2019/clean_cifs/QUDJIJ_clean)

==============================
*** Open Babel Warning  in PerceiveBondOrders
  Failed to kekulize aromatic bonds in OBMol::PerceiveBondOrders (title is /home/zhangsd/repos/MOFSNN/CGCNN_MT/data/CoREMOF2019/clean_cifs/OCAQOY_clean)

==============================
*** Open Babel Warning  in PerceiveBondOrders
  Failed to kekulize aromatic bonds in OBMol::PerceiveBondOrders (title is /home/zhangsd/repos/MOFSNN/CGCNN_MT/data/CoREMOF2019/clean_cifs/EWEWUZ_charged)

==============================
*** Open Babel Warning  in PerceiveBondOrders
  Failed to kekulize aromatic bonds in OBMol::PerceiveBondOrders (title is /home/zhangsd/repos/MOFSNN/CGCNN_MT/data/CoREMOF2019/clean_cifs/KANDAG_clean)

==============================
*** Open Babel Warning  in PerceiveBondOrders
  Failed to kekulize aromatic bonds in OBMol::PerceiveBondOrders (title is /home/zhangsd/repos/MOFSNN/CGCNN_MT/data/CoREMOF2019/clean_cifs/VIYZIO01_clean)

==============================
*** Open Babel Warning  in PerceiveBondOrders
  Failed to kekulize aromatic bonds in OBMol::PerceiveBondOrders (title is /home/zhangsd/repos/MOFSNN/CGCNN_MT/data/CoREMOF2019/clean_cifs/BEPVID_clean)

==============================
*** Open Babel Warning  in PerceiveBondOrders
  Failed to kekulize aromatic bonds in OBMol::PerceiveBondOrders (title is /home/zhangsd/repos/MOFSNN/CGCNN_MT/data/CoREMOF2019/clean_cifs/GISMIG_clean)

==============================
*** Open Babel Warning  in PerceiveBondOrders
  Failed to kekulize aromatic bonds in OBMol::PerceiveBondOrders (title is /home/zhangsd/repos/MOFSNN/CGCNN_MT/data/CoREMOF2019/clean_cifs/HUWDEJ_clean)

/opt/share/miniconda3/envs/mofmthnn/lib/python3.9/site-packages/ase/io/cif.py:401: UserWarning: crystal system 'triclinic' is not interpreted for space group Spacegroup(1, setting=1). This may result in wrong setting!
  warnings.warn(
/opt/share/miniconda3/envs/mofmthnn/lib/python3.9/site-packages/pymatgen/io/cif.py:1229: UserWarning: Issues encountered while parsing CIF: 8 fractional coordinates rounded to ideal values to avoid issues with finite precision.
  warnings.warn("Issues encountered while parsing CIF: " + "\n".join(self.warnings))
/opt/share/miniconda3/envs/mofmthnn/lib/python3.9/site-packages/ase/io/cif.py:401: UserWarning: crystal system 'triclinic' is not interpreted for space group Spacegroup(1, setting=1). This may result in wrong setting!
  warnings.warn(
==============================
*** Open Babel Warning  in PerceiveBondOrders
  Failed to kekulize aromatic bonds in OBMol::PerceiveBondOrders (title is /home/zhangsd/repos/MOFSNN/CGCNN_MT/data/CoREMOF2019/clean_cifs/BUKMUQ01_clean)

/opt/share/miniconda3/envs/mofmthnn/lib/python3.9/site-packages/pymatgen/io/cif.py:1229: UserWarning: Issues encountered while parsing CIF: 6 fractional coordinates rounded to ideal values to avoid issues with finite precision.
  warnings.warn("Issues encountered while parsing CIF: " + "\n".join(self.warnings))
/opt/share/miniconda3/envs/mofmthnn/lib/python3.9/site-packages/ase/io/cif.py:401: UserWarning: crystal system 'triclinic' is not interpreted for space group Spacegroup(1, setting=1). This may result in wrong setting!
  warnings.warn(
==============================
*** Open Babel Warning  in PerceiveBondOrders
  Failed to kekulize aromatic bonds in OBMol::PerceiveBondOrders (title is /home/zhangsd/repos/MOFSNN/CGCNN_MT/data/CoREMOF2019/clean_cifs/QUPHIT_clean)

/opt/share/miniconda3/envs/mofmthnn/lib/python3.9/site-packages/pymatgen/io/cif.py:1229: UserWarning: Issues encountered while parsing CIF: 14 fractional coordinates rounded to ideal values to avoid issues with finite precision.
  warnings.warn("Issues encountered while parsing CIF: " + "\n".join(self.warnings))
==============================
*** Open Babel Warning  in PerceiveBondOrders
  Failed to kekulize aromatic bonds in OBMol::PerceiveBondOrders (title is /home/zhangsd/repos/MOFSNN/CGCNN_MT/data/CoREMOF2019/clean_cifs/RAZYOI_clean)

==============================
*** Open Babel Warning  in PerceiveBondOrders
  Failed to kekulize aromatic bonds in OBMol::PerceiveBondOrders (title is /home/zhangsd/repos/MOFSNN/CGCNN_MT/data/CoREMOF2019/clean_cifs/AQUDEX_clean)

==============================
*** Open Babel Warning  in PerceiveBondOrders
  Failed to kekulize aromatic bonds in OBMol::PerceiveBondOrders (title is /home/zhangsd/repos/MOFSNN/CGCNN_MT/data/CoREMOF2019/clean_cifs/WATPIT_clean)

/opt/share/miniconda3/envs/mofmthnn/lib/python3.9/site-packages/ase/io/cif.py:401: UserWarning: crystal system 'triclinic' is not interpreted for space group Spacegroup(1, setting=1). This may result in wrong setting!
  warnings.warn(
/opt/share/miniconda3/envs/mofmthnn/lib/python3.9/site-packages/ase/io/cif.py:401: UserWarning: crystal system 'triclinic' is not interpreted for space group Spacegroup(1, setting=1). This may result in wrong setting!
  warnings.warn(
==============================
*** Open Babel Warning  in PerceiveBondOrders
  Failed to kekulize aromatic bonds in OBMol::PerceiveBondOrders (title is /home/zhangsd/repos/MOFSNN/CGCNN_MT/data/CoREMOF2019/clean_cifs/FUTYUQ_clean)

/opt/share/miniconda3/envs/mofmthnn/lib/python3.9/site-packages/pymatgen/io/cif.py:1229: UserWarning: Issues encountered while parsing CIF: 2 fractional coordinates rounded to ideal values to avoid issues with finite precision.
  warnings.warn("Issues encountered while parsing CIF: " + "\n".join(self.warnings))
/opt/share/miniconda3/envs/mofmthnn/lib/python3.9/site-packages/ase/io/cif.py:401: UserWarning: crystal system 'triclinic' is not interpreted for space group Spacegroup(1, setting=1). This may result in wrong setting!
  warnings.warn(
/opt/share/miniconda3/envs/mofmthnn/lib/python3.9/site-packages/ase/io/cif.py:401: UserWarning: crystal system 'triclinic' is not interpreted for space group Spacegroup(1, setting=1). This may result in wrong setting!
  warnings.warn(
==============================
*** Open Babel Warning  in PerceiveBondOrders
  Failed to kekulize aromatic bonds in OBMol::PerceiveBondOrders (title is /home/zhangsd/repos/MOFSNN/CGCNN_MT/data/CoREMOF2019/clean_cifs/ESURER03_clean)

==============================
*** Open Babel Warning  in PerceiveBondOrders
  Failed to kekulize aromatic bonds in OBMol::PerceiveBondOrders (title is /home/zhangsd/repos/MOFSNN/CGCNN_MT/data/CoREMOF2019/clean_cifs/XEXLOD_clean)

/opt/share/miniconda3/envs/mofmthnn/lib/python3.9/site-packages/ase/io/cif.py:401: UserWarning: crystal system 'triclinic' is not interpreted for space group Spacegroup(1, setting=1). This may result in wrong setting!
  warnings.warn(
/opt/share/miniconda3/envs/mofmthnn/lib/python3.9/site-packages/ase/io/cif.py:401: UserWarning: crystal system 'triclinic' is not interpreted for space group Spacegroup(1, setting=1). This may result in wrong setting!
  warnings.warn(
==============================
*** Open Babel Warning  in PerceiveBondOrders
  Failed to kekulize aromatic bonds in OBMol::PerceiveBondOrders (title is /home/zhangsd/repos/MOFSNN/CGCNN_MT/data/CoREMOF2019/clean_cifs/NAVLIG_clean)

/opt/share/miniconda3/envs/mofmthnn/lib/python3.9/site-packages/pymatgen/io/cif.py:1229: UserWarning: Issues encountered while parsing CIF: 2 fractional coordinates rounded to ideal values to avoid issues with finite precision.
  warnings.warn("Issues encountered while parsing CIF: " + "\n".join(self.warnings))
==============================
*** Open Babel Warning  in PerceiveBondOrders
  Failed to kekulize aromatic bonds in OBMol::PerceiveBondOrders (title is /home/zhangsd/repos/MOFSNN/CGCNN_MT/data/CoREMOF2019/clean_cifs/WASNOU_clean)

==============================
*** Open Babel Warning  in PerceiveBondOrders
  Failed to kekulize aromatic bonds in OBMol::PerceiveBondOrders (title is /home/zhangsd/repos/MOFSNN/CGCNN_MT/data/CoREMOF2019/clean_cifs/AFEJOK_ion_b)

/opt/share/miniconda3/envs/mofmthnn/lib/python3.9/site-packages/ase/io/cif.py:401: UserWarning: crystal system 'triclinic' is not interpreted for space group Spacegroup(1, setting=1). This may result in wrong setting!
  warnings.warn(
==============================
*** Open Babel Warning  in PerceiveBondOrders
  Failed to kekulize aromatic bonds in OBMol::PerceiveBondOrders (title is /home/zhangsd/repos/MOFSNN/CGCNN_MT/data/CoREMOF2019/clean_cifs/ALIFUY_clean)

/opt/share/miniconda3/envs/mofmthnn/lib/python3.9/site-packages/pymatgen/io/cif.py:1229: UserWarning: Issues encountered while parsing CIF: 2 fractional coordinates rounded to ideal values to avoid issues with finite precision.
  warnings.warn("Issues encountered while parsing CIF: " + "\n".join(self.warnings))
/opt/share/miniconda3/envs/mofmthnn/lib/python3.9/site-packages/ase/io/cif.py:401: UserWarning: crystal system 'triclinic' is not interpreted for space group Spacegroup(1, setting=1). This may result in wrong setting!
  warnings.warn(
/opt/share/miniconda3/envs/mofmthnn/lib/python3.9/site-packages/pymatgen/io/cif.py:1229: UserWarning: Issues encountered while parsing CIF: 8 fractional coordinates rounded to ideal values to avoid issues with finite precision.
  warnings.warn("Issues encountered while parsing CIF: " + "\n".join(self.warnings))
/opt/share/miniconda3/envs/mofmthnn/lib/python3.9/site-packages/ase/io/cif.py:401: UserWarning: crystal system 'triclinic' is not interpreted for space group Spacegroup(1, setting=1). This may result in wrong setting!
  warnings.warn(
==============================
*** Open Babel Warning  in PerceiveBondOrders
  Failed to kekulize aromatic bonds in OBMol::PerceiveBondOrders (title is /home/zhangsd/repos/MOFSNN/CGCNN_MT/data/CoREMOF2019/clean_cifs/KULMIP_clean)

/opt/share/miniconda3/envs/mofmthnn/lib/python3.9/site-packages/pymatgen/io/cif.py:1229: UserWarning: Issues encountered while parsing CIF: 4 fractional coordinates rounded to ideal values to avoid issues with finite precision.
  warnings.warn("Issues encountered while parsing CIF: " + "\n".join(self.warnings))
/opt/share/miniconda3/envs/mofmthnn/lib/python3.9/site-packages/pymatgen/io/cif.py:1229: UserWarning: Issues encountered while parsing CIF: 1 fractional coordinates rounded to ideal values to avoid issues with finite precision.
  warnings.warn("Issues encountered while parsing CIF: " + "\n".join(self.warnings))
==============================
*** Open Babel Warning  in PerceiveBondOrders
  Failed to kekulize aromatic bonds in OBMol::PerceiveBondOrders (title is /home/zhangsd/repos/MOFSNN/CGCNN_MT/data/CoREMOF2019/clean_cifs/QUVFAP_clean)

==============================
*** Open Babel Warning  in PerceiveBondOrders
  Failed to kekulize aromatic bonds in OBMol::PerceiveBondOrders (title is /home/zhangsd/repos/MOFSNN/CGCNN_MT/data/CoREMOF2019/clean_cifs/HEFDON_clean)

/opt/share/miniconda3/envs/mofmthnn/lib/python3.9/site-packages/ase/io/cif.py:401: UserWarning: crystal system 'triclinic' is not interpreted for space group Spacegroup(1, setting=1). This may result in wrong setting!
  warnings.warn(
/opt/share/miniconda3/envs/mofmthnn/lib/python3.9/site-packages/ase/io/cif.py:401: UserWarning: crystal system 'triclinic' is not interpreted for space group Spacegroup(1, setting=1). This may result in wrong setting!
  warnings.warn(
/opt/share/miniconda3/envs/mofmthnn/lib/python3.9/site-packages/ase/io/cif.py:401: UserWarning: crystal system 'triclinic' is not interpreted for space group Spacegroup(1, setting=1). This may result in wrong setting!
  warnings.warn(
==============================
*** Open Babel Warning  in PerceiveBondOrders
  Failed to kekulize aromatic bonds in OBMol::PerceiveBondOrders (title is /home/zhangsd/repos/MOFSNN/CGCNN_MT/data/CoREMOF2019/clean_cifs/HEFFEF_clean)

==============================
*** Open Babel Warning  in PerceiveBondOrders
  Failed to kekulize aromatic bonds in OBMol::PerceiveBondOrders (title is /home/zhangsd/repos/MOFSNN/CGCNN_MT/data/CoREMOF2019/clean_cifs/IHECAB_clean)

==============================
*** Open Babel Warning  in PerceiveBondOrders
  Failed to kekulize aromatic bonds in OBMol::PerceiveBondOrders (title is /home/zhangsd/repos/MOFSNN/CGCNN_MT/data/CoREMOF2019/clean_cifs/INESIE_clean)

/opt/share/miniconda3/envs/mofmthnn/lib/python3.9/site-packages/ase/io/cif.py:401: UserWarning: crystal system 'triclinic' is not interpreted for space group Spacegroup(1, setting=1). This may result in wrong setting!
  warnings.warn(
/opt/share/miniconda3/envs/mofmthnn/lib/python3.9/site-packages/pymatgen/io/cif.py:1229: UserWarning: Issues encountered while parsing CIF: 4 fractional coordinates rounded to ideal values to avoid issues with finite precision.
  warnings.warn("Issues encountered while parsing CIF: " + "\n".join(self.warnings))
==============================
*** Open Babel Warning  in PerceiveBondOrders
  Failed to kekulize aromatic bonds in OBMol::PerceiveBondOrders (title is /home/zhangsd/repos/MOFSNN/CGCNN_MT/data/CoREMOF2019/clean_cifs/ROTTOL_clean)

/opt/share/miniconda3/envs/mofmthnn/lib/python3.9/site-packages/ase/io/cif.py:401: UserWarning: crystal system 'triclinic' is not interpreted for space group Spacegroup(1, setting=1). This may result in wrong setting!
  warnings.warn(
==============================
*** Open Babel Warning  in PerceiveBondOrders
  Failed to kekulize aromatic bonds in OBMol::PerceiveBondOrders (title is /home/zhangsd/repos/MOFSNN/CGCNN_MT/data/CoREMOF2019/clean_cifs/XINWUO_clean)

==============================
*** Open Babel Warning  in PerceiveBondOrders
  Failed to kekulize aromatic bonds in OBMol::PerceiveBondOrders (title is /home/zhangsd/repos/MOFSNN/CGCNN_MT/data/CoREMOF2019/clean_cifs/COYCID_clean)

==============================
*** Open Babel Warning  in PerceiveBondOrders
  Failed to kekulize aromatic bonds in OBMol::PerceiveBondOrders (title is /home/zhangsd/repos/MOFSNN/CGCNN_MT/data/CoREMOF2019/clean_cifs/UGAPOI_clean)

/opt/share/miniconda3/envs/mofmthnn/lib/python3.9/site-packages/pymatgen/io/cif.py:1229: UserWarning: Issues encountered while parsing CIF: 1 fractional coordinates rounded to ideal values to avoid issues with finite precision.
  warnings.warn("Issues encountered while parsing CIF: " + "\n".join(self.warnings))
==============================
*** Open Babel Warning  in PerceiveBondOrders
  Failed to kekulize aromatic bonds in OBMol::PerceiveBondOrders (title is /home/zhangsd/repos/MOFSNN/CGCNN_MT/data/CoREMOF2019/clean_cifs/DEQVIF_clean)

==============================
*** Open Babel Warning  in PerceiveBondOrders
  Failed to kekulize aromatic bonds in OBMol::PerceiveBondOrders (title is /home/zhangsd/repos/MOFSNN/CGCNN_MT/data/CoREMOF2019/clean_cifs/EXURUM_clean)

==============================
*** Open Babel Warning  in PerceiveBondOrders
  Failed to kekulize aromatic bonds in OBMol::PerceiveBondOrders (title is /home/zhangsd/repos/MOFSNN/CGCNN_MT/data/CoREMOF2019/clean_cifs/UZUNAF01_clean)

==============================
*** Open Babel Warning  in PerceiveBondOrders
  Failed to kekulize aromatic bonds in OBMol::PerceiveBondOrders (title is /home/zhangsd/repos/MOFSNN/CGCNN_MT/data/CoREMOF2019/clean_cifs/XICVUB_clean)

==============================
*** Open Babel Warning  in PerceiveBondOrders
  Failed to kekulize aromatic bonds in OBMol::PerceiveBondOrders (title is /home/zhangsd/repos/MOFSNN/CGCNN_MT/data/CoREMOF2019/clean_cifs/CUQXUI_clean)

/opt/share/miniconda3/envs/mofmthnn/lib/python3.9/site-packages/pymatgen/io/cif.py:1229: UserWarning: Issues encountered while parsing CIF: 1 fractional coordinates rounded to ideal values to avoid issues with finite precision.
  warnings.warn("Issues encountered while parsing CIF: " + "\n".join(self.warnings))
/opt/share/miniconda3/envs/mofmthnn/lib/python3.9/site-packages/pymatgen/io/cif.py:1229: UserWarning: Issues encountered while parsing CIF: 16 fractional coordinates rounded to ideal values to avoid issues with finite precision.
  warnings.warn("Issues encountered while parsing CIF: " + "\n".join(self.warnings))
/opt/share/miniconda3/envs/mofmthnn/lib/python3.9/site-packages/pymatgen/io/cif.py:1229: UserWarning: Issues encountered while parsing CIF: 4 fractional coordinates rounded to ideal values to avoid issues with finite precision.
  warnings.warn("Issues encountered while parsing CIF: " + "\n".join(self.warnings))
/opt/share/miniconda3/envs/mofmthnn/lib/python3.9/site-packages/ase/io/cif.py:401: UserWarning: crystal system 'triclinic' is not interpreted for space group Spacegroup(1, setting=1). This may result in wrong setting!
  warnings.warn(
==============================
*** Open Babel Warning  in PerceiveBondOrders
  Failed to kekulize aromatic bonds in OBMol::PerceiveBondOrders (title is /home/zhangsd/repos/MOFSNN/CGCNN_MT/data/CoREMOF2019/clean_cifs/ASUJIJ_clean)

/opt/share/miniconda3/envs/mofmthnn/lib/python3.9/site-packages/pymatgen/io/cif.py:1229: UserWarning: Issues encountered while parsing CIF: 1 fractional coordinates rounded to ideal values to avoid issues with finite precision.
  warnings.warn("Issues encountered while parsing CIF: " + "\n".join(self.warnings))
==============================
*** Open Babel Warning  in PerceiveBondOrders
  Failed to kekulize aromatic bonds in OBMol::PerceiveBondOrders (title is /home/zhangsd/repos/MOFSNN/CGCNN_MT/data/CoREMOF2019/clean_cifs/WEHRIL_charged)

/opt/share/miniconda3/envs/mofmthnn/lib/python3.9/site-packages/ase/io/cif.py:401: UserWarning: crystal system 'triclinic' is not interpreted for space group Spacegroup(1, setting=1). This may result in wrong setting!
  warnings.warn(
==============================
*** Open Babel Warning  in PerceiveBondOrders
  Failed to kekulize aromatic bonds in OBMol::PerceiveBondOrders (title is /home/zhangsd/repos/MOFSNN/CGCNN_MT/data/CoREMOF2019/clean_cifs/NOQKUB_clean)

/opt/share/miniconda3/envs/mofmthnn/lib/python3.9/site-packages/ase/io/cif.py:401: UserWarning: crystal system 'triclinic' is not interpreted for space group Spacegroup(1, setting=1). This may result in wrong setting!
  warnings.warn(
==============================
*** Open Babel Warning  in PerceiveBondOrders
  Failed to kekulize aromatic bonds in OBMol::PerceiveBondOrders (title is /home/zhangsd/repos/MOFSNN/CGCNN_MT/data/CoREMOF2019/clean_cifs/PACYIE_clean)

/opt/share/miniconda3/envs/mofmthnn/lib/python3.9/site-packages/pymatgen/io/cif.py:1229: UserWarning: Issues encountered while parsing CIF: 2 fractional coordinates rounded to ideal values to avoid issues with finite precision.
  warnings.warn("Issues encountered while parsing CIF: " + "\n".join(self.warnings))
==============================
*** Open Babel Warning  in PerceiveBondOrders
  Failed to kekulize aromatic bonds in OBMol::PerceiveBondOrders (title is /home/zhangsd/repos/MOFSNN/CGCNN_MT/data/CoREMOF2019/clean_cifs/MATBAM_clean)

/opt/share/miniconda3/envs/mofmthnn/lib/python3.9/site-packages/ase/io/cif.py:401: UserWarning: crystal system 'triclinic' is not interpreted for space group Spacegroup(1, setting=1). This may result in wrong setting!
  warnings.warn(
==============================
*** Open Babel Warning  in PerceiveBondOrders
  Failed to kekulize aromatic bonds in OBMol::PerceiveBondOrders (title is /home/zhangsd/repos/MOFSNN/CGCNN_MT/data/CoREMOF2019/clean_cifs/ACOGEF_clean)

==============================
*** Open Babel Warning  in PerceiveBondOrders
  Failed to kekulize aromatic bonds in OBMol::PerceiveBondOrders (title is /home/zhangsd/repos/MOFSNN/CGCNN_MT/data/CoREMOF2019/clean_cifs/MAXHUP_clean)

==============================
*** Open Babel Warning  in PerceiveBondOrders
  Failed to kekulize aromatic bonds in OBMol::PerceiveBondOrders (title is /home/zhangsd/repos/MOFSNN/CGCNN_MT/data/CoREMOF2019/clean_cifs/NEVPOU_clean)

==============================
*** Open Babel Warning  in PerceiveBondOrders
  Failed to kekulize aromatic bonds in OBMol::PerceiveBondOrders (title is /home/zhangsd/repos/MOFSNN/CGCNN_MT/data/CoREMOF2019/clean_cifs/SUWQEI_clean)

==============================
*** Open Babel Warning  in PerceiveBondOrders
  Failed to kekulize aromatic bonds in OBMol::PerceiveBondOrders (title is /home/zhangsd/repos/MOFSNN/CGCNN_MT/data/CoREMOF2019/clean_cifs/LIWXIZ_clean)

==============================
*** Open Babel Warning  in PerceiveBondOrders
  Failed to kekulize aromatic bonds in OBMol::PerceiveBondOrders (title is /home/zhangsd/repos/MOFSNN/CGCNN_MT/data/CoREMOF2019/clean_cifs/LUFNEG_clean)

/opt/share/miniconda3/envs/mofmthnn/lib/python3.9/site-packages/pymatgen/io/cif.py:1229: UserWarning: Issues encountered while parsing CIF: 6 fractional coordinates rounded to ideal values to avoid issues with finite precision.
  warnings.warn("Issues encountered while parsing CIF: " + "\n".join(self.warnings))
/opt/share/miniconda3/envs/mofmthnn/lib/python3.9/site-packages/pymatgen/io/cif.py:1229: UserWarning: Issues encountered while parsing CIF: 2 fractional coordinates rounded to ideal values to avoid issues with finite precision.
  warnings.warn("Issues encountered while parsing CIF: " + "\n".join(self.warnings))
/opt/share/miniconda3/envs/mofmthnn/lib/python3.9/site-packages/pymatgen/io/cif.py:1229: UserWarning: Issues encountered while parsing CIF: 8 fractional coordinates rounded to ideal values to avoid issues with finite precision.
  warnings.warn("Issues encountered while parsing CIF: " + "\n".join(self.warnings))
/opt/share/miniconda3/envs/mofmthnn/lib/python3.9/site-packages/pymatgen/io/cif.py:1229: UserWarning: Issues encountered while parsing CIF: 2 fractional coordinates rounded to ideal values to avoid issues with finite precision.
  warnings.warn("Issues encountered while parsing CIF: " + "\n".join(self.warnings))
/opt/share/miniconda3/envs/mofmthnn/lib/python3.9/site-packages/ase/io/cif.py:401: UserWarning: crystal system 'triclinic' is not interpreted for space group Spacegroup(1, setting=1). This may result in wrong setting!
  warnings.warn(
==============================
*** Open Babel Warning  in PerceiveBondOrders
  Failed to kekulize aromatic bonds in OBMol::PerceiveBondOrders (title is /home/zhangsd/repos/MOFSNN/CGCNN_MT/data/CoREMOF2019/clean_cifs/CUKZOY_clean)

/opt/share/miniconda3/envs/mofmthnn/lib/python3.9/site-packages/pymatgen/io/cif.py:1229: UserWarning: Issues encountered while parsing CIF: 2 fractional coordinates rounded to ideal values to avoid issues with finite precision.
  warnings.warn("Issues encountered while parsing CIF: " + "\n".join(self.warnings))
==============================
*** Open Babel Warning  in PerceiveBondOrders
  Failed to kekulize aromatic bonds in OBMol::PerceiveBondOrders (title is /home/zhangsd/repos/MOFSNN/CGCNN_MT/data/CoREMOF2019/clean_cifs/PAPPIH_clean)

==============================
*** Open Babel Warning  in PerceiveBondOrders
  Failed to kekulize aromatic bonds in OBMol::PerceiveBondOrders (title is /home/zhangsd/repos/MOFSNN/CGCNN_MT/data/CoREMOF2019/clean_cifs/OZUKUR_clean)

==============================
*** Open Babel Warning  in PerceiveBondOrders
  Failed to kekulize aromatic bonds in OBMol::PerceiveBondOrders (title is /home/zhangsd/repos/MOFSNN/CGCNN_MT/data/CoREMOF2019/clean_cifs/GOYYEA_clean)

==============================
*** Open Babel Warning  in PerceiveBondOrders
  Failed to kekulize aromatic bonds in OBMol::PerceiveBondOrders (title is /home/zhangsd/repos/MOFSNN/CGCNN_MT/data/CoREMOF2019/clean_cifs/VALZIU_clean)

/opt/share/miniconda3/envs/mofmthnn/lib/python3.9/site-packages/pymatgen/io/cif.py:1229: UserWarning: Issues encountered while parsing CIF: 4 fractional coordinates rounded to ideal values to avoid issues with finite precision.
  warnings.warn("Issues encountered while parsing CIF: " + "\n".join(self.warnings))
==============================
*** Open Babel Warning  in PerceiveBondOrders
  Failed to kekulize aromatic bonds in OBMol::PerceiveBondOrders (title is /home/zhangsd/repos/MOFSNN/CGCNN_MT/data/CoREMOF2019/clean_cifs/ja507269n_si_003_clean)

==============================
*** Open Babel Warning  in PerceiveBondOrders
  Failed to kekulize aromatic bonds in OBMol::PerceiveBondOrders (title is /home/zhangsd/repos/MOFSNN/CGCNN_MT/data/CoREMOF2019/clean_cifs/ic500905z_si_002_clean)

/opt/share/miniconda3/envs/mofmthnn/lib/python3.9/site-packages/ase/io/cif.py:401: UserWarning: crystal system 'triclinic' is not interpreted for space group Spacegroup(1, setting=1). This may result in wrong setting!
  warnings.warn(
==============================
*** Open Babel Warning  in PerceiveBondOrders
  Failed to kekulize aromatic bonds in OBMol::PerceiveBondOrders (title is /home/zhangsd/repos/MOFSNN/CGCNN_MT/data/CoREMOF2019/clean_cifs/TUMDAI_clean)

==============================
*** Open Babel Warning  in PerceiveBondOrders
  Failed to kekulize aromatic bonds in OBMol::PerceiveBondOrders (title is /home/zhangsd/repos/MOFSNN/CGCNN_MT/data/CoREMOF2019/clean_cifs/WAVQUH_clean)

==============================
*** Open Babel Warning  in PerceiveBondOrders
  Failed to kekulize aromatic bonds in OBMol::PerceiveBondOrders (title is /home/zhangsd/repos/MOFSNN/CGCNN_MT/data/CoREMOF2019/clean_cifs/HETZOW_clean)

==============================
*** Open Babel Warning  in PerceiveBondOrders
  Failed to kekulize aromatic bonds in OBMol::PerceiveBondOrders (title is /home/zhangsd/repos/MOFSNN/CGCNN_MT/data/CoREMOF2019/clean_cifs/KOKSIO_clean)

/opt/share/miniconda3/envs/mofmthnn/lib/python3.9/site-packages/ase/io/cif.py:401: UserWarning: crystal system 'triclinic' is not interpreted for space group Spacegroup(1, setting=1). This may result in wrong setting!
  warnings.warn(
/opt/share/miniconda3/envs/mofmthnn/lib/python3.9/site-packages/pymatgen/io/cif.py:1229: UserWarning: Issues encountered while parsing CIF: 1 fractional coordinates rounded to ideal values to avoid issues with finite precision.
  warnings.warn("Issues encountered while parsing CIF: " + "\n".join(self.warnings))
==============================
*** Open Babel Warning  in PerceiveBondOrders
  Failed to kekulize aromatic bonds in OBMol::PerceiveBondOrders (title is /home/zhangsd/repos/MOFSNN/CGCNN_MT/data/CoREMOF2019/clean_cifs/HOBGIP_clean)

/opt/share/miniconda3/envs/mofmthnn/lib/python3.9/site-packages/ase/io/cif.py:401: UserWarning: crystal system 'triclinic' is not interpreted for space group Spacegroup(1, setting=1). This may result in wrong setting!
  warnings.warn(
==============================
*** Open Babel Warning  in PerceiveBondOrders
  Failed to kekulize aromatic bonds in OBMol::PerceiveBondOrders (title is /home/zhangsd/repos/MOFSNN/CGCNN_MT/data/CoREMOF2019/clean_cifs/DAJHUS_clean)

==============================
*** Open Babel Warning  in PerceiveBondOrders
  Failed to kekulize aromatic bonds in OBMol::PerceiveBondOrders (title is /home/zhangsd/repos/MOFSNN/CGCNN_MT/data/CoREMOF2019/clean_cifs/MODPEA_charged)

==============================
*** Open Babel Warning  in PerceiveBondOrders
  Failed to kekulize aromatic bonds in OBMol::PerceiveBondOrders (title is /home/zhangsd/repos/MOFSNN/CGCNN_MT/data/CoREMOF2019/clean_cifs/MEBMEM01_clean)

==============================
*** Open Babel Warning  in PerceiveBondOrders
  Failed to kekulize aromatic bonds in OBMol::PerceiveBondOrders (title is /home/zhangsd/repos/MOFSNN/CGCNN_MT/data/CoREMOF2019/clean_cifs/IBICED_clean)

/opt/share/miniconda3/envs/mofmthnn/lib/python3.9/site-packages/pymatgen/io/cif.py:1229: UserWarning: Issues encountered while parsing CIF: 16 fractional coordinates rounded to ideal values to avoid issues with finite precision.
  warnings.warn("Issues encountered while parsing CIF: " + "\n".join(self.warnings))
/opt/share/miniconda3/envs/mofmthnn/lib/python3.9/site-packages/ase/io/cif.py:401: UserWarning: crystal system 'triclinic' is not interpreted for space group Spacegroup(1, setting=1). This may result in wrong setting!
  warnings.warn(
==============================
*** Open Babel Warning  in PerceiveBondOrders
  Failed to kekulize aromatic bonds in OBMol::PerceiveBondOrders (title is /home/zhangsd/repos/MOFSNN/CGCNN_MT/data/CoREMOF2019/clean_cifs/ABAVIJ_clean)

==============================
*** Open Babel Warning  in PerceiveBondOrders
  Failed to kekulize aromatic bonds in OBMol::PerceiveBondOrders (title is /home/zhangsd/repos/MOFSNN/CGCNN_MT/data/CoREMOF2019/clean_cifs/OCIMOF_clean)

/opt/share/miniconda3/envs/mofmthnn/lib/python3.9/site-packages/pymatgen/io/cif.py:1229: UserWarning: Issues encountered while parsing CIF: 4 fractional coordinates rounded to ideal values to avoid issues with finite precision.
  warnings.warn("Issues encountered while parsing CIF: " + "\n".join(self.warnings))
==============================
*** Open Babel Warning  in PerceiveBondOrders
  Failed to kekulize aromatic bonds in OBMol::PerceiveBondOrders (title is /home/zhangsd/repos/MOFSNN/CGCNN_MT/data/CoREMOF2019/clean_cifs/YIJYUN_clean)

/opt/share/miniconda3/envs/mofmthnn/lib/python3.9/site-packages/ase/io/cif.py:401: UserWarning: crystal system 'triclinic' is not interpreted for space group Spacegroup(1, setting=1). This may result in wrong setting!
  warnings.warn(
==============================
*** Open Babel Warning  in PerceiveBondOrders
  Failed to kekulize aromatic bonds in OBMol::PerceiveBondOrders (title is /home/zhangsd/repos/MOFSNN/CGCNN_MT/data/CoREMOF2019/clean_cifs/TEJGEW_clean)

/opt/share/miniconda3/envs/mofmthnn/lib/python3.9/site-packages/ase/io/cif.py:401: UserWarning: crystal system 'triclinic' is not interpreted for space group Spacegroup(1, setting=1). This may result in wrong setting!
  warnings.warn(
/opt/share/miniconda3/envs/mofmthnn/lib/python3.9/site-packages/pymatgen/io/cif.py:1229: UserWarning: Issues encountered while parsing CIF: 8 fractional coordinates rounded to ideal values to avoid issues with finite precision.
  warnings.warn("Issues encountered while parsing CIF: " + "\n".join(self.warnings))
/opt/share/miniconda3/envs/mofmthnn/lib/python3.9/site-packages/pymatgen/io/cif.py:1229: UserWarning: Issues encountered while parsing CIF: 4 fractional coordinates rounded to ideal values to avoid issues with finite precision.
  warnings.warn("Issues encountered while parsing CIF: " + "\n".join(self.warnings))
==============================
*** Open Babel Warning  in PerceiveBondOrders
  Failed to kekulize aromatic bonds in OBMol::PerceiveBondOrders (title is /home/zhangsd/repos/MOFSNN/CGCNN_MT/data/CoREMOF2019/clean_cifs/LIRVAK_charged)

/opt/share/miniconda3/envs/mofmthnn/lib/python3.9/site-packages/pymatgen/io/cif.py:1229: UserWarning: Issues encountered while parsing CIF: 4 fractional coordinates rounded to ideal values to avoid issues with finite precision.
  warnings.warn("Issues encountered while parsing CIF: " + "\n".join(self.warnings))
==============================
*** Open Babel Warning  in PerceiveBondOrders
  Failed to kekulize aromatic bonds in OBMol::PerceiveBondOrders (title is /home/zhangsd/repos/MOFSNN/CGCNN_MT/data/CoREMOF2019/clean_cifs/AZOHEC_clean)

/opt/share/miniconda3/envs/mofmthnn/lib/python3.9/site-packages/ase/io/cif.py:401: UserWarning: crystal system 'triclinic' is not interpreted for space group Spacegroup(1, setting=1). This may result in wrong setting!
  warnings.warn(
==============================
*** Open Babel Warning  in PerceiveBondOrders
  Failed to kekulize aromatic bonds in OBMol::PerceiveBondOrders (title is /home/zhangsd/repos/MOFSNN/CGCNN_MT/data/CoREMOF2019/clean_cifs/CICSOW01_clean)

/opt/share/miniconda3/envs/mofmthnn/lib/python3.9/site-packages/ase/io/cif.py:401: UserWarning: crystal system 'triclinic' is not interpreted for space group Spacegroup(1, setting=1). This may result in wrong setting!
  warnings.warn(
==============================
*** Open Babel Warning  in PerceiveBondOrders
  Failed to kekulize aromatic bonds in OBMol::PerceiveBondOrders (title is /home/zhangsd/repos/MOFSNN/CGCNN_MT/data/CoREMOF2019/clean_cifs/OTODIM_clean)

==============================
*** Open Babel Warning  in PerceiveBondOrders
  Failed to kekulize aromatic bonds in OBMol::PerceiveBondOrders (title is /home/zhangsd/repos/MOFSNN/CGCNN_MT/data/CoREMOF2019/clean_cifs/WOLROF_clean)

==============================
*** Open Babel Warning  in PerceiveBondOrders
  Failed to kekulize aromatic bonds in OBMol::PerceiveBondOrders (title is /home/zhangsd/repos/MOFSNN/CGCNN_MT/data/CoREMOF2019/clean_cifs/ROBWAH_clean)

==============================
*** Open Babel Warning  in PerceiveBondOrders
  Failed to kekulize aromatic bonds in OBMol::PerceiveBondOrders (title is /home/zhangsd/repos/MOFSNN/CGCNN_MT/data/CoREMOF2019/clean_cifs/ASAJOU_clean)

==============================
*** Open Babel Warning  in PerceiveBondOrders
  Failed to kekulize aromatic bonds in OBMol::PerceiveBondOrders (title is /home/zhangsd/repos/MOFSNN/CGCNN_MT/data/CoREMOF2019/clean_cifs/FODCEI_clean)

==============================
*** Open Babel Warning  in PerceiveBondOrders
  Failed to kekulize aromatic bonds in OBMol::PerceiveBondOrders (title is /home/zhangsd/repos/MOFSNN/CGCNN_MT/data/CoREMOF2019/clean_cifs/IJODES_clean)

==============================
*** Open Babel Warning  in PerceiveBondOrders
  Failed to kekulize aromatic bonds in OBMol::PerceiveBondOrders (title is /home/zhangsd/repos/MOFSNN/CGCNN_MT/data/CoREMOF2019/clean_cifs/EZUCOS_SL)

/opt/share/miniconda3/envs/mofmthnn/lib/python3.9/site-packages/pymatgen/io/cif.py:1229: UserWarning: Issues encountered while parsing CIF: 20 fractional coordinates rounded to ideal values to avoid issues with finite precision.
  warnings.warn("Issues encountered while parsing CIF: " + "\n".join(self.warnings))
/opt/share/miniconda3/envs/mofmthnn/lib/python3.9/site-packages/pymatgen/io/cif.py:1229: UserWarning: Issues encountered while parsing CIF: 2 fractional coordinates rounded to ideal values to avoid issues with finite precision.
  warnings.warn("Issues encountered while parsing CIF: " + "\n".join(self.warnings))
/opt/share/miniconda3/envs/mofmthnn/lib/python3.9/site-packages/pymatgen/io/cif.py:1229: UserWarning: Issues encountered while parsing CIF: 1 fractional coordinates rounded to ideal values to avoid issues with finite precision.
  warnings.warn("Issues encountered while parsing CIF: " + "\n".join(self.warnings))
==============================
*** Open Babel Warning  in PerceiveBondOrders
  Failed to kekulize aromatic bonds in OBMol::PerceiveBondOrders (title is /home/zhangsd/repos/MOFSNN/CGCNN_MT/data/CoREMOF2019/clean_cifs/ZUHSEC_clean)

==============================
*** Open Babel Warning  in PerceiveBondOrders
  Failed to kekulize aromatic bonds in OBMol::PerceiveBondOrders (title is /home/zhangsd/repos/MOFSNN/CGCNN_MT/data/CoREMOF2019/clean_cifs/KEJBOQ_clean_h)

==============================
*** Open Babel Warning  in PerceiveBondOrders
  Failed to kekulize aromatic bonds in OBMol::PerceiveBondOrders (title is /home/zhangsd/repos/MOFSNN/CGCNN_MT/data/CoREMOF2019/clean_cifs/BAKLIK_clean)

==============================
*** Open Babel Warning  in PerceiveBondOrders
  Failed to kekulize aromatic bonds in OBMol::PerceiveBondOrders (title is /home/zhangsd/repos/MOFSNN/CGCNN_MT/data/CoREMOF2019/clean_cifs/AYAWEE_clean)

/opt/share/miniconda3/envs/mofmthnn/lib/python3.9/site-packages/pymatgen/io/cif.py:1229: UserWarning: Issues encountered while parsing CIF: 6 fractional coordinates rounded to ideal values to avoid issues with finite precision.
  warnings.warn("Issues encountered while parsing CIF: " + "\n".join(self.warnings))
==============================
*** Open Babel Warning  in PerceiveBondOrders
  Failed to kekulize aromatic bonds in OBMol::PerceiveBondOrders (title is /home/zhangsd/repos/MOFSNN/CGCNN_MT/data/CoREMOF2019/clean_cifs/XISPUM01_clean)

==============================
*** Open Babel Warning  in PerceiveBondOrders
  Failed to kekulize aromatic bonds in OBMol::PerceiveBondOrders (title is /home/zhangsd/repos/MOFSNN/CGCNN_MT/data/CoREMOF2019/clean_cifs/SOBTUY_clean)

==============================
*** Open Babel Warning  in PerceiveBondOrders
  Failed to kekulize aromatic bonds in OBMol::PerceiveBondOrders (title is /home/zhangsd/repos/MOFSNN/CGCNN_MT/data/CoREMOF2019/clean_cifs/HEDCEA_clean)

==============================
*** Open Babel Warning  in PerceiveBondOrders
  Failed to kekulize aromatic bonds in OBMol::PerceiveBondOrders (title is /home/zhangsd/repos/MOFSNN/CGCNN_MT/data/CoREMOF2019/clean_cifs/LACYIA_clean)

==============================
*** Open Babel Warning  in PerceiveBondOrders
  Failed to kekulize aromatic bonds in OBMol::PerceiveBondOrders (title is /home/zhangsd/repos/MOFSNN/CGCNN_MT/data/CoREMOF2019/clean_cifs/CAZNOI_charged)

/opt/share/miniconda3/envs/mofmthnn/lib/python3.9/site-packages/pymatgen/io/cif.py:1229: UserWarning: Issues encountered while parsing CIF: 4 fractional coordinates rounded to ideal values to avoid issues with finite precision.
  warnings.warn("Issues encountered while parsing CIF: " + "\n".join(self.warnings))
==============================
*** Open Babel Warning  in PerceiveBondOrders
  Failed to kekulize aromatic bonds in OBMol::PerceiveBondOrders (title is /home/zhangsd/repos/MOFSNN/CGCNN_MT/data/CoREMOF2019/clean_cifs/XICDUI_charged)

==============================
*** Open Babel Warning  in PerceiveBondOrders
  Failed to kekulize aromatic bonds in OBMol::PerceiveBondOrders (title is /home/zhangsd/repos/MOFSNN/CGCNN_MT/data/CoREMOF2019/clean_cifs/ETAXIH_clean)

/opt/share/miniconda3/envs/mofmthnn/lib/python3.9/site-packages/pymatgen/io/cif.py:1229: UserWarning: Issues encountered while parsing CIF: 9 fractional coordinates rounded to ideal values to avoid issues with finite precision.
  warnings.warn("Issues encountered while parsing CIF: " + "\n".join(self.warnings))
==============================
*** Open Babel Warning  in PerceiveBondOrders
  Failed to kekulize aromatic bonds in OBMol::PerceiveBondOrders (title is /home/zhangsd/repos/MOFSNN/CGCNN_MT/data/CoREMOF2019/clean_cifs/BIBMIK_clean)

==============================
*** Open Babel Warning  in PerceiveBondOrders
  Failed to kekulize aromatic bonds in OBMol::PerceiveBondOrders (title is /home/zhangsd/repos/MOFSNN/CGCNN_MT/data/CoREMOF2019/clean_cifs/cg401858s_si_002_clean)

/opt/share/miniconda3/envs/mofmthnn/lib/python3.9/site-packages/pymatgen/io/cif.py:1229: UserWarning: Issues encountered while parsing CIF: 2 fractional coordinates rounded to ideal values to avoid issues with finite precision.
  warnings.warn("Issues encountered while parsing CIF: " + "\n".join(self.warnings))
/opt/share/miniconda3/envs/mofmthnn/lib/python3.9/site-packages/pymatgen/io/cif.py:1229: UserWarning: Issues encountered while parsing CIF: 12 fractional coordinates rounded to ideal values to avoid issues with finite precision.
  warnings.warn("Issues encountered while parsing CIF: " + "\n".join(self.warnings))
==============================
*** Open Babel Warning  in PerceiveBondOrders
  Failed to kekulize aromatic bonds in OBMol::PerceiveBondOrders (title is /home/zhangsd/repos/MOFSNN/CGCNN_MT/data/CoREMOF2019/clean_cifs/BEPNER_clean)

/opt/share/miniconda3/envs/mofmthnn/lib/python3.9/site-packages/pymatgen/io/cif.py:1229: UserWarning: Issues encountered while parsing CIF: 32 fractional coordinates rounded to ideal values to avoid issues with finite precision.
  warnings.warn("Issues encountered while parsing CIF: " + "\n".join(self.warnings))
==============================
*** Open Babel Warning  in PerceiveBondOrders
  Failed to kekulize aromatic bonds in OBMol::PerceiveBondOrders (title is /home/zhangsd/repos/MOFSNN/CGCNN_MT/data/CoREMOF2019/clean_cifs/MUNDAC_clean)

/opt/share/miniconda3/envs/mofmthnn/lib/python3.9/site-packages/ase/io/cif.py:401: UserWarning: crystal system 'triclinic' is not interpreted for space group Spacegroup(1, setting=1). This may result in wrong setting!
  warnings.warn(
==============================
*** Open Babel Warning  in PerceiveBondOrders
  Failed to kekulize aromatic bonds in OBMol::PerceiveBondOrders (title is /home/zhangsd/repos/MOFSNN/CGCNN_MT/data/CoREMOF2019/clean_cifs/FOVPOX_clean)

==============================
*** Open Babel Warning  in PerceiveBondOrders
  Failed to kekulize aromatic bonds in OBMol::PerceiveBondOrders (title is /home/zhangsd/repos/MOFSNN/CGCNN_MT/data/CoREMOF2019/clean_cifs/SIVSOH_clean)

==============================
*** Open Babel Warning  in PerceiveBondOrders
  Failed to kekulize aromatic bonds in OBMol::PerceiveBondOrders (title is /home/zhangsd/repos/MOFSNN/CGCNN_MT/data/CoREMOF2019/clean_cifs/LIJXEI_clean)

==============================
*** Open Babel Warning  in PerceiveBondOrders
  Failed to kekulize aromatic bonds in OBMol::PerceiveBondOrders (title is /home/zhangsd/repos/MOFSNN/CGCNN_MT/data/CoREMOF2019/clean_cifs/PEPBAO_clean)

==============================
*** Open Babel Warning  in PerceiveBondOrders
  Failed to kekulize aromatic bonds in OBMol::PerceiveBondOrders (title is /home/zhangsd/repos/MOFSNN/CGCNN_MT/data/CoREMOF2019/clean_cifs/JUPBUT_clean)

/opt/share/miniconda3/envs/mofmthnn/lib/python3.9/site-packages/pymatgen/io/cif.py:1229: UserWarning: Issues encountered while parsing CIF: 4 fractional coordinates rounded to ideal values to avoid issues with finite precision.
  warnings.warn("Issues encountered while parsing CIF: " + "\n".join(self.warnings))
==============================
*** Open Babel Warning  in PerceiveBondOrders
  Failed to kekulize aromatic bonds in OBMol::PerceiveBondOrders (title is /home/zhangsd/repos/MOFSNN/CGCNN_MT/data/CoREMOF2019/clean_cifs/ZIYQAB_clean)

==============================
*** Open Babel Warning  in PerceiveBondOrders
  Failed to kekulize aromatic bonds in OBMol::PerceiveBondOrders (title is /home/zhangsd/repos/MOFSNN/CGCNN_MT/data/CoREMOF2019/clean_cifs/HOJLEY_clean)

==============================
*** Open Babel Warning  in PerceiveBondOrders
  Failed to kekulize aromatic bonds in OBMol::PerceiveBondOrders (title is /home/zhangsd/repos/MOFSNN/CGCNN_MT/data/CoREMOF2019/clean_cifs/NEHMUJ_clean)

==============================
*** Open Babel Warning  in PerceiveBondOrders
  Failed to kekulize aromatic bonds in OBMol::PerceiveBondOrders (title is /home/zhangsd/repos/MOFSNN/CGCNN_MT/data/CoREMOF2019/clean_cifs/MODNAU_charged)

/opt/share/miniconda3/envs/mofmthnn/lib/python3.9/site-packages/pymatgen/io/cif.py:1229: UserWarning: Issues encountered while parsing CIF: 1 fractional coordinates rounded to ideal values to avoid issues with finite precision.
  warnings.warn("Issues encountered while parsing CIF: " + "\n".join(self.warnings))
/opt/share/miniconda3/envs/mofmthnn/lib/python3.9/site-packages/ase/io/cif.py:401: UserWarning: crystal system 'triclinic' is not interpreted for space group Spacegroup(1, setting=1). This may result in wrong setting!
  warnings.warn(
==============================
*** Open Babel Warning  in PerceiveBondOrders
  Failed to kekulize aromatic bonds in OBMol::PerceiveBondOrders (title is /home/zhangsd/repos/MOFSNN/CGCNN_MT/data/CoREMOF2019/clean_cifs/ja507269n_si_002_clean)

==============================
*** Open Babel Warning  in PerceiveBondOrders
  Failed to kekulize aromatic bonds in OBMol::PerceiveBondOrders (title is /home/zhangsd/repos/MOFSNN/CGCNN_MT/data/CoREMOF2019/clean_cifs/XANMUX04_clean)

/opt/share/miniconda3/envs/mofmthnn/lib/python3.9/site-packages/pymatgen/io/cif.py:1229: UserWarning: Issues encountered while parsing CIF: 1 fractional coordinates rounded to ideal values to avoid issues with finite precision.
  warnings.warn("Issues encountered while parsing CIF: " + "\n".join(self.warnings))
==============================
*** Open Babel Warning  in PerceiveBondOrders
  Failed to kekulize aromatic bonds in OBMol::PerceiveBondOrders (title is /home/zhangsd/repos/MOFSNN/CGCNN_MT/data/CoREMOF2019/clean_cifs/RIFMIE_clean)

/opt/share/miniconda3/envs/mofmthnn/lib/python3.9/site-packages/ase/io/cif.py:401: UserWarning: crystal system 'triclinic' is not interpreted for space group Spacegroup(1, setting=1). This may result in wrong setting!
  warnings.warn(
==============================
*** Open Babel Warning  in PerceiveBondOrders
  Failed to kekulize aromatic bonds in OBMol::PerceiveBondOrders (title is /home/zhangsd/repos/MOFSNN/CGCNN_MT/data/CoREMOF2019/clean_cifs/ADOBEB_charged)

/opt/share/miniconda3/envs/mofmthnn/lib/python3.9/site-packages/pymatgen/io/cif.py:1229: UserWarning: Issues encountered while parsing CIF: 8 fractional coordinates rounded to ideal values to avoid issues with finite precision.
  warnings.warn("Issues encountered while parsing CIF: " + "\n".join(self.warnings))
==============================
*** Open Babel Warning  in PerceiveBondOrders
  Failed to kekulize aromatic bonds in OBMol::PerceiveBondOrders (title is /home/zhangsd/repos/MOFSNN/CGCNN_MT/data/CoREMOF2019/clean_cifs/DAWDAI_clean)

/opt/share/miniconda3/envs/mofmthnn/lib/python3.9/site-packages/ase/io/cif.py:401: UserWarning: crystal system 'triclinic' is not interpreted for space group Spacegroup(1, setting=1). This may result in wrong setting!
  warnings.warn(
==============================
*** Open Babel Warning  in PerceiveBondOrders
  Failed to kekulize aromatic bonds in OBMol::PerceiveBondOrders (title is /home/zhangsd/repos/MOFSNN/CGCNN_MT/data/CoREMOF2019/clean_cifs/FEXCES_clean)

==============================
*** Open Babel Warning  in PerceiveBondOrders
  Failed to kekulize aromatic bonds in OBMol::PerceiveBondOrders (title is /home/zhangsd/repos/MOFSNN/CGCNN_MT/data/CoREMOF2019/clean_cifs/SUKNOC_charged)

/opt/share/miniconda3/envs/mofmthnn/lib/python3.9/site-packages/pymatgen/io/cif.py:1229: UserWarning: Issues encountered while parsing CIF: 4 fractional coordinates rounded to ideal values to avoid issues with finite precision.
  warnings.warn("Issues encountered while parsing CIF: " + "\n".join(self.warnings))
==============================
*** Open Babel Warning  in PerceiveBondOrders
  Failed to kekulize aromatic bonds in OBMol::PerceiveBondOrders (title is /home/zhangsd/repos/MOFSNN/CGCNN_MT/data/CoREMOF2019/clean_cifs/ECAHAT_clean)

/opt/share/miniconda3/envs/mofmthnn/lib/python3.9/site-packages/ase/io/cif.py:401: UserWarning: crystal system 'triclinic' is not interpreted for space group Spacegroup(1, setting=1). This may result in wrong setting!
  warnings.warn(
==============================
*** Open Babel Warning  in PerceiveBondOrders
  Failed to kekulize aromatic bonds in OBMol::PerceiveBondOrders (title is /home/zhangsd/repos/MOFSNN/CGCNN_MT/data/CoREMOF2019/clean_cifs/XODPUD_clean)

/opt/share/miniconda3/envs/mofmthnn/lib/python3.9/site-packages/pymatgen/io/cif.py:1229: UserWarning: Issues encountered while parsing CIF: 20 fractional coordinates rounded to ideal values to avoid issues with finite precision.
  warnings.warn("Issues encountered while parsing CIF: " + "\n".join(self.warnings))
==============================
*** Open Babel Warning  in PerceiveBondOrders
  Failed to kekulize aromatic bonds in OBMol::PerceiveBondOrders (title is /home/zhangsd/repos/MOFSNN/CGCNN_MT/data/CoREMOF2019/clean_cifs/MABLAD_clean)

==============================
*** Open Babel Warning  in PerceiveBondOrders
  Failed to kekulize aromatic bonds in OBMol::PerceiveBondOrders (title is /home/zhangsd/repos/MOFSNN/CGCNN_MT/data/CoREMOF2019/clean_cifs/CUQROX_clean)

==============================
*** Open Babel Warning  in PerceiveBondOrders
  Failed to kekulize aromatic bonds in OBMol::PerceiveBondOrders (title is /home/zhangsd/repos/MOFSNN/CGCNN_MT/data/CoREMOF2019/clean_cifs/FUVDEH07_clean)

==============================
*** Open Babel Warning  in PerceiveBondOrders
  Failed to kekulize aromatic bonds in OBMol::PerceiveBondOrders (title is /home/zhangsd/repos/MOFSNN/CGCNN_MT/data/CoREMOF2019/clean_cifs/RUGXIB_clean)

==============================
*** Open Babel Warning  in PerceiveBondOrders
  Failed to kekulize aromatic bonds in OBMol::PerceiveBondOrders (title is /home/zhangsd/repos/MOFSNN/CGCNN_MT/data/CoREMOF2019/clean_cifs/QUQYUY_clean)

==============================
*** Open Babel Warning  in PerceiveBondOrders
  Failed to kekulize aromatic bonds in OBMol::PerceiveBondOrders (title is /home/zhangsd/repos/MOFSNN/CGCNN_MT/data/CoREMOF2019/clean_cifs/ECAHEX_clean)

==============================
*** Open Babel Warning  in PerceiveBondOrders
  Failed to kekulize aromatic bonds in OBMol::PerceiveBondOrders (title is /home/zhangsd/repos/MOFSNN/CGCNN_MT/data/CoREMOF2019/clean_cifs/ALUREF_clean)

==============================
*** Open Babel Warning  in PerceiveBondOrders
  Failed to kekulize aromatic bonds in OBMol::PerceiveBondOrders (title is /home/zhangsd/repos/MOFSNN/CGCNN_MT/data/CoREMOF2019/clean_cifs/REYPIW_clean)

==============================
*** Open Babel Warning  in PerceiveBondOrders
  Failed to kekulize aromatic bonds in OBMol::PerceiveBondOrders (title is /home/zhangsd/repos/MOFSNN/CGCNN_MT/data/CoREMOF2019/clean_cifs/ECODEG_clean)

/opt/share/miniconda3/envs/mofmthnn/lib/python3.9/site-packages/ase/io/cif.py:401: UserWarning: crystal system 'triclinic' is not interpreted for space group Spacegroup(1, setting=1). This may result in wrong setting!
  warnings.warn(
/opt/share/miniconda3/envs/mofmthnn/lib/python3.9/site-packages/ase/io/cif.py:401: UserWarning: crystal system 'triclinic' is not interpreted for space group Spacegroup(1, setting=1). This may result in wrong setting!
  warnings.warn(
/opt/share/miniconda3/envs/mofmthnn/lib/python3.9/site-packages/ase/io/cif.py:401: UserWarning: crystal system 'triclinic' is not interpreted for space group Spacegroup(1, setting=1). This may result in wrong setting!
  warnings.warn(
==============================
*** Open Babel Warning  in PerceiveBondOrders
  Failed to kekulize aromatic bonds in OBMol::PerceiveBondOrders (title is /home/zhangsd/repos/MOFSNN/CGCNN_MT/data/CoREMOF2019/clean_cifs/EJEFOP_clean)

/opt/share/miniconda3/envs/mofmthnn/lib/python3.9/site-packages/ase/io/cif.py:401: UserWarning: crystal system 'triclinic' is not interpreted for space group Spacegroup(1, setting=1). This may result in wrong setting!
  warnings.warn(
/opt/share/miniconda3/envs/mofmthnn/lib/python3.9/site-packages/pymatgen/io/cif.py:1229: UserWarning: Issues encountered while parsing CIF: 14 fractional coordinates rounded to ideal values to avoid issues with finite precision.
  warnings.warn("Issues encountered while parsing CIF: " + "\n".join(self.warnings))
==============================
*** Open Babel Warning  in PerceiveBondOrders
  Failed to kekulize aromatic bonds in OBMol::PerceiveBondOrders (title is /home/zhangsd/repos/MOFSNN/CGCNN_MT/data/CoREMOF2019/clean_cifs/DIDBAV_clean)

==============================
*** Open Babel Warning  in PerceiveBondOrders
  Failed to kekulize aromatic bonds in OBMol::PerceiveBondOrders (title is /home/zhangsd/repos/MOFSNN/CGCNN_MT/data/CoREMOF2019/clean_cifs/TIGSOT_clean)

/opt/share/miniconda3/envs/mofmthnn/lib/python3.9/site-packages/pymatgen/io/cif.py:1229: UserWarning: Issues encountered while parsing CIF: 4 fractional coordinates rounded to ideal values to avoid issues with finite precision.
  warnings.warn("Issues encountered while parsing CIF: " + "\n".join(self.warnings))
==============================
*** Open Babel Warning  in PerceiveBondOrders
  Failed to kekulize aromatic bonds in OBMol::PerceiveBondOrders (title is /home/zhangsd/repos/MOFSNN/CGCNN_MT/data/CoREMOF2019/clean_cifs/XOVXAI_clean)

==============================
*** Open Babel Warning  in PerceiveBondOrders
  Failed to kekulize aromatic bonds in OBMol::PerceiveBondOrders (title is /home/zhangsd/repos/MOFSNN/CGCNN_MT/data/CoREMOF2019/clean_cifs/MUFYAP_clean)

==============================
*** Open Babel Warning  in PerceiveBondOrders
  Failed to kekulize aromatic bonds in OBMol::PerceiveBondOrders (title is /home/zhangsd/repos/MOFSNN/CGCNN_MT/data/CoREMOF2019/clean_cifs/NIHVUX_clean)

==============================
*** Open Babel Warning  in PerceiveBondOrders
  Failed to kekulize aromatic bonds in OBMol::PerceiveBondOrders (title is /home/zhangsd/repos/MOFSNN/CGCNN_MT/data/CoREMOF2019/clean_cifs/ADODAA_charged)

==============================
*** Open Babel Warning  in PerceiveBondOrders
  Failed to kekulize aromatic bonds in OBMol::PerceiveBondOrders (title is /home/zhangsd/repos/MOFSNN/CGCNN_MT/data/CoREMOF2019/clean_cifs/QOSJEP_clean)

==============================
*** Open Babel Warning  in PerceiveBondOrders
  Failed to kekulize aromatic bonds in OBMol::PerceiveBondOrders (title is /home/zhangsd/repos/MOFSNN/CGCNN_MT/data/CoREMOF2019/clean_cifs/FIFMIS01_clean)

==============================
*** Open Babel Warning  in PerceiveBondOrders
  Failed to kekulize aromatic bonds in OBMol::PerceiveBondOrders (title is /home/zhangsd/repos/MOFSNN/CGCNN_MT/data/CoREMOF2019/clean_cifs/AVAQIX_clean)

/opt/share/miniconda3/envs/mofmthnn/lib/python3.9/site-packages/ase/io/cif.py:401: UserWarning: crystal system 'triclinic' is not interpreted for space group Spacegroup(1, setting=1). This may result in wrong setting!
  warnings.warn(
==============================
*** Open Babel Warning  in PerceiveBondOrders
  Failed to kekulize aromatic bonds in OBMol::PerceiveBondOrders (title is /home/zhangsd/repos/MOFSNN/CGCNN_MT/data/CoREMOF2019/clean_cifs/PUNCIL_clean)

==============================
*** Open Babel Warning  in PerceiveBondOrders
  Failed to kekulize aromatic bonds in OBMol::PerceiveBondOrders (title is /home/zhangsd/repos/MOFSNN/CGCNN_MT/data/CoREMOF2019/clean_cifs/WUZQOZ_clean)

==============================
*** Open Babel Warning  in PerceiveBondOrders
  Failed to kekulize aromatic bonds in OBMol::PerceiveBondOrders (title is /home/zhangsd/repos/MOFSNN/CGCNN_MT/data/CoREMOF2019/clean_cifs/SAKDEQ_clean)

==============================
*** Open Babel Warning  in PerceiveBondOrders
  Failed to kekulize aromatic bonds in OBMol::PerceiveBondOrders (title is /home/zhangsd/repos/MOFSNN/CGCNN_MT/data/CoREMOF2019/clean_cifs/QEYWUN_clean)

==============================
*** Open Babel Warning  in PerceiveBondOrders
  Failed to kekulize aromatic bonds in OBMol::PerceiveBondOrders (title is /home/zhangsd/repos/MOFSNN/CGCNN_MT/data/CoREMOF2019/clean_cifs/BEPVOJ_clean)

==============================
*** Open Babel Warning  in PerceiveBondOrders
  Failed to kekulize aromatic bonds in OBMol::PerceiveBondOrders (title is /home/zhangsd/repos/MOFSNN/CGCNN_MT/data/CoREMOF2019/clean_cifs/MAFMAK01_clean)

==============================
*** Open Babel Warning  in PerceiveBondOrders
  Failed to kekulize aromatic bonds in OBMol::PerceiveBondOrders (title is /home/zhangsd/repos/MOFSNN/CGCNN_MT/data/CoREMOF2019/clean_cifs/CEJBEA_clean)

==============================
*** Open Babel Warning  in PerceiveBondOrders
  Failed to kekulize aromatic bonds in OBMol::PerceiveBondOrders (title is /home/zhangsd/repos/MOFSNN/CGCNN_MT/data/CoREMOF2019/clean_cifs/AXAQAT_clean)

==============================
*** Open Babel Warning  in PerceiveBondOrders
  Failed to kekulize aromatic bonds in OBMol::PerceiveBondOrders (title is /home/zhangsd/repos/MOFSNN/CGCNN_MT/data/CoREMOF2019/clean_cifs/HUFHOH_clean)

/opt/share/miniconda3/envs/mofmthnn/lib/python3.9/site-packages/ase/io/cif.py:401: UserWarning: crystal system 'triclinic' is not interpreted for space group Spacegroup(1, setting=1). This may result in wrong setting!
  warnings.warn(
/opt/share/miniconda3/envs/mofmthnn/lib/python3.9/site-packages/pymatgen/io/cif.py:1229: UserWarning: Issues encountered while parsing CIF: 4 fractional coordinates rounded to ideal values to avoid issues with finite precision.
  warnings.warn("Issues encountered while parsing CIF: " + "\n".join(self.warnings))
==============================
*** Open Babel Warning  in PerceiveBondOrders
  Failed to kekulize aromatic bonds in OBMol::PerceiveBondOrders (title is /home/zhangsd/repos/MOFSNN/CGCNN_MT/data/CoREMOF2019/clean_cifs/HIYMAF_clean)

==============================
*** Open Babel Warning  in PerceiveBondOrders
  Failed to kekulize aromatic bonds in OBMol::PerceiveBondOrders (title is /home/zhangsd/repos/MOFSNN/CGCNN_MT/data/CoREMOF2019/clean_cifs/DIDBEZ_clean)

==============================
*** Open Babel Warning  in PerceiveBondOrders
  Failed to kekulize aromatic bonds in OBMol::PerceiveBondOrders (title is /home/zhangsd/repos/MOFSNN/CGCNN_MT/data/CoREMOF2019/clean_cifs/RAYMAG_clean)

==============================
*** Open Babel Warning  in PerceiveBondOrders
  Failed to kekulize aromatic bonds in OBMol::PerceiveBondOrders (title is /home/zhangsd/repos/MOFSNN/CGCNN_MT/data/CoREMOF2019/clean_cifs/JOJLOK_clean)

==============================
*** Open Babel Warning  in PerceiveBondOrders
  Failed to kekulize aromatic bonds in OBMol::PerceiveBondOrders (title is /home/zhangsd/repos/MOFSNN/CGCNN_MT/data/CoREMOF2019/clean_cifs/JIZJOT_clean)

/opt/share/miniconda3/envs/mofmthnn/lib/python3.9/site-packages/pymatgen/io/cif.py:1229: UserWarning: Issues encountered while parsing CIF: 2 fractional coordinates rounded to ideal values to avoid issues with finite precision.
  warnings.warn("Issues encountered while parsing CIF: " + "\n".join(self.warnings))
==============================
*** Open Babel Warning  in PerceiveBondOrders
  Failed to kekulize aromatic bonds in OBMol::PerceiveBondOrders (title is /home/zhangsd/repos/MOFSNN/CGCNN_MT/data/CoREMOF2019/clean_cifs/ja406030p_si_006_manual)

==============================
*** Open Babel Warning  in PerceiveBondOrders
  Failed to kekulize aromatic bonds in OBMol::PerceiveBondOrders (title is /home/zhangsd/repos/MOFSNN/CGCNN_MT/data/CoREMOF2019/clean_cifs/ja406030p_si_008_manual)

/opt/share/miniconda3/envs/mofmthnn/lib/python3.9/site-packages/pymatgen/io/cif.py:1229: UserWarning: Issues encountered while parsing CIF: 1 fractional coordinates rounded to ideal values to avoid issues with finite precision.
  warnings.warn("Issues encountered while parsing CIF: " + "\n".join(self.warnings))
==============================
*** Open Babel Warning  in PerceiveBondOrders
  Failed to kekulize aromatic bonds in OBMol::PerceiveBondOrders (title is /home/zhangsd/repos/MOFSNN/CGCNN_MT/data/CoREMOF2019/clean_cifs/RAYLOU_clean)

==============================
*** Open Babel Warning  in PerceiveBondOrders
  Failed to kekulize aromatic bonds in OBMol::PerceiveBondOrders (title is /home/zhangsd/repos/MOFSNN/CGCNN_MT/data/CoREMOF2019/clean_cifs/JITQEI_clean)

/opt/share/miniconda3/envs/mofmthnn/lib/python3.9/site-packages/pymatgen/io/cif.py:1229: UserWarning: Issues encountered while parsing CIF: 1 fractional coordinates rounded to ideal values to avoid issues with finite precision.
  warnings.warn("Issues encountered while parsing CIF: " + "\n".join(self.warnings))
==============================
*** Open Babel Warning  in PerceiveBondOrders
  Failed to kekulize aromatic bonds in OBMol::PerceiveBondOrders (title is /home/zhangsd/repos/MOFSNN/CGCNN_MT/data/CoREMOF2019/clean_cifs/ic502643m_si_009_clean)

==============================
*** Open Babel Warning  in PerceiveBondOrders
  Failed to kekulize aromatic bonds in OBMol::PerceiveBondOrders (title is /home/zhangsd/repos/MOFSNN/CGCNN_MT/data/CoREMOF2019/clean_cifs/KUMBOL_clean)

==============================
*** Open Babel Warning  in PerceiveBondOrders
  Failed to kekulize aromatic bonds in OBMol::PerceiveBondOrders (title is /home/zhangsd/repos/MOFSNN/CGCNN_MT/data/CoREMOF2019/clean_cifs/VEPDEB_charged)

==============================
*** Open Babel Warning  in PerceiveBondOrders
  Failed to kekulize aromatic bonds in OBMol::PerceiveBondOrders (title is /home/zhangsd/repos/MOFSNN/CGCNN_MT/data/CoREMOF2019/clean_cifs/XOTKIA_charged)

==============================
*** Open Babel Warning  in PerceiveBondOrders
  Failed to kekulize aromatic bonds in OBMol::PerceiveBondOrders (title is /home/zhangsd/repos/MOFSNN/CGCNN_MT/data/CoREMOF2019/clean_cifs/CESYEF_clean)

==============================
*** Open Babel Warning  in PerceiveBondOrders
  Failed to kekulize aromatic bonds in OBMol::PerceiveBondOrders (title is /home/zhangsd/repos/MOFSNN/CGCNN_MT/data/CoREMOF2019/clean_cifs/SEFTOO_clean)

/opt/share/miniconda3/envs/mofmthnn/lib/python3.9/site-packages/ase/io/cif.py:401: UserWarning: crystal system 'triclinic' is not interpreted for space group Spacegroup(1, setting=1). This may result in wrong setting!
  warnings.warn(
==============================
*** Open Babel Warning  in PerceiveBondOrders
  Failed to kekulize aromatic bonds in OBMol::PerceiveBondOrders (title is /home/zhangsd/repos/MOFSNN/CGCNN_MT/data/CoREMOF2019/clean_cifs/FIGXAW_clean)

==============================
*** Open Babel Warning  in PerceiveBondOrders
  Failed to kekulize aromatic bonds in OBMol::PerceiveBondOrders (title is /home/zhangsd/repos/MOFSNN/CGCNN_MT/data/CoREMOF2019/clean_cifs/KIVSUF_clean)

==============================
*** Open Babel Warning  in PerceiveBondOrders
  Failed to kekulize aromatic bonds in OBMol::PerceiveBondOrders (title is /home/zhangsd/repos/MOFSNN/CGCNN_MT/data/CoREMOF2019/clean_cifs/WANJIF_clean)

==============================
*** Open Babel Warning  in PerceiveBondOrders
  Failed to kekulize aromatic bonds in OBMol::PerceiveBondOrders (title is /home/zhangsd/repos/MOFSNN/CGCNN_MT/data/CoREMOF2019/clean_cifs/NARNAY_clean)

==============================
*** Open Babel Warning  in PerceiveBondOrders
  Failed to kekulize aromatic bonds in OBMol::PerceiveBondOrders (title is /home/zhangsd/repos/MOFSNN/CGCNN_MT/data/CoREMOF2019/clean_cifs/COQGAS_clean)

==============================
*** Open Babel Warning  in PerceiveBondOrders
  Failed to kekulize aromatic bonds in OBMol::PerceiveBondOrders (title is /home/zhangsd/repos/MOFSNN/CGCNN_MT/data/CoREMOF2019/clean_cifs/FUSMIQ_clean)

==============================
*** Open Babel Warning  in PerceiveBondOrders
  Failed to kekulize aromatic bonds in OBMol::PerceiveBondOrders (title is /home/zhangsd/repos/MOFSNN/CGCNN_MT/data/CoREMOF2019/clean_cifs/HURFUX_clean)

==============================
*** Open Babel Warning  in PerceiveBondOrders
  Failed to kekulize aromatic bonds in OBMol::PerceiveBondOrders (title is /home/zhangsd/repos/MOFSNN/CGCNN_MT/data/CoREMOF2019/clean_cifs/METYIU_clean)

/opt/share/miniconda3/envs/mofmthnn/lib/python3.9/site-packages/pymatgen/io/cif.py:1229: UserWarning: Issues encountered while parsing CIF: 16 fractional coordinates rounded to ideal values to avoid issues with finite precision.
  warnings.warn("Issues encountered while parsing CIF: " + "\n".join(self.warnings))
==============================
*** Open Babel Warning  in PerceiveBondOrders
  Failed to kekulize aromatic bonds in OBMol::PerceiveBondOrders (title is /home/zhangsd/repos/MOFSNN/CGCNN_MT/data/CoREMOF2019/clean_cifs/VARJEF_clean)

/opt/share/miniconda3/envs/mofmthnn/lib/python3.9/site-packages/pymatgen/io/cif.py:1229: UserWarning: Issues encountered while parsing CIF: 4 fractional coordinates rounded to ideal values to avoid issues with finite precision.
  warnings.warn("Issues encountered while parsing CIF: " + "\n".join(self.warnings))
==============================
*** Open Babel Warning  in PerceiveBondOrders
  Failed to kekulize aromatic bonds in OBMol::PerceiveBondOrders (title is /home/zhangsd/repos/MOFSNN/CGCNN_MT/data/CoREMOF2019/clean_cifs/SAHYAD02_charged)

==============================
*** Open Babel Warning  in PerceiveBondOrders
  Failed to kekulize aromatic bonds in OBMol::PerceiveBondOrders (title is /home/zhangsd/repos/MOFSNN/CGCNN_MT/data/CoREMOF2019/clean_cifs/YAQCEY_clean)

==============================
*** Open Babel Warning  in PerceiveBondOrders
  Failed to kekulize aromatic bonds in OBMol::PerceiveBondOrders (title is /home/zhangsd/repos/MOFSNN/CGCNN_MT/data/CoREMOF2019/clean_cifs/GAKTET_clean)

==============================
*** Open Babel Warning  in PerceiveBondOrders
  Failed to kekulize aromatic bonds in OBMol::PerceiveBondOrders (title is /home/zhangsd/repos/MOFSNN/CGCNN_MT/data/CoREMOF2019/clean_cifs/OFERUN_clean)

==============================
*** Open Babel Warning  in PerceiveBondOrders
  Failed to kekulize aromatic bonds in OBMol::PerceiveBondOrders (title is /home/zhangsd/repos/MOFSNN/CGCNN_MT/data/CoREMOF2019/clean_cifs/KUNRAO_clean)

==============================
*** Open Babel Warning  in PerceiveBondOrders
  Failed to kekulize aromatic bonds in OBMol::PerceiveBondOrders (title is /home/zhangsd/repos/MOFSNN/CGCNN_MT/data/CoREMOF2019/clean_cifs/GAXQIH_clean)

/opt/share/miniconda3/envs/mofmthnn/lib/python3.9/site-packages/ase/io/cif.py:401: UserWarning: crystal system 'triclinic' is not interpreted for space group Spacegroup(1, setting=1). This may result in wrong setting!
  warnings.warn(
==============================
*** Open Babel Warning  in PerceiveBondOrders
  Failed to kekulize aromatic bonds in OBMol::PerceiveBondOrders (title is /home/zhangsd/repos/MOFSNN/CGCNN_MT/data/CoREMOF2019/clean_cifs/PAJSAX_clean)

==============================
*** Open Babel Warning  in PerceiveBondOrders
  Failed to kekulize aromatic bonds in OBMol::PerceiveBondOrders (title is /home/zhangsd/repos/MOFSNN/CGCNN_MT/data/CoREMOF2019/clean_cifs/URUVUA_clean)

/opt/share/miniconda3/envs/mofmthnn/lib/python3.9/site-packages/pymatgen/io/cif.py:1229: UserWarning: Issues encountered while parsing CIF: 8 fractional coordinates rounded to ideal values to avoid issues with finite precision.
  warnings.warn("Issues encountered while parsing CIF: " + "\n".join(self.warnings))
==============================
*** Open Babel Warning  in PerceiveBondOrders
  Failed to kekulize aromatic bonds in OBMol::PerceiveBondOrders (title is /home/zhangsd/repos/MOFSNN/CGCNN_MT/data/CoREMOF2019/clean_cifs/FIBHIJ_clean)

/opt/share/miniconda3/envs/mofmthnn/lib/python3.9/site-packages/pymatgen/io/cif.py:1229: UserWarning: Issues encountered while parsing CIF: 2 fractional coordinates rounded to ideal values to avoid issues with finite precision.
  warnings.warn("Issues encountered while parsing CIF: " + "\n".join(self.warnings))
/opt/share/miniconda3/envs/mofmthnn/lib/python3.9/site-packages/pymatgen/io/cif.py:1229: UserWarning: Issues encountered while parsing CIF: 4 fractional coordinates rounded to ideal values to avoid issues with finite precision.
  warnings.warn("Issues encountered while parsing CIF: " + "\n".join(self.warnings))
/opt/share/miniconda3/envs/mofmthnn/lib/python3.9/site-packages/ase/io/cif.py:401: UserWarning: crystal system 'triclinic' is not interpreted for space group Spacegroup(1, setting=1). This may result in wrong setting!
  warnings.warn(
/opt/share/miniconda3/envs/mofmthnn/lib/python3.9/site-packages/pymatgen/io/cif.py:1229: UserWarning: Issues encountered while parsing CIF: 2 fractional coordinates rounded to ideal values to avoid issues with finite precision.
  warnings.warn("Issues encountered while parsing CIF: " + "\n".join(self.warnings))
==============================
*** Open Babel Warning  in PerceiveBondOrders
  Failed to kekulize aromatic bonds in OBMol::PerceiveBondOrders (title is /home/zhangsd/repos/MOFSNN/CGCNN_MT/data/CoREMOF2019/clean_cifs/LUMLIQ_clean)

/opt/share/miniconda3/envs/mofmthnn/lib/python3.9/site-packages/ase/io/cif.py:401: UserWarning: crystal system 'triclinic' is not interpreted for space group Spacegroup(1, setting=1). This may result in wrong setting!
  warnings.warn(
==============================
*** Open Babel Warning  in PerceiveBondOrders
  Failed to kekulize aromatic bonds in OBMol::PerceiveBondOrders (title is /home/zhangsd/repos/MOFSNN/CGCNN_MT/data/CoREMOF2019/clean_cifs/NEJSAY_clean)

/opt/share/miniconda3/envs/mofmthnn/lib/python3.9/site-packages/ase/io/cif.py:401: UserWarning: crystal system 'triclinic' is not interpreted for space group Spacegroup(1, setting=1). This may result in wrong setting!
  warnings.warn(
==============================
*** Open Babel Warning  in PerceiveBondOrders
  Failed to kekulize aromatic bonds in OBMol::PerceiveBondOrders (title is /home/zhangsd/repos/MOFSNN/CGCNN_MT/data/CoREMOF2019/clean_cifs/WOCWAN_clean)

==============================
*** Open Babel Warning  in PerceiveBondOrders
  Failed to kekulize aromatic bonds in OBMol::PerceiveBondOrders (title is /home/zhangsd/repos/MOFSNN/CGCNN_MT/data/CoREMOF2019/clean_cifs/SEFVAC_clean)

==============================
*** Open Babel Warning  in PerceiveBondOrders
  Failed to kekulize aromatic bonds in OBMol::PerceiveBondOrders (title is /home/zhangsd/repos/MOFSNN/CGCNN_MT/data/CoREMOF2019/clean_cifs/OKIYIR_charged)

/opt/share/miniconda3/envs/mofmthnn/lib/python3.9/site-packages/ase/io/cif.py:401: UserWarning: crystal system 'triclinic' is not interpreted for space group Spacegroup(1, setting=1). This may result in wrong setting!
  warnings.warn(
==============================
*** Open Babel Warning  in PerceiveBondOrders
  Failed to kekulize aromatic bonds in OBMol::PerceiveBondOrders (title is /home/zhangsd/repos/MOFSNN/CGCNN_MT/data/CoREMOF2019/clean_cifs/QOQWOK01_clean)

==============================
*** Open Babel Warning  in PerceiveBondOrders
  Failed to kekulize aromatic bonds in OBMol::PerceiveBondOrders (title is /home/zhangsd/repos/MOFSNN/CGCNN_MT/data/CoREMOF2019/clean_cifs/GIRYIR_clean)

==============================
*** Open Babel Warning  in PerceiveBondOrders
  Failed to kekulize aromatic bonds in OBMol::PerceiveBondOrders (title is /home/zhangsd/repos/MOFSNN/CGCNN_MT/data/CoREMOF2019/clean_cifs/COMZAH_clean)

==============================
*** Open Babel Warning  in PerceiveBondOrders
  Failed to kekulize aromatic bonds in OBMol::PerceiveBondOrders (title is /home/zhangsd/repos/MOFSNN/CGCNN_MT/data/CoREMOF2019/clean_cifs/NIRDOI_clean)

/opt/share/miniconda3/envs/mofmthnn/lib/python3.9/site-packages/pymatgen/io/cif.py:1229: UserWarning: Issues encountered while parsing CIF: 1 fractional coordinates rounded to ideal values to avoid issues with finite precision.
  warnings.warn("Issues encountered while parsing CIF: " + "\n".join(self.warnings))
/opt/share/miniconda3/envs/mofmthnn/lib/python3.9/site-packages/pymatgen/io/cif.py:1229: UserWarning: Issues encountered while parsing CIF: 2 fractional coordinates rounded to ideal values to avoid issues with finite precision.
  warnings.warn("Issues encountered while parsing CIF: " + "\n".join(self.warnings))
==============================
*** Open Babel Warning  in PerceiveBondOrders
  Failed to kekulize aromatic bonds in OBMol::PerceiveBondOrders (title is /home/zhangsd/repos/MOFSNN/CGCNN_MT/data/CoREMOF2019/clean_cifs/ERUVEU_clean)

==============================
*** Open Babel Warning  in PerceiveBondOrders
  Failed to kekulize aromatic bonds in OBMol::PerceiveBondOrders (title is /home/zhangsd/repos/MOFSNN/CGCNN_MT/data/CoREMOF2019/clean_cifs/PELRAB_clean)

==============================
*** Open Babel Warning  in PerceiveBondOrders
  Failed to kekulize aromatic bonds in OBMol::PerceiveBondOrders (title is /home/zhangsd/repos/MOFSNN/CGCNN_MT/data/CoREMOF2019/clean_cifs/AXIMUP_clean)

/opt/share/miniconda3/envs/mofmthnn/lib/python3.9/site-packages/pymatgen/io/cif.py:1229: UserWarning: Issues encountered while parsing CIF: 2 fractional coordinates rounded to ideal values to avoid issues with finite precision.
  warnings.warn("Issues encountered while parsing CIF: " + "\n".join(self.warnings))
/opt/share/miniconda3/envs/mofmthnn/lib/python3.9/site-packages/pymatgen/io/cif.py:1229: UserWarning: Issues encountered while parsing CIF: 2 fractional coordinates rounded to ideal values to avoid issues with finite precision.
  warnings.warn("Issues encountered while parsing CIF: " + "\n".join(self.warnings))
==============================
*** Open Babel Warning  in PerceiveBondOrders
  Failed to kekulize aromatic bonds in OBMol::PerceiveBondOrders (title is /home/zhangsd/repos/MOFSNN/CGCNN_MT/data/CoREMOF2019/clean_cifs/MUVHAN_clean)

==============================
*** Open Babel Warning  in PerceiveBondOrders
  Failed to kekulize aromatic bonds in OBMol::PerceiveBondOrders (title is /home/zhangsd/repos/MOFSNN/CGCNN_MT/data/CoREMOF2019/clean_cifs/LEDLAJ_clean)

/opt/share/miniconda3/envs/mofmthnn/lib/python3.9/site-packages/pymatgen/io/cif.py:1229: UserWarning: Issues encountered while parsing CIF: 2 fractional coordinates rounded to ideal values to avoid issues with finite precision.
  warnings.warn("Issues encountered while parsing CIF: " + "\n".join(self.warnings))
==============================
*** Open Babel Warning  in PerceiveBondOrders
  Failed to kekulize aromatic bonds in OBMol::PerceiveBondOrders (title is /home/zhangsd/repos/MOFSNN/CGCNN_MT/data/CoREMOF2019/clean_cifs/SOCKOM_clean)

/opt/share/miniconda3/envs/mofmthnn/lib/python3.9/site-packages/pymatgen/io/cif.py:1229: UserWarning: Issues encountered while parsing CIF: 8 fractional coordinates rounded to ideal values to avoid issues with finite precision.
  warnings.warn("Issues encountered while parsing CIF: " + "\n".join(self.warnings))
/opt/share/miniconda3/envs/mofmthnn/lib/python3.9/site-packages/ase/io/cif.py:401: UserWarning: crystal system 'triclinic' is not interpreted for space group Spacegroup(1, setting=1). This may result in wrong setting!
  warnings.warn(
==============================
*** Open Babel Warning  in PerceiveBondOrders
  Failed to kekulize aromatic bonds in OBMol::PerceiveBondOrders (title is /home/zhangsd/repos/MOFSNN/CGCNN_MT/data/CoREMOF2019/clean_cifs/HAHCUR_clean)

==============================
*** Open Babel Warning  in PerceiveBondOrders
  Failed to kekulize aromatic bonds in OBMol::PerceiveBondOrders (title is /home/zhangsd/repos/MOFSNN/CGCNN_MT/data/CoREMOF2019/clean_cifs/AVEHAM_clean)

==============================
*** Open Babel Warning  in PerceiveBondOrders
  Failed to kekulize aromatic bonds in OBMol::PerceiveBondOrders (title is /home/zhangsd/repos/MOFSNN/CGCNN_MT/data/CoREMOF2019/clean_cifs/QOPPES_clean)

/opt/share/miniconda3/envs/mofmthnn/lib/python3.9/site-packages/pymatgen/io/cif.py:1229: UserWarning: Issues encountered while parsing CIF: 2 fractional coordinates rounded to ideal values to avoid issues with finite precision.
  warnings.warn("Issues encountered while parsing CIF: " + "\n".join(self.warnings))
/opt/share/miniconda3/envs/mofmthnn/lib/python3.9/site-packages/pymatgen/io/cif.py:1229: UserWarning: Issues encountered while parsing CIF: 3 fractional coordinates rounded to ideal values to avoid issues with finite precision.
  warnings.warn("Issues encountered while parsing CIF: " + "\n".join(self.warnings))
==============================
*** Open Babel Warning  in PerceiveBondOrders
  Failed to kekulize aromatic bonds in OBMol::PerceiveBondOrders (title is /home/zhangsd/repos/MOFSNN/CGCNN_MT/data/CoREMOF2019/clean_cifs/NEFZOO_clean)

==============================
*** Open Babel Warning  in PerceiveBondOrders
  Failed to kekulize aromatic bonds in OBMol::PerceiveBondOrders (title is /home/zhangsd/repos/MOFSNN/CGCNN_MT/data/CoREMOF2019/clean_cifs/GOYXAV_clean)

/opt/share/miniconda3/envs/mofmthnn/lib/python3.9/site-packages/pymatgen/io/cif.py:1229: UserWarning: Issues encountered while parsing CIF: 4 fractional coordinates rounded to ideal values to avoid issues with finite precision.
  warnings.warn("Issues encountered while parsing CIF: " + "\n".join(self.warnings))
==============================
*** Open Babel Warning  in PerceiveBondOrders
  Failed to kekulize aromatic bonds in OBMol::PerceiveBondOrders (title is /home/zhangsd/repos/MOFSNN/CGCNN_MT/data/CoREMOF2019/clean_cifs/FINQOK_clean)

==============================
*** Open Babel Warning  in PerceiveBondOrders
  Failed to kekulize aromatic bonds in OBMol::PerceiveBondOrders (title is /home/zhangsd/repos/MOFSNN/CGCNN_MT/data/CoREMOF2019/clean_cifs/OVIZUP_clean)

/opt/share/miniconda3/envs/mofmthnn/lib/python3.9/site-packages/ase/io/cif.py:401: UserWarning: crystal system 'triclinic' is not interpreted for space group Spacegroup(1, setting=1). This may result in wrong setting!
  warnings.warn(
/opt/share/miniconda3/envs/mofmthnn/lib/python3.9/site-packages/pymatgen/io/cif.py:1229: UserWarning: Issues encountered while parsing CIF: 6 fractional coordinates rounded to ideal values to avoid issues with finite precision.
  warnings.warn("Issues encountered while parsing CIF: " + "\n".join(self.warnings))
==============================
*** Open Babel Warning  in PerceiveBondOrders
  Failed to kekulize aromatic bonds in OBMol::PerceiveBondOrders (title is /home/zhangsd/repos/MOFSNN/CGCNN_MT/data/CoREMOF2019/clean_cifs/YOYPEJ_clean)

==============================
*** Open Babel Warning  in PerceiveBondOrders
  Failed to kekulize aromatic bonds in OBMol::PerceiveBondOrders (title is /home/zhangsd/repos/MOFSNN/CGCNN_MT/data/CoREMOF2019/clean_cifs/PEVYUM_clean)

==============================
*** Open Babel Warning  in PerceiveBondOrders
  Failed to kekulize aromatic bonds in OBMol::PerceiveBondOrders (title is /home/zhangsd/repos/MOFSNN/CGCNN_MT/data/CoREMOF2019/clean_cifs/IMIDZB10_clean)

==============================
*** Open Babel Warning  in PerceiveBondOrders
  Failed to kekulize aromatic bonds in OBMol::PerceiveBondOrders (title is /home/zhangsd/repos/MOFSNN/CGCNN_MT/data/CoREMOF2019/clean_cifs/BASSOF_clean)

/opt/share/miniconda3/envs/mofmthnn/lib/python3.9/site-packages/ase/io/cif.py:401: UserWarning: crystal system 'triclinic' is not interpreted for space group Spacegroup(1, setting=1). This may result in wrong setting!
  warnings.warn(
/opt/share/miniconda3/envs/mofmthnn/lib/python3.9/site-packages/pymatgen/io/cif.py:1229: UserWarning: Issues encountered while parsing CIF: 8 fractional coordinates rounded to ideal values to avoid issues with finite precision.
  warnings.warn("Issues encountered while parsing CIF: " + "\n".join(self.warnings))
==============================
*** Open Babel Warning  in PerceiveBondOrders
  Failed to kekulize aromatic bonds in OBMol::PerceiveBondOrders (title is /home/zhangsd/repos/MOFSNN/CGCNN_MT/data/CoREMOF2019/clean_cifs/CURBOH_clean)

/opt/share/miniconda3/envs/mofmthnn/lib/python3.9/site-packages/ase/io/cif.py:401: UserWarning: crystal system 'triclinic' is not interpreted for space group Spacegroup(1, setting=1). This may result in wrong setting!
  warnings.warn(
==============================
*** Open Babel Warning  in PerceiveBondOrders
  Failed to kekulize aromatic bonds in OBMol::PerceiveBondOrders (title is /home/zhangsd/repos/MOFSNN/CGCNN_MT/data/CoREMOF2019/clean_cifs/TEWGEJ01_clean)

==============================
*** Open Babel Warning  in PerceiveBondOrders
  Failed to kekulize aromatic bonds in OBMol::PerceiveBondOrders (title is /home/zhangsd/repos/MOFSNN/CGCNN_MT/data/CoREMOF2019/clean_cifs/IDORAW_clean)

==============================
*** Open Babel Warning  in PerceiveBondOrders
  Failed to kekulize aromatic bonds in OBMol::PerceiveBondOrders (title is /home/zhangsd/repos/MOFSNN/CGCNN_MT/data/CoREMOF2019/clean_cifs/YACHOB_clean)

==============================
*** Open Babel Warning  in PerceiveBondOrders
  Failed to kekulize aromatic bonds in OBMol::PerceiveBondOrders (title is /home/zhangsd/repos/MOFSNN/CGCNN_MT/data/CoREMOF2019/clean_cifs/FUSNAJ_clean)

==============================
*** Open Babel Warning  in PerceiveBondOrders
  Failed to kekulize aromatic bonds in OBMol::PerceiveBondOrders (title is /home/zhangsd/repos/MOFSNN/CGCNN_MT/data/CoREMOF2019/clean_cifs/TEWFOS_clean)

==============================
*** Open Babel Warning  in PerceiveBondOrders
  Failed to kekulize aromatic bonds in OBMol::PerceiveBondOrders (title is /home/zhangsd/repos/MOFSNN/CGCNN_MT/data/CoREMOF2019/clean_cifs/WUSGIC_clean)

==============================
*** Open Babel Warning  in PerceiveBondOrders
  Failed to kekulize aromatic bonds in OBMol::PerceiveBondOrders (title is /home/zhangsd/repos/MOFSNN/CGCNN_MT/data/CoREMOF2019/clean_cifs/IBABOF01_clean)

/opt/share/miniconda3/envs/mofmthnn/lib/python3.9/site-packages/pymatgen/io/cif.py:1229: UserWarning: Issues encountered while parsing CIF: 2 fractional coordinates rounded to ideal values to avoid issues with finite precision.
  warnings.warn("Issues encountered while parsing CIF: " + "\n".join(self.warnings))
==============================
*** Open Babel Warning  in PerceiveBondOrders
  Failed to kekulize aromatic bonds in OBMol::PerceiveBondOrders (title is /home/zhangsd/repos/MOFSNN/CGCNN_MT/data/CoREMOF2019/clean_cifs/UPOSOI_clean)

==============================
*** Open Babel Warning  in PerceiveBondOrders
  Failed to kekulize aromatic bonds in OBMol::PerceiveBondOrders (title is /home/zhangsd/repos/MOFSNN/CGCNN_MT/data/CoREMOF2019/clean_cifs/UNABIV_charged)

==============================
*** Open Babel Warning  in PerceiveBondOrders
  Failed to kekulize aromatic bonds in OBMol::PerceiveBondOrders (title is /home/zhangsd/repos/MOFSNN/CGCNN_MT/data/CoREMOF2019/clean_cifs/PIGHIX_clean)

==============================
*** Open Babel Warning  in PerceiveBondOrders
  Failed to kekulize aromatic bonds in OBMol::PerceiveBondOrders (title is /home/zhangsd/repos/MOFSNN/CGCNN_MT/data/CoREMOF2019/clean_cifs/FOVPUD_clean)

/opt/share/miniconda3/envs/mofmthnn/lib/python3.9/site-packages/ase/io/cif.py:401: UserWarning: crystal system 'triclinic' is not interpreted for space group Spacegroup(1, setting=1). This may result in wrong setting!
  warnings.warn(
/opt/share/miniconda3/envs/mofmthnn/lib/python3.9/site-packages/ase/io/cif.py:401: UserWarning: crystal system 'triclinic' is not interpreted for space group Spacegroup(1, setting=1). This may result in wrong setting!
  warnings.warn(
==============================
*** Open Babel Warning  in PerceiveBondOrders
  Failed to kekulize aromatic bonds in OBMol::PerceiveBondOrders (title is /home/zhangsd/repos/MOFSNN/CGCNN_MT/data/CoREMOF2019/clean_cifs/cg900349c_si_002_clean)

==============================
*** Open Babel Warning  in PerceiveBondOrders
  Failed to kekulize aromatic bonds in OBMol::PerceiveBondOrders (title is /home/zhangsd/repos/MOFSNN/CGCNN_MT/data/CoREMOF2019/clean_cifs/FIRNAX01_clean)

==============================
*** Open Babel Warning  in PerceiveBondOrders
  Failed to kekulize aromatic bonds in OBMol::PerceiveBondOrders (title is /home/zhangsd/repos/MOFSNN/CGCNN_MT/data/CoREMOF2019/clean_cifs/KEXKAB_clean)

==============================
*** Open Babel Warning  in PerceiveBondOrders
  Failed to kekulize aromatic bonds in OBMol::PerceiveBondOrders (title is /home/zhangsd/repos/MOFSNN/CGCNN_MT/data/CoREMOF2019/clean_cifs/YAJXIT_clean)

==============================
*** Open Babel Warning  in PerceiveBondOrders
  Failed to kekulize aromatic bonds in OBMol::PerceiveBondOrders (title is /home/zhangsd/repos/MOFSNN/CGCNN_MT/data/CoREMOF2019/clean_cifs/UVOBUE_clean)

==============================
*** Open Babel Warning  in PerceiveBondOrders
  Failed to kekulize aromatic bonds in OBMol::PerceiveBondOrders (title is /home/zhangsd/repos/MOFSNN/CGCNN_MT/data/CoREMOF2019/clean_cifs/WILNEL02_clean)

==============================
*** Open Babel Warning  in PerceiveBondOrders
  Failed to kekulize aromatic bonds in OBMol::PerceiveBondOrders (title is /home/zhangsd/repos/MOFSNN/CGCNN_MT/data/CoREMOF2019/clean_cifs/OJIFAP_clean)

==============================
*** Open Babel Warning  in PerceiveBondOrders
  Failed to kekulize aromatic bonds in OBMol::PerceiveBondOrders (title is /home/zhangsd/repos/MOFSNN/CGCNN_MT/data/CoREMOF2019/clean_cifs/SAJLAT_clean)

==============================
*** Open Babel Warning  in PerceiveBondOrders
  Failed to kekulize aromatic bonds in OBMol::PerceiveBondOrders (title is /home/zhangsd/repos/MOFSNN/CGCNN_MT/data/CoREMOF2019/clean_cifs/TEYHIP_charged)

==============================
*** Open Babel Warning  in PerceiveBondOrders
  Failed to kekulize aromatic bonds in OBMol::PerceiveBondOrders (title is /home/zhangsd/repos/MOFSNN/CGCNN_MT/data/CoREMOF2019/clean_cifs/cg501279y_si_002_clean)

==============================
*** Open Babel Warning  in PerceiveBondOrders
  Failed to kekulize aromatic bonds in OBMol::PerceiveBondOrders (title is /home/zhangsd/repos/MOFSNN/CGCNN_MT/data/CoREMOF2019/clean_cifs/BUKRUW01_clean)

/opt/share/miniconda3/envs/mofmthnn/lib/python3.9/site-packages/pymatgen/io/cif.py:1229: UserWarning: Issues encountered while parsing CIF: 1 fractional coordinates rounded to ideal values to avoid issues with finite precision.
  warnings.warn("Issues encountered while parsing CIF: " + "\n".join(self.warnings))
==============================
*** Open Babel Warning  in PerceiveBondOrders
  Failed to kekulize aromatic bonds in OBMol::PerceiveBondOrders (title is /home/zhangsd/repos/MOFSNN/CGCNN_MT/data/CoREMOF2019/clean_cifs/FORPOS_clean)

==============================
*** Open Babel Warning  in PerceiveBondOrders
  Failed to kekulize aromatic bonds in OBMol::PerceiveBondOrders (title is /home/zhangsd/repos/MOFSNN/CGCNN_MT/data/CoREMOF2019/clean_cifs/TAKHEV_clean)

==============================
*** Open Babel Warning  in PerceiveBondOrders
  Failed to kekulize aromatic bonds in OBMol::PerceiveBondOrders (title is /home/zhangsd/repos/MOFSNN/CGCNN_MT/data/CoREMOF2019/clean_cifs/GUKFEY_clean)

==============================
*** Open Babel Warning  in PerceiveBondOrders
  Failed to kekulize aromatic bonds in OBMol::PerceiveBondOrders (title is /home/zhangsd/repos/MOFSNN/CGCNN_MT/data/CoREMOF2019/clean_cifs/AQIXUV_clean)

==============================
*** Open Babel Warning  in PerceiveBondOrders
  Failed to kekulize aromatic bonds in OBMol::PerceiveBondOrders (title is /home/zhangsd/repos/MOFSNN/CGCNN_MT/data/CoREMOF2019/clean_cifs/BAPVEW_clean)

/opt/share/miniconda3/envs/mofmthnn/lib/python3.9/site-packages/pymatgen/io/cif.py:1229: UserWarning: Issues encountered while parsing CIF: 4 fractional coordinates rounded to ideal values to avoid issues with finite precision.
  warnings.warn("Issues encountered while parsing CIF: " + "\n".join(self.warnings))
/opt/share/miniconda3/envs/mofmthnn/lib/python3.9/site-packages/pymatgen/io/cif.py:1229: UserWarning: Issues encountered while parsing CIF: 16 fractional coordinates rounded to ideal values to avoid issues with finite precision.
  warnings.warn("Issues encountered while parsing CIF: " + "\n".join(self.warnings))
/opt/share/miniconda3/envs/mofmthnn/lib/python3.9/site-packages/pymatgen/io/cif.py:1229: UserWarning: Issues encountered while parsing CIF: 1 fractional coordinates rounded to ideal values to avoid issues with finite precision.
  warnings.warn("Issues encountered while parsing CIF: " + "\n".join(self.warnings))
==============================
*** Open Babel Warning  in PerceiveBondOrders
  Failed to kekulize aromatic bonds in OBMol::PerceiveBondOrders (title is /home/zhangsd/repos/MOFSNN/CGCNN_MT/data/CoREMOF2019/clean_cifs/FUNLAD_clean)

==============================
*** Open Babel Warning  in PerceiveBondOrders
  Failed to kekulize aromatic bonds in OBMol::PerceiveBondOrders (title is /home/zhangsd/repos/MOFSNN/CGCNN_MT/data/CoREMOF2019/clean_cifs/RIPNUB_clean)

/opt/share/miniconda3/envs/mofmthnn/lib/python3.9/site-packages/pymatgen/io/cif.py:1229: UserWarning: Issues encountered while parsing CIF: 8 fractional coordinates rounded to ideal values to avoid issues with finite precision.
  warnings.warn("Issues encountered while parsing CIF: " + "\n".join(self.warnings))
==============================
*** Open Babel Warning  in PerceiveBondOrders
  Failed to kekulize aromatic bonds in OBMol::PerceiveBondOrders (title is /home/zhangsd/repos/MOFSNN/CGCNN_MT/data/CoREMOF2019/clean_cifs/SOCPOQ_charged)

==============================
*** Open Babel Warning  in PerceiveBondOrders
  Failed to kekulize aromatic bonds in OBMol::PerceiveBondOrders (title is /home/zhangsd/repos/MOFSNN/CGCNN_MT/data/CoREMOF2019/clean_cifs/XACHOA_clean)

==============================
*** Open Babel Warning  in PerceiveBondOrders
  Failed to kekulize aromatic bonds in OBMol::PerceiveBondOrders (title is /home/zhangsd/repos/MOFSNN/CGCNN_MT/data/CoREMOF2019/clean_cifs/FIKTOK_clean)

/opt/share/miniconda3/envs/mofmthnn/lib/python3.9/site-packages/ase/io/cif.py:401: UserWarning: crystal system 'triclinic' is not interpreted for space group Spacegroup(1, setting=1). This may result in wrong setting!
  warnings.warn(
==============================
*** Open Babel Warning  in PerceiveBondOrders
  Failed to kekulize aromatic bonds in OBMol::PerceiveBondOrders (title is /home/zhangsd/repos/MOFSNN/CGCNN_MT/data/CoREMOF2019/clean_cifs/cg501730q_si_002_clean)

/opt/share/miniconda3/envs/mofmthnn/lib/python3.9/site-packages/pymatgen/io/cif.py:1229: UserWarning: Issues encountered while parsing CIF: 4 fractional coordinates rounded to ideal values to avoid issues with finite precision.
  warnings.warn("Issues encountered while parsing CIF: " + "\n".join(self.warnings))
==============================
*** Open Babel Warning  in PerceiveBondOrders
  Failed to kekulize aromatic bonds in OBMol::PerceiveBondOrders (title is /home/zhangsd/repos/MOFSNN/CGCNN_MT/data/CoREMOF2019/clean_cifs/REVYUO_clean)

==============================
*** Open Babel Warning  in PerceiveBondOrders
  Failed to kekulize aromatic bonds in OBMol::PerceiveBondOrders (title is /home/zhangsd/repos/MOFSNN/CGCNN_MT/data/CoREMOF2019/clean_cifs/TAKGOE_clean)

==============================
*** Open Babel Warning  in PerceiveBondOrders
  Failed to kekulize aromatic bonds in OBMol::PerceiveBondOrders (title is /home/zhangsd/repos/MOFSNN/CGCNN_MT/data/CoREMOF2019/clean_cifs/NARNOM_clean)

==============================
*** Open Babel Warning  in PerceiveBondOrders
  Failed to kekulize aromatic bonds in OBMol::PerceiveBondOrders (title is /home/zhangsd/repos/MOFSNN/CGCNN_MT/data/CoREMOF2019/clean_cifs/YOYQOU_clean)

/opt/share/miniconda3/envs/mofmthnn/lib/python3.9/site-packages/ase/io/cif.py:401: UserWarning: crystal system 'triclinic' is not interpreted for space group Spacegroup(1, setting=1). This may result in wrong setting!
  warnings.warn(
/opt/share/miniconda3/envs/mofmthnn/lib/python3.9/site-packages/pymatgen/io/cif.py:1229: UserWarning: Issues encountered while parsing CIF: 1 fractional coordinates rounded to ideal values to avoid issues with finite precision.
  warnings.warn("Issues encountered while parsing CIF: " + "\n".join(self.warnings))
==============================
*** Open Babel Warning  in PerceiveBondOrders
  Failed to kekulize aromatic bonds in OBMol::PerceiveBondOrders (title is /home/zhangsd/repos/MOFSNN/CGCNN_MT/data/CoREMOF2019/clean_cifs/WELTUD_charged)

==============================
*** Open Babel Warning  in PerceiveBondOrders
  Failed to kekulize aromatic bonds in OBMol::PerceiveBondOrders (title is /home/zhangsd/repos/MOFSNN/CGCNN_MT/data/CoREMOF2019/clean_cifs/WOQTUT_clean)

==============================
*** Open Babel Warning  in PerceiveBondOrders
  Failed to kekulize aromatic bonds in OBMol::PerceiveBondOrders (title is /home/zhangsd/repos/MOFSNN/CGCNN_MT/data/CoREMOF2019/clean_cifs/VEHRIL_clean)

==============================
*** Open Babel Warning  in PerceiveBondOrders
  Failed to kekulize aromatic bonds in OBMol::PerceiveBondOrders (title is /home/zhangsd/repos/MOFSNN/CGCNN_MT/data/CoREMOF2019/clean_cifs/HOBGAH_clean)

==============================
*** Open Babel Warning  in PerceiveBondOrders
  Failed to kekulize aromatic bonds in OBMol::PerceiveBondOrders (title is /home/zhangsd/repos/MOFSNN/CGCNN_MT/data/CoREMOF2019/clean_cifs/ZIQJEQ_clean)

/opt/share/miniconda3/envs/mofmthnn/lib/python3.9/site-packages/ase/io/cif.py:401: UserWarning: crystal system 'triclinic' is not interpreted for space group Spacegroup(1, setting=1). This may result in wrong setting!
  warnings.warn(
==============================
*** Open Babel Warning  in PerceiveBondOrders
  Failed to kekulize aromatic bonds in OBMol::PerceiveBondOrders (title is /home/zhangsd/repos/MOFSNN/CGCNN_MT/data/CoREMOF2019/clean_cifs/NACYUM_clean)

/opt/share/miniconda3/envs/mofmthnn/lib/python3.9/site-packages/pymatgen/io/cif.py:1229: UserWarning: Issues encountered while parsing CIF: 4 fractional coordinates rounded to ideal values to avoid issues with finite precision.
  warnings.warn("Issues encountered while parsing CIF: " + "\n".join(self.warnings))
==============================
*** Open Babel Warning  in PerceiveBondOrders
  Failed to kekulize aromatic bonds in OBMol::PerceiveBondOrders (title is /home/zhangsd/repos/MOFSNN/CGCNN_MT/data/CoREMOF2019/clean_cifs/UVUQAE_clean)

==============================
*** Open Babel Warning  in PerceiveBondOrders
  Failed to kekulize aromatic bonds in OBMol::PerceiveBondOrders (title is /home/zhangsd/repos/MOFSNN/CGCNN_MT/data/CoREMOF2019/clean_cifs/OJICEQ_charged)

==============================
*** Open Babel Warning  in PerceiveBondOrders
  Failed to kekulize aromatic bonds in OBMol::PerceiveBondOrders (title is /home/zhangsd/repos/MOFSNN/CGCNN_MT/data/CoREMOF2019/clean_cifs/CAYSOK_clean)

/opt/share/miniconda3/envs/mofmthnn/lib/python3.9/site-packages/pymatgen/io/cif.py:1229: UserWarning: Issues encountered while parsing CIF: 4 fractional coordinates rounded to ideal values to avoid issues with finite precision.
  warnings.warn("Issues encountered while parsing CIF: " + "\n".join(self.warnings))
/opt/share/miniconda3/envs/mofmthnn/lib/python3.9/site-packages/ase/io/cif.py:401: UserWarning: crystal system 'triclinic' is not interpreted for space group Spacegroup(1, setting=1). This may result in wrong setting!
  warnings.warn(
==============================
*** Open Babel Warning  in PerceiveBondOrders
  Failed to kekulize aromatic bonds in OBMol::PerceiveBondOrders (title is /home/zhangsd/repos/MOFSNN/CGCNN_MT/data/CoREMOF2019/clean_cifs/ZARFOQ_clean)

==============================
*** Open Babel Warning  in PerceiveBondOrders
  Failed to kekulize aromatic bonds in OBMol::PerceiveBondOrders (title is /home/zhangsd/repos/MOFSNN/CGCNN_MT/data/CoREMOF2019/clean_cifs/AWAJIT_clean)

==============================
*** Open Babel Warning  in PerceiveBondOrders
  Failed to kekulize aromatic bonds in OBMol::PerceiveBondOrders (title is /home/zhangsd/repos/MOFSNN/CGCNN_MT/data/CoREMOF2019/clean_cifs/XIHRIQ_clean)

/opt/share/miniconda3/envs/mofmthnn/lib/python3.9/site-packages/pymatgen/io/cif.py:1229: UserWarning: Issues encountered while parsing CIF: 1 fractional coordinates rounded to ideal values to avoid issues with finite precision.
  warnings.warn("Issues encountered while parsing CIF: " + "\n".join(self.warnings))
/opt/share/miniconda3/envs/mofmthnn/lib/python3.9/site-packages/ase/io/cif.py:401: UserWarning: crystal system 'triclinic' is not interpreted for space group Spacegroup(1, setting=1). This may result in wrong setting!
  warnings.warn(
==============================
*** Open Babel Warning  in PerceiveBondOrders
  Failed to kekulize aromatic bonds in OBMol::PerceiveBondOrders (title is /home/zhangsd/repos/MOFSNN/CGCNN_MT/data/CoREMOF2019/clean_cifs/IBACAS_clean)

/opt/share/miniconda3/envs/mofmthnn/lib/python3.9/site-packages/pymatgen/io/cif.py:1229: UserWarning: Issues encountered while parsing CIF: 2 fractional coordinates rounded to ideal values to avoid issues with finite precision.
  warnings.warn("Issues encountered while parsing CIF: " + "\n".join(self.warnings))
/opt/share/miniconda3/envs/mofmthnn/lib/python3.9/site-packages/ase/io/cif.py:401: UserWarning: crystal system 'triclinic' is not interpreted for space group Spacegroup(1, setting=1). This may result in wrong setting!
  warnings.warn(
/opt/share/miniconda3/envs/mofmthnn/lib/python3.9/site-packages/pymatgen/io/cif.py:1229: UserWarning: Issues encountered while parsing CIF: 12 fractional coordinates rounded to ideal values to avoid issues with finite precision.
  warnings.warn("Issues encountered while parsing CIF: " + "\n".join(self.warnings))
==============================
*** Open Babel Warning  in PerceiveBondOrders
  Failed to kekulize aromatic bonds in OBMol::PerceiveBondOrders (title is /home/zhangsd/repos/MOFSNN/CGCNN_MT/data/CoREMOF2019/clean_cifs/ZIVCOY_clean)

==============================
*** Open Babel Warning  in PerceiveBondOrders
  Failed to kekulize aromatic bonds in OBMol::PerceiveBondOrders (title is /home/zhangsd/repos/MOFSNN/CGCNN_MT/data/CoREMOF2019/clean_cifs/AVAGOV_clean)

/opt/share/miniconda3/envs/mofmthnn/lib/python3.9/site-packages/pymatgen/io/cif.py:1229: UserWarning: Issues encountered while parsing CIF: 2 fractional coordinates rounded to ideal values to avoid issues with finite precision.
  warnings.warn("Issues encountered while parsing CIF: " + "\n".join(self.warnings))
==============================
*** Open Babel Warning  in PerceiveBondOrders
  Failed to kekulize aromatic bonds in OBMol::PerceiveBondOrders (title is /home/zhangsd/repos/MOFSNN/CGCNN_MT/data/CoREMOF2019/clean_cifs/VIDJID_clean)

==============================
*** Open Babel Warning  in PerceiveBondOrders
  Failed to kekulize aromatic bonds in OBMol::PerceiveBondOrders (title is /home/zhangsd/repos/MOFSNN/CGCNN_MT/data/CoREMOF2019/clean_cifs/XEJWUG_clean)

==============================
*** Open Babel Warning  in PerceiveBondOrders
  Failed to kekulize aromatic bonds in OBMol::PerceiveBondOrders (title is /home/zhangsd/repos/MOFSNN/CGCNN_MT/data/CoREMOF2019/clean_cifs/HUNFIH_clean)

/opt/share/miniconda3/envs/mofmthnn/lib/python3.9/site-packages/pymatgen/io/cif.py:1229: UserWarning: Issues encountered while parsing CIF: 5 fractional coordinates rounded to ideal values to avoid issues with finite precision.
  warnings.warn("Issues encountered while parsing CIF: " + "\n".join(self.warnings))
/opt/share/miniconda3/envs/mofmthnn/lib/python3.9/site-packages/pymatgen/io/cif.py:1229: UserWarning: Issues encountered while parsing CIF: 2 fractional coordinates rounded to ideal values to avoid issues with finite precision.
  warnings.warn("Issues encountered while parsing CIF: " + "\n".join(self.warnings))
==============================
*** Open Babel Warning  in PerceiveBondOrders
  Failed to kekulize aromatic bonds in OBMol::PerceiveBondOrders (title is /home/zhangsd/repos/MOFSNN/CGCNN_MT/data/CoREMOF2019/clean_cifs/IXAKAU_clean)

==============================
*** Open Babel Warning  in PerceiveBondOrders
  Failed to kekulize aromatic bonds in OBMol::PerceiveBondOrders (title is /home/zhangsd/repos/MOFSNN/CGCNN_MT/data/CoREMOF2019/clean_cifs/ZISYAD_clean)

==============================
*** Open Babel Warning  in PerceiveBondOrders
  Failed to kekulize aromatic bonds in OBMol::PerceiveBondOrders (title is /home/zhangsd/repos/MOFSNN/CGCNN_MT/data/CoREMOF2019/clean_cifs/POKVOC_clean)

==============================
*** Open Babel Warning  in PerceiveBondOrders
  Failed to kekulize aromatic bonds in OBMol::PerceiveBondOrders (title is /home/zhangsd/repos/MOFSNN/CGCNN_MT/data/CoREMOF2019/clean_cifs/WALKAY_clean)

==============================
*** Open Babel Warning  in PerceiveBondOrders
  Failed to kekulize aromatic bonds in OBMol::PerceiveBondOrders (title is /home/zhangsd/repos/MOFSNN/CGCNN_MT/data/CoREMOF2019/clean_cifs/NOFQIK_clean)

==============================
*** Open Babel Warning  in PerceiveBondOrders
  Failed to kekulize aromatic bonds in OBMol::PerceiveBondOrders (title is /home/zhangsd/repos/MOFSNN/CGCNN_MT/data/CoREMOF2019/clean_cifs/EWIDUK_SL)

/opt/share/miniconda3/envs/mofmthnn/lib/python3.9/site-packages/pymatgen/io/cif.py:1229: UserWarning: Issues encountered while parsing CIF: 2 fractional coordinates rounded to ideal values to avoid issues with finite precision.
  warnings.warn("Issues encountered while parsing CIF: " + "\n".join(self.warnings))
==============================
*** Open Babel Warning  in PerceiveBondOrders
  Failed to kekulize aromatic bonds in OBMol::PerceiveBondOrders (title is /home/zhangsd/repos/MOFSNN/CGCNN_MT/data/CoREMOF2019/clean_cifs/TAYNEN_clean)

==============================
*** Open Babel Warning  in PerceiveBondOrders
  Failed to kekulize aromatic bonds in OBMol::PerceiveBondOrders (title is /home/zhangsd/repos/MOFSNN/CGCNN_MT/data/CoREMOF2019/clean_cifs/IZULUL_clean)

==============================
*** Open Babel Warning  in PerceiveBondOrders
  Failed to kekulize aromatic bonds in OBMol::PerceiveBondOrders (title is /home/zhangsd/repos/MOFSNN/CGCNN_MT/data/CoREMOF2019/clean_cifs/POLYEW_clean)

==============================
*** Open Babel Warning  in PerceiveBondOrders
  Failed to kekulize aromatic bonds in OBMol::PerceiveBondOrders (title is /home/zhangsd/repos/MOFSNN/CGCNN_MT/data/CoREMOF2019/clean_cifs/XANZAQ05_clean)

==============================
*** Open Babel Warning  in PerceiveBondOrders
  Failed to kekulize aromatic bonds in OBMol::PerceiveBondOrders (title is /home/zhangsd/repos/MOFSNN/CGCNN_MT/data/CoREMOF2019/clean_cifs/GOTDIE_clean)

==============================
*** Open Babel Warning  in PerceiveBondOrders
  Failed to kekulize aromatic bonds in OBMol::PerceiveBondOrders (title is /home/zhangsd/repos/MOFSNN/CGCNN_MT/data/CoREMOF2019/clean_cifs/XACYAB_clean)

==============================
*** Open Babel Warning  in PerceiveBondOrders
  Failed to kekulize aromatic bonds in OBMol::PerceiveBondOrders (title is /home/zhangsd/repos/MOFSNN/CGCNN_MT/data/CoREMOF2019/clean_cifs/VAKBIU_clean)

/opt/share/miniconda3/envs/mofmthnn/lib/python3.9/site-packages/ase/io/cif.py:401: UserWarning: crystal system 'triclinic' is not interpreted for space group Spacegroup(1, setting=1). This may result in wrong setting!
  warnings.warn(
==============================
*** Open Babel Warning  in PerceiveBondOrders
  Failed to kekulize aromatic bonds in OBMol::PerceiveBondOrders (title is /home/zhangsd/repos/MOFSNN/CGCNN_MT/data/CoREMOF2019/clean_cifs/EVUNIT_clean_h)

/opt/share/miniconda3/envs/mofmthnn/lib/python3.9/site-packages/pymatgen/io/cif.py:1229: UserWarning: Issues encountered while parsing CIF: 2 fractional coordinates rounded to ideal values to avoid issues with finite precision.
  warnings.warn("Issues encountered while parsing CIF: " + "\n".join(self.warnings))
==============================
*** Open Babel Warning  in PerceiveBondOrders
  Failed to kekulize aromatic bonds in OBMol::PerceiveBondOrders (title is /home/zhangsd/repos/MOFSNN/CGCNN_MT/data/CoREMOF2019/clean_cifs/OYEROB_clean)

==============================
*** Open Babel Warning  in PerceiveBondOrders
  Failed to kekulize aromatic bonds in OBMol::PerceiveBondOrders (title is /home/zhangsd/repos/MOFSNN/CGCNN_MT/data/CoREMOF2019/clean_cifs/BIPLIX_clean)

/opt/share/miniconda3/envs/mofmthnn/lib/python3.9/site-packages/pymatgen/io/cif.py:1229: UserWarning: Issues encountered while parsing CIF: 4 fractional coordinates rounded to ideal values to avoid issues with finite precision.
  warnings.warn("Issues encountered while parsing CIF: " + "\n".join(self.warnings))
/opt/share/miniconda3/envs/mofmthnn/lib/python3.9/site-packages/ase/io/cif.py:401: UserWarning: crystal system 'triclinic' is not interpreted for space group Spacegroup(1, setting=1). This may result in wrong setting!
  warnings.warn(
==============================
*** Open Babel Warning  in PerceiveBondOrders
  Failed to kekulize aromatic bonds in OBMol::PerceiveBondOrders (title is /home/zhangsd/repos/MOFSNN/CGCNN_MT/data/CoREMOF2019/clean_cifs/BONNIC_clean)

/opt/share/miniconda3/envs/mofmthnn/lib/python3.9/site-packages/pymatgen/io/cif.py:1229: UserWarning: Issues encountered while parsing CIF: 3 fractional coordinates rounded to ideal values to avoid issues with finite precision.
  warnings.warn("Issues encountered while parsing CIF: " + "\n".join(self.warnings))
==============================
*** Open Babel Warning  in PerceiveBondOrders
  Failed to kekulize aromatic bonds in OBMol::PerceiveBondOrders (title is /home/zhangsd/repos/MOFSNN/CGCNN_MT/data/CoREMOF2019/clean_cifs/OWAVIS_clean)

/opt/share/miniconda3/envs/mofmthnn/lib/python3.9/site-packages/pymatgen/io/cif.py:1229: UserWarning: Issues encountered while parsing CIF: 1 fractional coordinates rounded to ideal values to avoid issues with finite precision.
  warnings.warn("Issues encountered while parsing CIF: " + "\n".join(self.warnings))
==============================
*** Open Babel Warning  in PerceiveBondOrders
  Failed to kekulize aromatic bonds in OBMol::PerceiveBondOrders (title is /home/zhangsd/repos/MOFSNN/CGCNN_MT/data/CoREMOF2019/clean_cifs/IDAGUR_clean)

==============================
*** Open Babel Warning  in PerceiveBondOrders
  Failed to kekulize aromatic bonds in OBMol::PerceiveBondOrders (title is /home/zhangsd/repos/MOFSNN/CGCNN_MT/data/CoREMOF2019/clean_cifs/HATZOS02_clean)

==============================
*** Open Babel Warning  in PerceiveBondOrders
  Failed to kekulize aromatic bonds in OBMol::PerceiveBondOrders (title is /home/zhangsd/repos/MOFSNN/CGCNN_MT/data/CoREMOF2019/clean_cifs/UGUQUK_clean)

==============================
*** Open Babel Warning  in PerceiveBondOrders
  Failed to kekulize aromatic bonds in OBMol::PerceiveBondOrders (title is /home/zhangsd/repos/MOFSNN/CGCNN_MT/data/CoREMOF2019/clean_cifs/ATULIM_clean)

==============================
*** Open Babel Warning  in PerceiveBondOrders
  Failed to kekulize aromatic bonds in OBMol::PerceiveBondOrders (title is /home/zhangsd/repos/MOFSNN/CGCNN_MT/data/CoREMOF2019/clean_cifs/FIFNUE_clean)

==============================
*** Open Babel Warning  in PerceiveBondOrders
  Failed to kekulize aromatic bonds in OBMol::PerceiveBondOrders (title is /home/zhangsd/repos/MOFSNN/CGCNN_MT/data/CoREMOF2019/clean_cifs/SUJREV_clean)

==============================
*** Open Babel Warning  in PerceiveBondOrders
  Failed to kekulize aromatic bonds in OBMol::PerceiveBondOrders (title is /home/zhangsd/repos/MOFSNN/CGCNN_MT/data/CoREMOF2019/clean_cifs/WARFAZ_clean)

==============================
*** Open Babel Warning  in PerceiveBondOrders
  Failed to kekulize aromatic bonds in OBMol::PerceiveBondOrders (title is /home/zhangsd/repos/MOFSNN/CGCNN_MT/data/CoREMOF2019/clean_cifs/XANZAQ04_clean)

==============================
*** Open Babel Warning  in PerceiveBondOrders
  Failed to kekulize aromatic bonds in OBMol::PerceiveBondOrders (title is /home/zhangsd/repos/MOFSNN/CGCNN_MT/data/CoREMOF2019/clean_cifs/IBUYAH_clean)

==============================
*** Open Babel Warning  in PerceiveBondOrders
  Failed to kekulize aromatic bonds in OBMol::PerceiveBondOrders (title is /home/zhangsd/repos/MOFSNN/CGCNN_MT/data/CoREMOF2019/clean_cifs/LECFUW_charged)

==============================
*** Open Babel Warning  in PerceiveBondOrders
  Failed to kekulize aromatic bonds in OBMol::PerceiveBondOrders (title is /home/zhangsd/repos/MOFSNN/CGCNN_MT/data/CoREMOF2019/clean_cifs/cg5010616_si_003_clean)

/opt/share/miniconda3/envs/mofmthnn/lib/python3.9/site-packages/pymatgen/io/cif.py:1229: UserWarning: Issues encountered while parsing CIF: 4 fractional coordinates rounded to ideal values to avoid issues with finite precision.
  warnings.warn("Issues encountered while parsing CIF: " + "\n".join(self.warnings))
/opt/share/miniconda3/envs/mofmthnn/lib/python3.9/site-packages/ase/io/cif.py:401: UserWarning: crystal system 'triclinic' is not interpreted for space group Spacegroup(1, setting=1). This may result in wrong setting!
  warnings.warn(
==============================
*** Open Babel Warning  in PerceiveBondOrders
  Failed to kekulize aromatic bonds in OBMol::PerceiveBondOrders (title is /home/zhangsd/repos/MOFSNN/CGCNN_MT/data/CoREMOF2019/clean_cifs/ECOGEI_clean)

==============================
*** Open Babel Warning  in PerceiveBondOrders
  Failed to kekulize aromatic bonds in OBMol::PerceiveBondOrders (title is /home/zhangsd/repos/MOFSNN/CGCNN_MT/data/CoREMOF2019/clean_cifs/CAZNUO_charged)

==============================
*** Open Babel Warning  in PerceiveBondOrders
  Failed to kekulize aromatic bonds in OBMol::PerceiveBondOrders (title is /home/zhangsd/repos/MOFSNN/CGCNN_MT/data/CoREMOF2019/clean_cifs/HOJLID_clean)

==============================
*** Open Babel Warning  in PerceiveBondOrders
  Failed to kekulize aromatic bonds in OBMol::PerceiveBondOrders (title is /home/zhangsd/repos/MOFSNN/CGCNN_MT/data/CoREMOF2019/clean_cifs/OKIYIR03_charged)

==============================
*** Open Babel Warning  in PerceiveBondOrders
  Failed to kekulize aromatic bonds in OBMol::PerceiveBondOrders (title is /home/zhangsd/repos/MOFSNN/CGCNN_MT/data/CoREMOF2019/clean_cifs/VADWON_clean)

==============================
*** Open Babel Warning  in PerceiveBondOrders
  Failed to kekulize aromatic bonds in OBMol::PerceiveBondOrders (title is /home/zhangsd/repos/MOFSNN/CGCNN_MT/data/CoREMOF2019/clean_cifs/IJEXUR_clean)

==============================
*** Open Babel Warning  in PerceiveBondOrders
  Failed to kekulize aromatic bonds in OBMol::PerceiveBondOrders (title is /home/zhangsd/repos/MOFSNN/CGCNN_MT/data/CoREMOF2019/clean_cifs/WAHMEY_clean)

==============================
*** Open Babel Warning  in PerceiveBondOrders
  Failed to kekulize aromatic bonds in OBMol::PerceiveBondOrders (title is /home/zhangsd/repos/MOFSNN/CGCNN_MT/data/CoREMOF2019/clean_cifs/QODQEH_clean)

==============================
*** Open Babel Warning  in PerceiveBondOrders
  Failed to kekulize aromatic bonds in OBMol::PerceiveBondOrders (title is /home/zhangsd/repos/MOFSNN/CGCNN_MT/data/CoREMOF2019/clean_cifs/QOSJIT_clean)

/opt/share/miniconda3/envs/mofmthnn/lib/python3.9/site-packages/pymatgen/io/cif.py:1229: UserWarning: Issues encountered while parsing CIF: 4 fractional coordinates rounded to ideal values to avoid issues with finite precision.
  warnings.warn("Issues encountered while parsing CIF: " + "\n".join(self.warnings))
==============================
*** Open Babel Warning  in PerceiveBondOrders
  Failed to kekulize aromatic bonds in OBMol::PerceiveBondOrders (title is /home/zhangsd/repos/MOFSNN/CGCNN_MT/data/CoREMOF2019/clean_cifs/MUNDOQ_clean)

/opt/share/miniconda3/envs/mofmthnn/lib/python3.9/site-packages/pymatgen/io/cif.py:1229: UserWarning: Issues encountered while parsing CIF: 1 fractional coordinates rounded to ideal values to avoid issues with finite precision.
  warnings.warn("Issues encountered while parsing CIF: " + "\n".join(self.warnings))
==============================
*** Open Babel Warning  in PerceiveBondOrders
  Failed to kekulize aromatic bonds in OBMol::PerceiveBondOrders (title is /home/zhangsd/repos/MOFSNN/CGCNN_MT/data/CoREMOF2019/clean_cifs/QOFDAS_clean)

==============================
*** Open Babel Warning  in PerceiveBondOrders
  Failed to kekulize aromatic bonds in OBMol::PerceiveBondOrders (title is /home/zhangsd/repos/MOFSNN/CGCNN_MT/data/CoREMOF2019/clean_cifs/WOPHIU_clean)

/opt/share/miniconda3/envs/mofmthnn/lib/python3.9/site-packages/pymatgen/io/cif.py:1229: UserWarning: Issues encountered while parsing CIF: 16 fractional coordinates rounded to ideal values to avoid issues with finite precision.
  warnings.warn("Issues encountered while parsing CIF: " + "\n".join(self.warnings))
==============================
*** Open Babel Warning  in PerceiveBondOrders
  Failed to kekulize aromatic bonds in OBMol::PerceiveBondOrders (title is /home/zhangsd/repos/MOFSNN/CGCNN_MT/data/CoREMOF2019/clean_cifs/IXEDUK_charged)

==============================
*** Open Babel Warning  in PerceiveBondOrders
  Failed to kekulize aromatic bonds in OBMol::PerceiveBondOrders (title is /home/zhangsd/repos/MOFSNN/CGCNN_MT/data/CoREMOF2019/clean_cifs/HUTTIA_clean)

/opt/share/miniconda3/envs/mofmthnn/lib/python3.9/site-packages/pymatgen/io/cif.py:1229: UserWarning: Issues encountered while parsing CIF: 2 fractional coordinates rounded to ideal values to avoid issues with finite precision.
  warnings.warn("Issues encountered while parsing CIF: " + "\n".join(self.warnings))
==============================
*** Open Babel Warning  in PerceiveBondOrders
  Failed to kekulize aromatic bonds in OBMol::PerceiveBondOrders (title is /home/zhangsd/repos/MOFSNN/CGCNN_MT/data/CoREMOF2019/clean_cifs/REZVAU_clean)

==============================
*** Open Babel Warning  in PerceiveBondOrders
  Failed to kekulize aromatic bonds in OBMol::PerceiveBondOrders (title is /home/zhangsd/repos/MOFSNN/CGCNN_MT/data/CoREMOF2019/clean_cifs/VEDGIW_clean)

==============================
*** Open Babel Warning  in PerceiveBondOrders
  Failed to kekulize aromatic bonds in OBMol::PerceiveBondOrders (title is /home/zhangsd/repos/MOFSNN/CGCNN_MT/data/CoREMOF2019/clean_cifs/LUMZEA_clean)

/opt/share/miniconda3/envs/mofmthnn/lib/python3.9/site-packages/ase/io/cif.py:401: UserWarning: crystal system 'triclinic' is not interpreted for space group Spacegroup(1, setting=1). This may result in wrong setting!
  warnings.warn(
/opt/share/miniconda3/envs/mofmthnn/lib/python3.9/site-packages/pymatgen/io/cif.py:1229: UserWarning: Issues encountered while parsing CIF: 4 fractional coordinates rounded to ideal values to avoid issues with finite precision.
  warnings.warn("Issues encountered while parsing CIF: " + "\n".join(self.warnings))
/opt/share/miniconda3/envs/mofmthnn/lib/python3.9/site-packages/pymatgen/io/cif.py:1229: UserWarning: Issues encountered while parsing CIF: 2 fractional coordinates rounded to ideal values to avoid issues with finite precision.
  warnings.warn("Issues encountered while parsing CIF: " + "\n".join(self.warnings))
/opt/share/miniconda3/envs/mofmthnn/lib/python3.9/site-packages/ase/io/cif.py:401: UserWarning: crystal system 'triclinic' is not interpreted for space group Spacegroup(1, setting=1). This may result in wrong setting!
  warnings.warn(
/opt/share/miniconda3/envs/mofmthnn/lib/python3.9/site-packages/pymatgen/io/cif.py:1229: UserWarning: Issues encountered while parsing CIF: 16 fractional coordinates rounded to ideal values to avoid issues with finite precision.
  warnings.warn("Issues encountered while parsing CIF: " + "\n".join(self.warnings))
==============================
*** Open Babel Warning  in PerceiveBondOrders
  Failed to kekulize aromatic bonds in OBMol::PerceiveBondOrders (title is /home/zhangsd/repos/MOFSNN/CGCNN_MT/data/CoREMOF2019/clean_cifs/DAPZAW_clean)

/opt/share/miniconda3/envs/mofmthnn/lib/python3.9/site-packages/pymatgen/io/cif.py:1229: UserWarning: Issues encountered while parsing CIF: 2 fractional coordinates rounded to ideal values to avoid issues with finite precision.
  warnings.warn("Issues encountered while parsing CIF: " + "\n".join(self.warnings))
/opt/share/miniconda3/envs/mofmthnn/lib/python3.9/site-packages/ase/io/cif.py:401: UserWarning: crystal system 'triclinic' is not interpreted for space group Spacegroup(1, setting=1). This may result in wrong setting!
  warnings.warn(
==============================
*** Open Babel Warning  in PerceiveBondOrders
  Failed to kekulize aromatic bonds in OBMol::PerceiveBondOrders (title is /home/zhangsd/repos/MOFSNN/CGCNN_MT/data/CoREMOF2019/clean_cifs/IQOHUT_clean)

/opt/share/miniconda3/envs/mofmthnn/lib/python3.9/site-packages/pymatgen/io/cif.py:1229: UserWarning: Issues encountered while parsing CIF: 8 fractional coordinates rounded to ideal values to avoid issues with finite precision.
  warnings.warn("Issues encountered while parsing CIF: " + "\n".join(self.warnings))
/opt/share/miniconda3/envs/mofmthnn/lib/python3.9/site-packages/pymatgen/io/cif.py:1229: UserWarning: Issues encountered while parsing CIF: 8 fractional coordinates rounded to ideal values to avoid issues with finite precision.
  warnings.warn("Issues encountered while parsing CIF: " + "\n".join(self.warnings))
/opt/share/miniconda3/envs/mofmthnn/lib/python3.9/site-packages/pymatgen/io/cif.py:1229: UserWarning: Issues encountered while parsing CIF: 2 fractional coordinates rounded to ideal values to avoid issues with finite precision.
  warnings.warn("Issues encountered while parsing CIF: " + "\n".join(self.warnings))
==============================
*** Open Babel Warning  in PerceiveBondOrders
  Failed to kekulize aromatic bonds in OBMol::PerceiveBondOrders (title is /home/zhangsd/repos/MOFSNN/CGCNN_MT/data/CoREMOF2019/clean_cifs/VATVOE_clean)

==============================
*** Open Babel Warning  in PerceiveBondOrders
  Failed to kekulize aromatic bonds in OBMol::PerceiveBondOrders (title is /home/zhangsd/repos/MOFSNN/CGCNN_MT/data/CoREMOF2019/clean_cifs/IJEVEA_clean)

/opt/share/miniconda3/envs/mofmthnn/lib/python3.9/site-packages/pymatgen/io/cif.py:1229: UserWarning: Issues encountered while parsing CIF: 2 fractional coordinates rounded to ideal values to avoid issues with finite precision.
  warnings.warn("Issues encountered while parsing CIF: " + "\n".join(self.warnings))
==============================
*** Open Babel Warning  in PerceiveBondOrders
  Failed to kekulize aromatic bonds in OBMol::PerceiveBondOrders (title is /home/zhangsd/repos/MOFSNN/CGCNN_MT/data/CoREMOF2019/clean_cifs/RAKCUC_clean)

==============================
*** Open Babel Warning  in PerceiveBondOrders
  Failed to kekulize aromatic bonds in OBMol::PerceiveBondOrders (title is /home/zhangsd/repos/MOFSNN/CGCNN_MT/data/CoREMOF2019/clean_cifs/LUXFUG_clean)

==============================
*** Open Babel Warning  in PerceiveBondOrders
  Failed to kekulize aromatic bonds in OBMol::PerceiveBondOrders (title is /home/zhangsd/repos/MOFSNN/CGCNN_MT/data/CoREMOF2019/clean_cifs/CUFGUH_clean)

/opt/share/miniconda3/envs/mofmthnn/lib/python3.9/site-packages/pymatgen/io/cif.py:1229: UserWarning: Issues encountered while parsing CIF: 1 fractional coordinates rounded to ideal values to avoid issues with finite precision.
  warnings.warn("Issues encountered while parsing CIF: " + "\n".join(self.warnings))
==============================
*** Open Babel Warning  in PerceiveBondOrders
  Failed to kekulize aromatic bonds in OBMol::PerceiveBondOrders (title is /home/zhangsd/repos/MOFSNN/CGCNN_MT/data/CoREMOF2019/clean_cifs/NUHNUA_clean)

==============================
*** Open Babel Warning  in PerceiveBondOrders
  Failed to kekulize aromatic bonds in OBMol::PerceiveBondOrders (title is /home/zhangsd/repos/MOFSNN/CGCNN_MT/data/CoREMOF2019/clean_cifs/HIVQAG_clean)

==============================
*** Open Babel Warning  in PerceiveBondOrders
  Failed to kekulize aromatic bonds in OBMol::PerceiveBondOrders (title is /home/zhangsd/repos/MOFSNN/CGCNN_MT/data/CoREMOF2019/clean_cifs/DACFAR_clean)

==============================
*** Open Babel Warning  in PerceiveBondOrders
  Failed to kekulize aromatic bonds in OBMol::PerceiveBondOrders (title is /home/zhangsd/repos/MOFSNN/CGCNN_MT/data/CoREMOF2019/clean_cifs/LUVTAY_clean)

/opt/share/miniconda3/envs/mofmthnn/lib/python3.9/site-packages/pymatgen/io/cif.py:1229: UserWarning: Issues encountered while parsing CIF: 2 fractional coordinates rounded to ideal values to avoid issues with finite precision.
  warnings.warn("Issues encountered while parsing CIF: " + "\n".join(self.warnings))
==============================
*** Open Babel Warning  in PerceiveBondOrders
  Failed to kekulize aromatic bonds in OBMol::PerceiveBondOrders (title is /home/zhangsd/repos/MOFSNN/CGCNN_MT/data/CoREMOF2019/clean_cifs/LOXWAY_clean)

==============================
*** Open Babel Warning  in PerceiveBondOrders
  Failed to kekulize aromatic bonds in OBMol::PerceiveBondOrders (title is /home/zhangsd/repos/MOFSNN/CGCNN_MT/data/CoREMOF2019/clean_cifs/DIVPUU_clean)

/opt/share/miniconda3/envs/mofmthnn/lib/python3.9/site-packages/pymatgen/io/cif.py:1229: UserWarning: Issues encountered while parsing CIF: 2 fractional coordinates rounded to ideal values to avoid issues with finite precision.
  warnings.warn("Issues encountered while parsing CIF: " + "\n".join(self.warnings))
==============================
*** Open Babel Warning  in PerceiveBondOrders
  Failed to kekulize aromatic bonds in OBMol::PerceiveBondOrders (title is /home/zhangsd/repos/MOFSNN/CGCNN_MT/data/CoREMOF2019/clean_cifs/TEFWIL_clean)

==============================
*** Open Babel Warning  in PerceiveBondOrders
  Failed to kekulize aromatic bonds in OBMol::PerceiveBondOrders (title is /home/zhangsd/repos/MOFSNN/CGCNN_MT/data/CoREMOF2019/clean_cifs/SEFVEG_clean)

==============================
*** Open Babel Warning  in PerceiveBondOrders
  Failed to kekulize aromatic bonds in OBMol::PerceiveBondOrders (title is /home/zhangsd/repos/MOFSNN/CGCNN_MT/data/CoREMOF2019/clean_cifs/VEYREX_clean)

==============================
*** Open Babel Warning  in PerceiveBondOrders
  Failed to kekulize aromatic bonds in OBMol::PerceiveBondOrders (title is /home/zhangsd/repos/MOFSNN/CGCNN_MT/data/CoREMOF2019/clean_cifs/EZOBUR02_clean)

==============================
*** Open Babel Warning  in PerceiveBondOrders
  Failed to kekulize aromatic bonds in OBMol::PerceiveBondOrders (title is /home/zhangsd/repos/MOFSNN/CGCNN_MT/data/CoREMOF2019/clean_cifs/RONSIY_clean)

==============================
*** Open Babel Warning  in PerceiveBondOrders
  Failed to kekulize aromatic bonds in OBMol::PerceiveBondOrders (title is /home/zhangsd/repos/MOFSNN/CGCNN_MT/data/CoREMOF2019/clean_cifs/LIPQOR_clean)

==============================
*** Open Babel Warning  in PerceiveBondOrders
  Failed to kekulize aromatic bonds in OBMol::PerceiveBondOrders (title is /home/zhangsd/repos/MOFSNN/CGCNN_MT/data/CoREMOF2019/clean_cifs/TUTHIA_clean)

/opt/share/miniconda3/envs/mofmthnn/lib/python3.9/site-packages/ase/io/cif.py:401: UserWarning: crystal system 'triclinic' is not interpreted for space group Spacegroup(1, setting=1). This may result in wrong setting!
  warnings.warn(
==============================
*** Open Babel Warning  in PerceiveBondOrders
  Failed to kekulize aromatic bonds in OBMol::PerceiveBondOrders (title is /home/zhangsd/repos/MOFSNN/CGCNN_MT/data/CoREMOF2019/clean_cifs/BUXTOF_clean)

==============================
*** Open Babel Warning  in PerceiveBondOrders
  Failed to kekulize aromatic bonds in OBMol::PerceiveBondOrders (title is /home/zhangsd/repos/MOFSNN/CGCNN_MT/data/CoREMOF2019/clean_cifs/HOFSOL_clean)

==============================
*** Open Babel Warning  in PerceiveBondOrders
  Failed to kekulize aromatic bonds in OBMol::PerceiveBondOrders (title is /home/zhangsd/repos/MOFSNN/CGCNN_MT/data/CoREMOF2019/clean_cifs/RAXQEO_clean)

==============================
*** Open Babel Warning  in PerceiveBondOrders
  Failed to kekulize aromatic bonds in OBMol::PerceiveBondOrders (title is /home/zhangsd/repos/MOFSNN/CGCNN_MT/data/CoREMOF2019/clean_cifs/QOFDIA_clean)

==============================
*** Open Babel Warning  in PerceiveBondOrders
  Failed to kekulize aromatic bonds in OBMol::PerceiveBondOrders (title is /home/zhangsd/repos/MOFSNN/CGCNN_MT/data/CoREMOF2019/clean_cifs/AQUDIB_clean)

==============================
*** Open Babel Warning  in PerceiveBondOrders
  Failed to kekulize aromatic bonds in OBMol::PerceiveBondOrders (title is /home/zhangsd/repos/MOFSNN/CGCNN_MT/data/CoREMOF2019/clean_cifs/XEFKOI_clean)

==============================
*** Open Babel Warning  in PerceiveBondOrders
  Failed to kekulize aromatic bonds in OBMol::PerceiveBondOrders (title is /home/zhangsd/repos/MOFSNN/CGCNN_MT/data/CoREMOF2019/clean_cifs/TACWOM_clean)

==============================
*** Open Babel Warning  in PerceiveBondOrders
  Failed to kekulize aromatic bonds in OBMol::PerceiveBondOrders (title is /home/zhangsd/repos/MOFSNN/CGCNN_MT/data/CoREMOF2019/clean_cifs/IYEHAX_clean)

==============================
*** Open Babel Warning  in PerceiveBondOrders
  Failed to kekulize aromatic bonds in OBMol::PerceiveBondOrders (title is /home/zhangsd/repos/MOFSNN/CGCNN_MT/data/CoREMOF2019/clean_cifs/QOFDIA07_clean)

==============================
*** Open Babel Warning  in PerceiveBondOrders
  Failed to kekulize aromatic bonds in OBMol::PerceiveBondOrders (title is /home/zhangsd/repos/MOFSNN/CGCNN_MT/data/CoREMOF2019/clean_cifs/XANMUX_clean)

==============================
*** Open Babel Warning  in PerceiveBondOrders
  Failed to kekulize aromatic bonds in OBMol::PerceiveBondOrders (title is /home/zhangsd/repos/MOFSNN/CGCNN_MT/data/CoREMOF2019/clean_cifs/DUKDOD_clean)

==============================
*** Open Babel Warning  in PerceiveBondOrders
  Failed to kekulize aromatic bonds in OBMol::PerceiveBondOrders (title is /home/zhangsd/repos/MOFSNN/CGCNN_MT/data/CoREMOF2019/clean_cifs/JODFOZ_clean)

/opt/share/miniconda3/envs/mofmthnn/lib/python3.9/site-packages/ase/io/cif.py:401: UserWarning: crystal system 'triclinic' is not interpreted for space group Spacegroup(1, setting=1). This may result in wrong setting!
  warnings.warn(
/opt/share/miniconda3/envs/mofmthnn/lib/python3.9/site-packages/pymatgen/io/cif.py:1229: UserWarning: Issues encountered while parsing CIF: 4 fractional coordinates rounded to ideal values to avoid issues with finite precision.
  warnings.warn("Issues encountered while parsing CIF: " + "\n".join(self.warnings))
==============================
*** Open Babel Warning  in PerceiveBondOrders
  Failed to kekulize aromatic bonds in OBMol::PerceiveBondOrders (title is /home/zhangsd/repos/MOFSNN/CGCNN_MT/data/CoREMOF2019/clean_cifs/URUWEL_clean)

/opt/share/miniconda3/envs/mofmthnn/lib/python3.9/site-packages/ase/io/cif.py:401: UserWarning: crystal system 'triclinic' is not interpreted for space group Spacegroup(1, setting=1). This may result in wrong setting!
  warnings.warn(
==============================
*** Open Babel Warning  in PerceiveBondOrders
  Failed to kekulize aromatic bonds in OBMol::PerceiveBondOrders (title is /home/zhangsd/repos/MOFSNN/CGCNN_MT/data/CoREMOF2019/clean_cifs/QODPOQ_clean)

==============================
*** Open Babel Warning  in PerceiveBondOrders
  Failed to kekulize aromatic bonds in OBMol::PerceiveBondOrders (title is /home/zhangsd/repos/MOFSNN/CGCNN_MT/data/CoREMOF2019/clean_cifs/CUMJEB_clean)

/opt/share/miniconda3/envs/mofmthnn/lib/python3.9/site-packages/pymatgen/io/cif.py:1229: UserWarning: Issues encountered while parsing CIF: 1 fractional coordinates rounded to ideal values to avoid issues with finite precision.
  warnings.warn("Issues encountered while parsing CIF: " + "\n".join(self.warnings))
==============================
*** Open Babel Warning  in PerceiveBondOrders
  Failed to kekulize aromatic bonds in OBMol::PerceiveBondOrders (title is /home/zhangsd/repos/MOFSNN/CGCNN_MT/data/CoREMOF2019/clean_cifs/VEJZIU_clean)

==============================
*** Open Babel Warning  in PerceiveBondOrders
  Failed to kekulize aromatic bonds in OBMol::PerceiveBondOrders (title is /home/zhangsd/repos/MOFSNN/CGCNN_MT/data/CoREMOF2019/clean_cifs/AMUFOF_clean)

==============================
*** Open Babel Warning  in PerceiveBondOrders
  Failed to kekulize aromatic bonds in OBMol::PerceiveBondOrders (title is /home/zhangsd/repos/MOFSNN/CGCNN_MT/data/CoREMOF2019/clean_cifs/c4dt03702b_c4dt03702b2_clean)

==============================
*** Open Babel Warning  in PerceiveBondOrders
  Failed to kekulize aromatic bonds in OBMol::PerceiveBondOrders (title is /home/zhangsd/repos/MOFSNN/CGCNN_MT/data/CoREMOF2019/clean_cifs/BIZMAA_clean)

/opt/share/miniconda3/envs/mofmthnn/lib/python3.9/site-packages/pymatgen/io/cif.py:1229: UserWarning: Issues encountered while parsing CIF: 2 fractional coordinates rounded to ideal values to avoid issues with finite precision.
  warnings.warn("Issues encountered while parsing CIF: " + "\n".join(self.warnings))
/opt/share/miniconda3/envs/mofmthnn/lib/python3.9/site-packages/pymatgen/io/cif.py:1229: UserWarning: Issues encountered while parsing CIF: 24 fractional coordinates rounded to ideal values to avoid issues with finite precision.
  warnings.warn("Issues encountered while parsing CIF: " + "\n".join(self.warnings))
==============================
*** Open Babel Warning  in PerceiveBondOrders
  Failed to kekulize aromatic bonds in OBMol::PerceiveBondOrders (title is /home/zhangsd/repos/MOFSNN/CGCNN_MT/data/CoREMOF2019/clean_cifs/AQUCOG_clean)

==============================
*** Open Babel Warning  in PerceiveBondOrders
  Failed to kekulize aromatic bonds in OBMol::PerceiveBondOrders (title is /home/zhangsd/repos/MOFSNN/CGCNN_MT/data/CoREMOF2019/clean_cifs/SUFJIO_clean)

==============================
*** Open Babel Warning  in PerceiveBondOrders
  Failed to kekulize aromatic bonds in OBMol::PerceiveBondOrders (title is /home/zhangsd/repos/MOFSNN/CGCNN_MT/data/CoREMOF2019/clean_cifs/FUNFOL_clean)

==============================
*** Open Babel Warning  in PerceiveBondOrders
  Failed to kekulize aromatic bonds in OBMol::PerceiveBondOrders (title is /home/zhangsd/repos/MOFSNN/CGCNN_MT/data/CoREMOF2019/clean_cifs/NEXVUI_clean)

/opt/share/miniconda3/envs/mofmthnn/lib/python3.9/site-packages/ase/io/cif.py:401: UserWarning: crystal system 'triclinic' is not interpreted for space group Spacegroup(1, setting=1). This may result in wrong setting!
  warnings.warn(
/opt/share/miniconda3/envs/mofmthnn/lib/python3.9/site-packages/ase/io/cif.py:401: UserWarning: crystal system 'triclinic' is not interpreted for space group Spacegroup(1, setting=1). This may result in wrong setting!
  warnings.warn(
==============================
*** Open Babel Warning  in PerceiveBondOrders
  Failed to kekulize aromatic bonds in OBMol::PerceiveBondOrders (title is /home/zhangsd/repos/MOFSNN/CGCNN_MT/data/CoREMOF2019/clean_cifs/HAPHUD_clean)

==============================
*** Open Babel Warning  in PerceiveBondOrders
  Failed to kekulize aromatic bonds in OBMol::PerceiveBondOrders (title is /home/zhangsd/repos/MOFSNN/CGCNN_MT/data/CoREMOF2019/clean_cifs/IFAREN_charged)

==============================
*** Open Babel Warning  in PerceiveBondOrders
  Failed to kekulize aromatic bonds in OBMol::PerceiveBondOrders (title is /home/zhangsd/repos/MOFSNN/CGCNN_MT/data/CoREMOF2019/clean_cifs/OLOPOW_clean)

/opt/share/miniconda3/envs/mofmthnn/lib/python3.9/site-packages/pymatgen/io/cif.py:1229: UserWarning: Issues encountered while parsing CIF: 2 fractional coordinates rounded to ideal values to avoid issues with finite precision.
  warnings.warn("Issues encountered while parsing CIF: " + "\n".join(self.warnings))
==============================
*** Open Babel Warning  in PerceiveBondOrders
  Failed to kekulize aromatic bonds in OBMol::PerceiveBondOrders (title is /home/zhangsd/repos/MOFSNN/CGCNN_MT/data/CoREMOF2019/clean_cifs/ELAFUT_clean)

/opt/share/miniconda3/envs/mofmthnn/lib/python3.9/site-packages/pymatgen/io/cif.py:1229: UserWarning: Issues encountered while parsing CIF: 6 fractional coordinates rounded to ideal values to avoid issues with finite precision.
  warnings.warn("Issues encountered while parsing CIF: " + "\n".join(self.warnings))
/opt/share/miniconda3/envs/mofmthnn/lib/python3.9/site-packages/ase/io/cif.py:401: UserWarning: crystal system 'triclinic' is not interpreted for space group Spacegroup(1, setting=1). This may result in wrong setting!
  warnings.warn(
==============================
*** Open Babel Warning  in PerceiveBondOrders
  Failed to kekulize aromatic bonds in OBMol::PerceiveBondOrders (title is /home/zhangsd/repos/MOFSNN/CGCNN_MT/data/CoREMOF2019/clean_cifs/LUXDUE_clean)

==============================
*** Open Babel Warning  in PerceiveBondOrders
  Failed to kekulize aromatic bonds in OBMol::PerceiveBondOrders (title is /home/zhangsd/repos/MOFSNN/CGCNN_MT/data/CoREMOF2019/clean_cifs/YORZAH_clean)

==============================
*** Open Babel Warning  in PerceiveBondOrders
  Failed to kekulize aromatic bonds in OBMol::PerceiveBondOrders (title is /home/zhangsd/repos/MOFSNN/CGCNN_MT/data/CoREMOF2019/clean_cifs/PUWVAG_clean)

==============================
*** Open Babel Warning  in PerceiveBondOrders
  Failed to kekulize aromatic bonds in OBMol::PerceiveBondOrders (title is /home/zhangsd/repos/MOFSNN/CGCNN_MT/data/CoREMOF2019/clean_cifs/ADAVAE_clean)

==============================
*** Open Babel Warning  in PerceiveBondOrders
  Failed to kekulize aromatic bonds in OBMol::PerceiveBondOrders (title is /home/zhangsd/repos/MOFSNN/CGCNN_MT/data/CoREMOF2019/clean_cifs/OZULUS_clean)

/opt/share/miniconda3/envs/mofmthnn/lib/python3.9/site-packages/ase/io/cif.py:401: UserWarning: crystal system 'triclinic' is not interpreted for space group Spacegroup(1, setting=1). This may result in wrong setting!
  warnings.warn(
/opt/share/miniconda3/envs/mofmthnn/lib/python3.9/site-packages/ase/io/cif.py:401: UserWarning: crystal system 'triclinic' is not interpreted for space group Spacegroup(1, setting=1). This may result in wrong setting!
  warnings.warn(
==============================
*** Open Babel Warning  in PerceiveBondOrders
  Failed to kekulize aromatic bonds in OBMol::PerceiveBondOrders (title is /home/zhangsd/repos/MOFSNN/CGCNN_MT/data/CoREMOF2019/clean_cifs/ic202769e_si_002_clean)

/opt/share/miniconda3/envs/mofmthnn/lib/python3.9/site-packages/pymatgen/io/cif.py:1229: UserWarning: Issues encountered while parsing CIF: 12 fractional coordinates rounded to ideal values to avoid issues with finite precision.
  warnings.warn("Issues encountered while parsing CIF: " + "\n".join(self.warnings))
==============================
*** Open Babel Warning  in PerceiveBondOrders
  Failed to kekulize aromatic bonds in OBMol::PerceiveBondOrders (title is /home/zhangsd/repos/MOFSNN/CGCNN_MT/data/CoREMOF2019/clean_cifs/WEDQED_clean)

==============================
*** Open Babel Warning  in PerceiveBondOrders
  Failed to kekulize aromatic bonds in OBMol::PerceiveBondOrders (title is /home/zhangsd/repos/MOFSNN/CGCNN_MT/data/CoREMOF2019/clean_cifs/KEHGOV_manual)

==============================
*** Open Babel Warning  in PerceiveBondOrders
  Failed to kekulize aromatic bonds in OBMol::PerceiveBondOrders (title is /home/zhangsd/repos/MOFSNN/CGCNN_MT/data/CoREMOF2019/clean_cifs/EBATUY_clean)

==============================
*** Open Babel Warning  in PerceiveBondOrders
  Failed to kekulize aromatic bonds in OBMol::PerceiveBondOrders (title is /home/zhangsd/repos/MOFSNN/CGCNN_MT/data/CoREMOF2019/clean_cifs/QOJTUE_clean)

==============================
*** Open Babel Warning  in PerceiveBondOrders
  Failed to kekulize aromatic bonds in OBMol::PerceiveBondOrders (title is /home/zhangsd/repos/MOFSNN/CGCNN_MT/data/CoREMOF2019/clean_cifs/TEJBAN_clean)

/opt/share/miniconda3/envs/mofmthnn/lib/python3.9/site-packages/ase/io/cif.py:401: UserWarning: crystal system 'triclinic' is not interpreted for space group Spacegroup(1, setting=1). This may result in wrong setting!
  warnings.warn(
/opt/share/miniconda3/envs/mofmthnn/lib/python3.9/site-packages/pymatgen/io/cif.py:1229: UserWarning: Issues encountered while parsing CIF: 2 fractional coordinates rounded to ideal values to avoid issues with finite precision.
  warnings.warn("Issues encountered while parsing CIF: " + "\n".join(self.warnings))
/opt/share/miniconda3/envs/mofmthnn/lib/python3.9/site-packages/pymatgen/io/cif.py:1229: UserWarning: Issues encountered while parsing CIF: 48 fractional coordinates rounded to ideal values to avoid issues with finite precision.
  warnings.warn("Issues encountered while parsing CIF: " + "\n".join(self.warnings))
/opt/share/miniconda3/envs/mofmthnn/lib/python3.9/site-packages/ase/io/cif.py:401: UserWarning: crystal system 'triclinic' is not interpreted for space group Spacegroup(1, setting=1). This may result in wrong setting!
  warnings.warn(
==============================
*** Open Babel Warning  in PerceiveBondOrders
  Failed to kekulize aromatic bonds in OBMol::PerceiveBondOrders (title is /home/zhangsd/repos/MOFSNN/CGCNN_MT/data/CoREMOF2019/clean_cifs/MUDLIH_manual)

==============================
*** Open Babel Warning  in PerceiveBondOrders
  Failed to kekulize aromatic bonds in OBMol::PerceiveBondOrders (title is /home/zhangsd/repos/MOFSNN/CGCNN_MT/data/CoREMOF2019/clean_cifs/TEJQAC_clean)

/opt/share/miniconda3/envs/mofmthnn/lib/python3.9/site-packages/pymatgen/io/cif.py:1229: UserWarning: Issues encountered while parsing CIF: 8 fractional coordinates rounded to ideal values to avoid issues with finite precision.
  warnings.warn("Issues encountered while parsing CIF: " + "\n".join(self.warnings))
==============================
*** Open Babel Warning  in PerceiveBondOrders
  Failed to kekulize aromatic bonds in OBMol::PerceiveBondOrders (title is /home/zhangsd/repos/MOFSNN/CGCNN_MT/data/CoREMOF2019/clean_cifs/BIHMUC_clean)

==============================
*** Open Babel Warning  in PerceiveBondOrders
  Failed to kekulize aromatic bonds in OBMol::PerceiveBondOrders (title is /home/zhangsd/repos/MOFSNN/CGCNN_MT/data/CoREMOF2019/clean_cifs/PACHUZ_clean)

==============================
*** Open Babel Warning  in PerceiveBondOrders
  Failed to kekulize aromatic bonds in OBMol::PerceiveBondOrders (title is /home/zhangsd/repos/MOFSNN/CGCNN_MT/data/CoREMOF2019/clean_cifs/UNIPAJ_clean)

==============================
*** Open Babel Warning  in PerceiveBondOrders
  Failed to kekulize aromatic bonds in OBMol::PerceiveBondOrders (title is /home/zhangsd/repos/MOFSNN/CGCNN_MT/data/CoREMOF2019/clean_cifs/MOJJUR_clean)

==============================
*** Open Babel Warning  in PerceiveBondOrders
  Failed to kekulize aromatic bonds in OBMol::PerceiveBondOrders (title is /home/zhangsd/repos/MOFSNN/CGCNN_MT/data/CoREMOF2019/clean_cifs/UBACOR_clean)

==============================
*** Open Babel Warning  in PerceiveBondOrders
  Failed to kekulize aromatic bonds in OBMol::PerceiveBondOrders (title is /home/zhangsd/repos/MOFSNN/CGCNN_MT/data/CoREMOF2019/clean_cifs/QONLEM_clean)

==============================
*** Open Babel Warning  in PerceiveBondOrders
  Failed to kekulize aromatic bonds in OBMol::PerceiveBondOrders (title is /home/zhangsd/repos/MOFSNN/CGCNN_MT/data/CoREMOF2019/clean_cifs/LUXFOA_clean)

/opt/share/miniconda3/envs/mofmthnn/lib/python3.9/site-packages/pymatgen/io/cif.py:1229: UserWarning: Issues encountered while parsing CIF: 1 fractional coordinates rounded to ideal values to avoid issues with finite precision.
  warnings.warn("Issues encountered while parsing CIF: " + "\n".join(self.warnings))
==============================
*** Open Babel Warning  in PerceiveBondOrders
  Failed to kekulize aromatic bonds in OBMol::PerceiveBondOrders (title is /home/zhangsd/repos/MOFSNN/CGCNN_MT/data/CoREMOF2019/clean_cifs/QOFBIY01_clean)

==============================
*** Open Babel Warning  in PerceiveBondOrders
  Failed to kekulize aromatic bonds in OBMol::PerceiveBondOrders (title is /home/zhangsd/repos/MOFSNN/CGCNN_MT/data/CoREMOF2019/clean_cifs/EKIGOW_clean)

/opt/share/miniconda3/envs/mofmthnn/lib/python3.9/site-packages/pymatgen/io/cif.py:1229: UserWarning: Issues encountered while parsing CIF: 2 fractional coordinates rounded to ideal values to avoid issues with finite precision.
  warnings.warn("Issues encountered while parsing CIF: " + "\n".join(self.warnings))
==============================
*** Open Babel Warning  in PerceiveBondOrders
  Failed to kekulize aromatic bonds in OBMol::PerceiveBondOrders (title is /home/zhangsd/repos/MOFSNN/CGCNN_MT/data/CoREMOF2019/clean_cifs/BIHBAX_clean)

/opt/share/miniconda3/envs/mofmthnn/lib/python3.9/site-packages/ase/io/cif.py:401: UserWarning: crystal system 'triclinic' is not interpreted for space group Spacegroup(1, setting=1). This may result in wrong setting!
  warnings.warn(
==============================
*** Open Babel Warning  in PerceiveBondOrders
  Failed to kekulize aromatic bonds in OBMol::PerceiveBondOrders (title is /home/zhangsd/repos/MOFSNN/CGCNN_MT/data/CoREMOF2019/clean_cifs/IYIHUU_manual)

==============================
*** Open Babel Warning  in PerceiveBondOrders
  Failed to kekulize aromatic bonds in OBMol::PerceiveBondOrders (title is /home/zhangsd/repos/MOFSNN/CGCNN_MT/data/CoREMOF2019/clean_cifs/SAJKUM_clean)

/opt/share/miniconda3/envs/mofmthnn/lib/python3.9/site-packages/ase/io/cif.py:401: UserWarning: crystal system 'triclinic' is not interpreted for space group Spacegroup(1, setting=1). This may result in wrong setting!
  warnings.warn(
/opt/share/miniconda3/envs/mofmthnn/lib/python3.9/site-packages/pymatgen/io/cif.py:1229: UserWarning: Issues encountered while parsing CIF: 4 fractional coordinates rounded to ideal values to avoid issues with finite precision.
  warnings.warn("Issues encountered while parsing CIF: " + "\n".join(self.warnings))
==============================
*** Open Babel Warning  in PerceiveBondOrders
  Failed to kekulize aromatic bonds in OBMol::PerceiveBondOrders (title is /home/zhangsd/repos/MOFSNN/CGCNN_MT/data/CoREMOF2019/clean_cifs/FEVNIE_charged)

==============================
*** Open Babel Warning  in PerceiveBondOrders
  Failed to kekulize aromatic bonds in OBMol::PerceiveBondOrders (title is /home/zhangsd/repos/MOFSNN/CGCNN_MT/data/CoREMOF2019/clean_cifs/XUVHEB_clean)

/opt/share/miniconda3/envs/mofmthnn/lib/python3.9/site-packages/pymatgen/io/cif.py:1229: UserWarning: Issues encountered while parsing CIF: 4 fractional coordinates rounded to ideal values to avoid issues with finite precision.
  warnings.warn("Issues encountered while parsing CIF: " + "\n".join(self.warnings))
==============================
*** Open Babel Warning  in PerceiveBondOrders
  Failed to kekulize aromatic bonds in OBMol::PerceiveBondOrders (title is /home/zhangsd/repos/MOFSNN/CGCNN_MT/data/CoREMOF2019/clean_cifs/WONXIH_clean)

==============================
*** Open Babel Warning  in PerceiveBondOrders
  Failed to kekulize aromatic bonds in OBMol::PerceiveBondOrders (title is /home/zhangsd/repos/MOFSNN/CGCNN_MT/data/CoREMOF2019/clean_cifs/EMAMUC_clean)

==============================
*** Open Babel Warning  in PerceiveBondOrders
  Failed to kekulize aromatic bonds in OBMol::PerceiveBondOrders (title is /home/zhangsd/repos/MOFSNN/CGCNN_MT/data/CoREMOF2019/clean_cifs/XOTXUB_clean)

/opt/share/miniconda3/envs/mofmthnn/lib/python3.9/site-packages/ase/io/cif.py:401: UserWarning: crystal system 'triclinic' is not interpreted for space group Spacegroup(1, setting=1). This may result in wrong setting!
  warnings.warn(
==============================
*** Open Babel Warning  in PerceiveBondOrders
  Failed to kekulize aromatic bonds in OBMol::PerceiveBondOrders (title is /home/zhangsd/repos/MOFSNN/CGCNN_MT/data/CoREMOF2019/clean_cifs/ncomms7350-s2_clean)

==============================
*** Open Babel Warning  in PerceiveBondOrders
  Failed to kekulize aromatic bonds in OBMol::PerceiveBondOrders (title is /home/zhangsd/repos/MOFSNN/CGCNN_MT/data/CoREMOF2019/clean_cifs/LEQQII_clean)

/opt/share/miniconda3/envs/mofmthnn/lib/python3.9/site-packages/pymatgen/io/cif.py:1229: UserWarning: Issues encountered while parsing CIF: 2 fractional coordinates rounded to ideal values to avoid issues with finite precision.
  warnings.warn("Issues encountered while parsing CIF: " + "\n".join(self.warnings))
==============================
*** Open Babel Warning  in PerceiveBondOrders
  Failed to kekulize aromatic bonds in OBMol::PerceiveBondOrders (title is /home/zhangsd/repos/MOFSNN/CGCNN_MT/data/CoREMOF2019/clean_cifs/ARINUL_clean)

==============================
*** Open Babel Warning  in PerceiveBondOrders
  Failed to kekulize aromatic bonds in OBMol::PerceiveBondOrders (title is /home/zhangsd/repos/MOFSNN/CGCNN_MT/data/CoREMOF2019/clean_cifs/MIXBIG_auto)

==============================
*** Open Babel Warning  in PerceiveBondOrders
  Failed to kekulize aromatic bonds in OBMol::PerceiveBondOrders (title is /home/zhangsd/repos/MOFSNN/CGCNN_MT/data/CoREMOF2019/clean_cifs/NIKJIB_clean)

/opt/share/miniconda3/envs/mofmthnn/lib/python3.9/site-packages/pymatgen/io/cif.py:1229: UserWarning: Issues encountered while parsing CIF: 2 fractional coordinates rounded to ideal values to avoid issues with finite precision.
  warnings.warn("Issues encountered while parsing CIF: " + "\n".join(self.warnings))
/opt/share/miniconda3/envs/mofmthnn/lib/python3.9/site-packages/pymatgen/io/cif.py:1229: UserWarning: Issues encountered while parsing CIF: 12 fractional coordinates rounded to ideal values to avoid issues with finite precision.
  warnings.warn("Issues encountered while parsing CIF: " + "\n".join(self.warnings))
==============================
*** Open Babel Warning  in PerceiveBondOrders
  Failed to kekulize aromatic bonds in OBMol::PerceiveBondOrders (title is /home/zhangsd/repos/MOFSNN/CGCNN_MT/data/CoREMOF2019/clean_cifs/KUKHAB_clean)

/opt/share/miniconda3/envs/mofmthnn/lib/python3.9/site-packages/pymatgen/io/cif.py:1229: UserWarning: Issues encountered while parsing CIF: 8 fractional coordinates rounded to ideal values to avoid issues with finite precision.
  warnings.warn("Issues encountered while parsing CIF: " + "\n".join(self.warnings))
/opt/share/miniconda3/envs/mofmthnn/lib/python3.9/site-packages/pymatgen/io/cif.py:1229: UserWarning: Issues encountered while parsing CIF: 24 fractional coordinates rounded to ideal values to avoid issues with finite precision.
  warnings.warn("Issues encountered while parsing CIF: " + "\n".join(self.warnings))
/opt/share/miniconda3/envs/mofmthnn/lib/python3.9/site-packages/ase/io/cif.py:401: UserWarning: crystal system 'triclinic' is not interpreted for space group Spacegroup(1, setting=1). This may result in wrong setting!
  warnings.warn(
/opt/share/miniconda3/envs/mofmthnn/lib/python3.9/site-packages/ase/io/cif.py:401: UserWarning: crystal system 'triclinic' is not interpreted for space group Spacegroup(1, setting=1). This may result in wrong setting!
  warnings.warn(
==============================
*** Open Babel Warning  in PerceiveBondOrders
  Failed to kekulize aromatic bonds in OBMol::PerceiveBondOrders (title is /home/zhangsd/repos/MOFSNN/CGCNN_MT/data/CoREMOF2019/clean_cifs/LUMYEZ_clean)

==============================
*** Open Babel Warning  in PerceiveBondOrders
  Failed to kekulize aromatic bonds in OBMol::PerceiveBondOrders (title is /home/zhangsd/repos/MOFSNN/CGCNN_MT/data/CoREMOF2019/clean_cifs/TOTWAC_clean)

==============================
*** Open Babel Warning  in PerceiveBondOrders
  Failed to kekulize aromatic bonds in OBMol::PerceiveBondOrders (title is /home/zhangsd/repos/MOFSNN/CGCNN_MT/data/CoREMOF2019/clean_cifs/QOFDIA01_clean)

/opt/share/miniconda3/envs/mofmthnn/lib/python3.9/site-packages/pymatgen/io/cif.py:1229: UserWarning: Issues encountered while parsing CIF: 4 fractional coordinates rounded to ideal values to avoid issues with finite precision.
  warnings.warn("Issues encountered while parsing CIF: " + "\n".join(self.warnings))
==============================
*** Open Babel Warning  in PerceiveBondOrders
  Failed to kekulize aromatic bonds in OBMol::PerceiveBondOrders (title is /home/zhangsd/repos/MOFSNN/CGCNN_MT/data/CoREMOF2019/clean_cifs/SUTJIC_clean)

==============================
*** Open Babel Warning  in PerceiveBondOrders
  Failed to kekulize aromatic bonds in OBMol::PerceiveBondOrders (title is /home/zhangsd/repos/MOFSNN/CGCNN_MT/data/CoREMOF2019/clean_cifs/SOMCON_clean)

==============================
*** Open Babel Warning  in PerceiveBondOrders
  Failed to kekulize aromatic bonds in OBMol::PerceiveBondOrders (title is /home/zhangsd/repos/MOFSNN/CGCNN_MT/data/CoREMOF2019/clean_cifs/MOSDUT_clean)

==============================
*** Open Babel Warning  in PerceiveBondOrders
  Failed to kekulize aromatic bonds in OBMol::PerceiveBondOrders (title is /home/zhangsd/repos/MOFSNN/CGCNN_MT/data/CoREMOF2019/clean_cifs/UZANEP_clean)

/opt/share/miniconda3/envs/mofmthnn/lib/python3.9/site-packages/pymatgen/io/cif.py:1229: UserWarning: Issues encountered while parsing CIF: 8 fractional coordinates rounded to ideal values to avoid issues with finite precision.
  warnings.warn("Issues encountered while parsing CIF: " + "\n".join(self.warnings))
/opt/share/miniconda3/envs/mofmthnn/lib/python3.9/site-packages/pymatgen/io/cif.py:1229: UserWarning: Issues encountered while parsing CIF: 2 fractional coordinates rounded to ideal values to avoid issues with finite precision.
  warnings.warn("Issues encountered while parsing CIF: " + "\n".join(self.warnings))
==============================
*** Open Babel Warning  in PerceiveBondOrders
  Failed to kekulize aromatic bonds in OBMol::PerceiveBondOrders (title is /home/zhangsd/repos/MOFSNN/CGCNN_MT/data/CoREMOF2019/clean_cifs/OYERER_clean)

/opt/share/miniconda3/envs/mofmthnn/lib/python3.9/site-packages/pymatgen/io/cif.py:1229: UserWarning: Issues encountered while parsing CIF: 1 fractional coordinates rounded to ideal values to avoid issues with finite precision.
  warnings.warn("Issues encountered while parsing CIF: " + "\n".join(self.warnings))
/opt/share/miniconda3/envs/mofmthnn/lib/python3.9/site-packages/ase/io/cif.py:401: UserWarning: crystal system 'triclinic' is not interpreted for space group Spacegroup(1, setting=1). This may result in wrong setting!
  warnings.warn(
==============================
*** Open Babel Warning  in PerceiveBondOrders
  Failed to kekulize aromatic bonds in OBMol::PerceiveBondOrders (title is /home/zhangsd/repos/MOFSNN/CGCNN_MT/data/CoREMOF2019/clean_cifs/EKUPEG_clean)

==============================
*** Open Babel Warning  in PerceiveBondOrders
  Failed to kekulize aromatic bonds in OBMol::PerceiveBondOrders (title is /home/zhangsd/repos/MOFSNN/CGCNN_MT/data/CoREMOF2019/clean_cifs/MICNUI_clean)

==============================
*** Open Babel Warning  in PerceiveBondOrders
  Failed to kekulize aromatic bonds in OBMol::PerceiveBondOrders (title is /home/zhangsd/repos/MOFSNN/CGCNN_MT/data/CoREMOF2019/clean_cifs/RIYDEJ_clean)

==============================
*** Open Babel Warning  in PerceiveBondOrders
  Failed to kekulize aromatic bonds in OBMol::PerceiveBondOrders (title is /home/zhangsd/repos/MOFSNN/CGCNN_MT/data/CoREMOF2019/clean_cifs/PEJMUN_charged)

==============================
*** Open Babel Warning  in PerceiveBondOrders
  Failed to kekulize aromatic bonds in OBMol::PerceiveBondOrders (title is /home/zhangsd/repos/MOFSNN/CGCNN_MT/data/CoREMOF2019/clean_cifs/cg300827e_si_003_clean)

==============================
*** Open Babel Warning  in PerceiveBondOrders
  Failed to kekulize aromatic bonds in OBMol::PerceiveBondOrders (title is /home/zhangsd/repos/MOFSNN/CGCNN_MT/data/CoREMOF2019/clean_cifs/AVELUJ_clean)

/opt/share/miniconda3/envs/mofmthnn/lib/python3.9/site-packages/pymatgen/io/cif.py:1229: UserWarning: Issues encountered while parsing CIF: 4 fractional coordinates rounded to ideal values to avoid issues with finite precision.
  warnings.warn("Issues encountered while parsing CIF: " + "\n".join(self.warnings))
==============================
*** Open Babel Warning  in PerceiveBondOrders
  Failed to kekulize aromatic bonds in OBMol::PerceiveBondOrders (title is /home/zhangsd/repos/MOFSNN/CGCNN_MT/data/CoREMOF2019/clean_cifs/EGEJIK_manual)

/opt/share/miniconda3/envs/mofmthnn/lib/python3.9/site-packages/pymatgen/io/cif.py:1229: UserWarning: Issues encountered while parsing CIF: 8 fractional coordinates rounded to ideal values to avoid issues with finite precision.
  warnings.warn("Issues encountered while parsing CIF: " + "\n".join(self.warnings))
/opt/share/miniconda3/envs/mofmthnn/lib/python3.9/site-packages/pymatgen/io/cif.py:1229: UserWarning: Issues encountered while parsing CIF: 16 fractional coordinates rounded to ideal values to avoid issues with finite precision.
  warnings.warn("Issues encountered while parsing CIF: " + "\n".join(self.warnings))
==============================
*** Open Babel Warning  in PerceiveBondOrders
  Failed to kekulize aromatic bonds in OBMol::PerceiveBondOrders (title is /home/zhangsd/repos/MOFSNN/CGCNN_MT/data/CoREMOF2019/clean_cifs/LAZPOT_clean)

==============================
*** Open Babel Warning  in PerceiveBondOrders
  Failed to kekulize aromatic bonds in OBMol::PerceiveBondOrders (title is /home/zhangsd/repos/MOFSNN/CGCNN_MT/data/CoREMOF2019/clean_cifs/ELERIX_clean)

==============================
*** Open Babel Warning  in PerceiveBondOrders
  Failed to kekulize aromatic bonds in OBMol::PerceiveBondOrders (title is /home/zhangsd/repos/MOFSNN/CGCNN_MT/data/CoREMOF2019/clean_cifs/AQOMAW_clean)

/opt/share/miniconda3/envs/mofmthnn/lib/python3.9/site-packages/pymatgen/io/cif.py:1229: UserWarning: Issues encountered while parsing CIF: 1 fractional coordinates rounded to ideal values to avoid issues with finite precision.
  warnings.warn("Issues encountered while parsing CIF: " + "\n".join(self.warnings))
/opt/share/miniconda3/envs/mofmthnn/lib/python3.9/site-packages/ase/io/cif.py:401: UserWarning: crystal system 'triclinic' is not interpreted for space group Spacegroup(1, setting=1). This may result in wrong setting!
  warnings.warn(
/opt/share/miniconda3/envs/mofmthnn/lib/python3.9/site-packages/pymatgen/io/cif.py:1229: UserWarning: Issues encountered while parsing CIF: 1 fractional coordinates rounded to ideal values to avoid issues with finite precision.
  warnings.warn("Issues encountered while parsing CIF: " + "\n".join(self.warnings))
==============================
*** Open Babel Warning  in PerceiveBondOrders
  Failed to kekulize aromatic bonds in OBMol::PerceiveBondOrders (title is /home/zhangsd/repos/MOFSNN/CGCNN_MT/data/CoREMOF2019/clean_cifs/IYOWID_manual)

==============================
*** Open Babel Warning  in PerceiveBondOrders
  Failed to kekulize aromatic bonds in OBMol::PerceiveBondOrders (title is /home/zhangsd/repos/MOFSNN/CGCNN_MT/data/CoREMOF2019/clean_cifs/WANNIL_clean)

/opt/share/miniconda3/envs/mofmthnn/lib/python3.9/site-packages/ase/io/cif.py:401: UserWarning: crystal system 'triclinic' is not interpreted for space group Spacegroup(1, setting=1). This may result in wrong setting!
  warnings.warn(
==============================
*** Open Babel Warning  in PerceiveBondOrders
  Failed to kekulize aromatic bonds in OBMol::PerceiveBondOrders (title is /home/zhangsd/repos/MOFSNN/CGCNN_MT/data/CoREMOF2019/clean_cifs/LABNIO_clean)

==============================
*** Open Babel Warning  in PerceiveBondOrders
  Failed to kekulize aromatic bonds in OBMol::PerceiveBondOrders (title is /home/zhangsd/repos/MOFSNN/CGCNN_MT/data/CoREMOF2019/clean_cifs/WOLMUG_clean)

==============================
*** Open Babel Warning  in PerceiveBondOrders
  Failed to kekulize aromatic bonds in OBMol::PerceiveBondOrders (title is /home/zhangsd/repos/MOFSNN/CGCNN_MT/data/CoREMOF2019/clean_cifs/MOFPUU_clean)

==============================
*** Open Babel Warning  in PerceiveBondOrders
  Failed to kekulize aromatic bonds in OBMol::PerceiveBondOrders (title is /home/zhangsd/repos/MOFSNN/CGCNN_MT/data/CoREMOF2019/clean_cifs/MUMLOX_clean)

/opt/share/miniconda3/envs/mofmthnn/lib/python3.9/site-packages/pymatgen/io/cif.py:1229: UserWarning: Issues encountered while parsing CIF: 4 fractional coordinates rounded to ideal values to avoid issues with finite precision.
  warnings.warn("Issues encountered while parsing CIF: " + "\n".join(self.warnings))
==============================
*** Open Babel Warning  in PerceiveBondOrders
  Failed to kekulize aromatic bonds in OBMol::PerceiveBondOrders (title is /home/zhangsd/repos/MOFSNN/CGCNN_MT/data/CoREMOF2019/clean_cifs/QARLON_clean)

/opt/share/miniconda3/envs/mofmthnn/lib/python3.9/site-packages/pymatgen/io/cif.py:1229: UserWarning: Issues encountered while parsing CIF: 4 fractional coordinates rounded to ideal values to avoid issues with finite precision.
  warnings.warn("Issues encountered while parsing CIF: " + "\n".join(self.warnings))
==============================
*** Open Babel Warning  in PerceiveBondOrders
  Failed to kekulize aromatic bonds in OBMol::PerceiveBondOrders (title is /home/zhangsd/repos/MOFSNN/CGCNN_MT/data/CoREMOF2019/clean_cifs/GITVAH_clean)

/opt/share/miniconda3/envs/mofmthnn/lib/python3.9/site-packages/pymatgen/io/cif.py:1229: UserWarning: Issues encountered while parsing CIF: 30 fractional coordinates rounded to ideal values to avoid issues with finite precision.
  warnings.warn("Issues encountered while parsing CIF: " + "\n".join(self.warnings))
==============================
*** Open Babel Warning  in PerceiveBondOrders
  Failed to kekulize aromatic bonds in OBMol::PerceiveBondOrders (title is /home/zhangsd/repos/MOFSNN/CGCNN_MT/data/CoREMOF2019/clean_cifs/TAMZUE_charged)

/opt/share/miniconda3/envs/mofmthnn/lib/python3.9/site-packages/ase/io/cif.py:401: UserWarning: crystal system 'triclinic' is not interpreted for space group Spacegroup(1, setting=1). This may result in wrong setting!
  warnings.warn(
==============================
*** Open Babel Warning  in PerceiveBondOrders
  Failed to kekulize aromatic bonds in OBMol::PerceiveBondOrders (title is /home/zhangsd/repos/MOFSNN/CGCNN_MT/data/CoREMOF2019/clean_cifs/XIZJIA_clean)

==============================
*** Open Babel Warning  in PerceiveBondOrders
  Failed to kekulize aromatic bonds in OBMol::PerceiveBondOrders (title is /home/zhangsd/repos/MOFSNN/CGCNN_MT/data/CoREMOF2019/clean_cifs/CAZGOZ_clean)

==============================
*** Open Babel Warning  in PerceiveBondOrders
  Failed to kekulize aromatic bonds in OBMol::PerceiveBondOrders (title is /home/zhangsd/repos/MOFSNN/CGCNN_MT/data/CoREMOF2019/clean_cifs/TUJGIQ_clean)

==============================
*** Open Babel Warning  in PerceiveBondOrders
  Failed to kekulize aromatic bonds in OBMol::PerceiveBondOrders (title is /home/zhangsd/repos/MOFSNN/CGCNN_MT/data/CoREMOF2019/clean_cifs/WIRNAO_clean)

/opt/share/miniconda3/envs/mofmthnn/lib/python3.9/site-packages/pymatgen/io/cif.py:1229: UserWarning: Issues encountered while parsing CIF: 1 fractional coordinates rounded to ideal values to avoid issues with finite precision.
  warnings.warn("Issues encountered while parsing CIF: " + "\n".join(self.warnings))
/opt/share/miniconda3/envs/mofmthnn/lib/python3.9/site-packages/pymatgen/io/cif.py:1229: UserWarning: Issues encountered while parsing CIF: 4 fractional coordinates rounded to ideal values to avoid issues with finite precision.
  warnings.warn("Issues encountered while parsing CIF: " + "\n".join(self.warnings))
/opt/share/miniconda3/envs/mofmthnn/lib/python3.9/site-packages/pymatgen/io/cif.py:1229: UserWarning: Issues encountered while parsing CIF: 8 fractional coordinates rounded to ideal values to avoid issues with finite precision.
  warnings.warn("Issues encountered while parsing CIF: " + "\n".join(self.warnings))
==============================
*** Open Babel Warning  in PerceiveBondOrders
  Failed to kekulize aromatic bonds in OBMol::PerceiveBondOrders (title is /home/zhangsd/repos/MOFSNN/CGCNN_MT/data/CoREMOF2019/clean_cifs/QARMAA_clean)

/opt/share/miniconda3/envs/mofmthnn/lib/python3.9/site-packages/ase/io/cif.py:401: UserWarning: crystal system 'triclinic' is not interpreted for space group Spacegroup(1, setting=1). This may result in wrong setting!
  warnings.warn(
/opt/share/miniconda3/envs/mofmthnn/lib/python3.9/site-packages/ase/io/cif.py:401: UserWarning: crystal system 'triclinic' is not interpreted for space group Spacegroup(1, setting=1). This may result in wrong setting!
  warnings.warn(
==============================
*** Open Babel Warning  in PerceiveBondOrders
  Failed to kekulize aromatic bonds in OBMol::PerceiveBondOrders (title is /home/zhangsd/repos/MOFSNN/CGCNN_MT/data/CoREMOF2019/clean_cifs/LABGAY_clean)

==============================
*** Open Babel Warning  in PerceiveBondOrders
  Failed to kekulize aromatic bonds in OBMol::PerceiveBondOrders (title is /home/zhangsd/repos/MOFSNN/CGCNN_MT/data/CoREMOF2019/clean_cifs/OBAHOR_clean)

/opt/share/miniconda3/envs/mofmthnn/lib/python3.9/site-packages/ase/io/cif.py:401: UserWarning: crystal system 'triclinic' is not interpreted for space group Spacegroup(1, setting=1). This may result in wrong setting!
  warnings.warn(
==============================
*** Open Babel Warning  in PerceiveBondOrders
  Failed to kekulize aromatic bonds in OBMol::PerceiveBondOrders (title is /home/zhangsd/repos/MOFSNN/CGCNN_MT/data/CoREMOF2019/clean_cifs/HETZUC_charged)

==============================
*** Open Babel Warning  in PerceiveBondOrders
  Failed to kekulize aromatic bonds in OBMol::PerceiveBondOrders (title is /home/zhangsd/repos/MOFSNN/CGCNN_MT/data/CoREMOF2019/clean_cifs/HOVQUG_clean)

/opt/share/miniconda3/envs/mofmthnn/lib/python3.9/site-packages/pymatgen/io/cif.py:1229: UserWarning: Issues encountered while parsing CIF: 12 fractional coordinates rounded to ideal values to avoid issues with finite precision.
  warnings.warn("Issues encountered while parsing CIF: " + "\n".join(self.warnings))
/opt/share/miniconda3/envs/mofmthnn/lib/python3.9/site-packages/pymatgen/io/cif.py:1229: UserWarning: Issues encountered while parsing CIF: 1 fractional coordinates rounded to ideal values to avoid issues with finite precision.
  warnings.warn("Issues encountered while parsing CIF: " + "\n".join(self.warnings))
==============================
*** Open Babel Warning  in PerceiveBondOrders
  Failed to kekulize aromatic bonds in OBMol::PerceiveBondOrders (title is /home/zhangsd/repos/MOFSNN/CGCNN_MT/data/CoREMOF2019/clean_cifs/MIFQOJ_clean)

==============================
*** Open Babel Warning  in PerceiveBondOrders
  Failed to kekulize aromatic bonds in OBMol::PerceiveBondOrders (title is /home/zhangsd/repos/MOFSNN/CGCNN_MT/data/CoREMOF2019/clean_cifs/PEGQAV_clean)

==============================
*** Open Babel Warning  in PerceiveBondOrders
  Failed to kekulize aromatic bonds in OBMol::PerceiveBondOrders (title is /home/zhangsd/repos/MOFSNN/CGCNN_MT/data/CoREMOF2019/clean_cifs/CECVOW_clean)

==============================
*** Open Babel Warning  in PerceiveBondOrders
  Failed to kekulize aromatic bonds in OBMol::PerceiveBondOrders (title is /home/zhangsd/repos/MOFSNN/CGCNN_MT/data/CoREMOF2019/clean_cifs/WEBKOD_clean)

==============================
*** Open Babel Warning  in PerceiveBondOrders
  Failed to kekulize aromatic bonds in OBMol::PerceiveBondOrders (title is /home/zhangsd/repos/MOFSNN/CGCNN_MT/data/CoREMOF2019/clean_cifs/SEFWEH_clean)

/opt/share/miniconda3/envs/mofmthnn/lib/python3.9/site-packages/pymatgen/io/cif.py:1229: UserWarning: Issues encountered while parsing CIF: 4 fractional coordinates rounded to ideal values to avoid issues with finite precision.
  warnings.warn("Issues encountered while parsing CIF: " + "\n".join(self.warnings))
==============================
*** Open Babel Warning  in PerceiveBondOrders
  Failed to kekulize aromatic bonds in OBMol::PerceiveBondOrders (title is /home/zhangsd/repos/MOFSNN/CGCNN_MT/data/CoREMOF2019/clean_cifs/ZIMLIS_clean)

==============================
*** Open Babel Warning  in PerceiveBondOrders
  Failed to kekulize aromatic bonds in OBMol::PerceiveBondOrders (title is /home/zhangsd/repos/MOFSNN/CGCNN_MT/data/CoREMOF2019/clean_cifs/MUPYOM_clean)

==============================
*** Open Babel Warning  in PerceiveBondOrders
  Failed to kekulize aromatic bonds in OBMol::PerceiveBondOrders (title is /home/zhangsd/repos/MOFSNN/CGCNN_MT/data/CoREMOF2019/clean_cifs/cg901128k_si_004_clean)

/opt/share/miniconda3/envs/mofmthnn/lib/python3.9/site-packages/pymatgen/io/cif.py:1229: UserWarning: Issues encountered while parsing CIF: 4 fractional coordinates rounded to ideal values to avoid issues with finite precision.
  warnings.warn("Issues encountered while parsing CIF: " + "\n".join(self.warnings))
==============================
*** Open Babel Warning  in PerceiveBondOrders
  Failed to kekulize aromatic bonds in OBMol::PerceiveBondOrders (title is /home/zhangsd/repos/MOFSNN/CGCNN_MT/data/CoREMOF2019/clean_cifs/NETFEY_clean)

==============================
*** Open Babel Warning  in PerceiveBondOrders
  Failed to kekulize aromatic bonds in OBMol::PerceiveBondOrders (title is /home/zhangsd/repos/MOFSNN/CGCNN_MT/data/CoREMOF2019/clean_cifs/EDORIY_charged)

==============================
*** Open Babel Warning  in PerceiveBondOrders
  Failed to kekulize aromatic bonds in OBMol::PerceiveBondOrders (title is /home/zhangsd/repos/MOFSNN/CGCNN_MT/data/CoREMOF2019/clean_cifs/QUQPOI_SL)

/opt/share/miniconda3/envs/mofmthnn/lib/python3.9/site-packages/ase/io/cif.py:401: UserWarning: crystal system 'triclinic' is not interpreted for space group Spacegroup(1, setting=1). This may result in wrong setting!
  warnings.warn(
==============================
*** Open Babel Warning  in PerceiveBondOrders
  Failed to kekulize aromatic bonds in OBMol::PerceiveBondOrders (title is /home/zhangsd/repos/MOFSNN/CGCNN_MT/data/CoREMOF2019/clean_cifs/IFEPUG01_clean)

/opt/share/miniconda3/envs/mofmthnn/lib/python3.9/site-packages/pymatgen/io/cif.py:1229: UserWarning: Issues encountered while parsing CIF: 8 fractional coordinates rounded to ideal values to avoid issues with finite precision.
  warnings.warn("Issues encountered while parsing CIF: " + "\n".join(self.warnings))
==============================
*** Open Babel Warning  in PerceiveBondOrders
  Failed to kekulize aromatic bonds in OBMol::PerceiveBondOrders (title is /home/zhangsd/repos/MOFSNN/CGCNN_MT/data/CoREMOF2019/clean_cifs/EXAXAE_clean)

==============================
*** Open Babel Warning  in PerceiveBondOrders
  Failed to kekulize aromatic bonds in OBMol::PerceiveBondOrders (title is /home/zhangsd/repos/MOFSNN/CGCNN_MT/data/CoREMOF2019/clean_cifs/QUQGEP_neutral)

==============================
*** Open Babel Warning  in PerceiveBondOrders
  Failed to kekulize aromatic bonds in OBMol::PerceiveBondOrders (title is /home/zhangsd/repos/MOFSNN/CGCNN_MT/data/CoREMOF2019/clean_cifs/cg0702636-file002_clean)

==============================
*** Open Babel Warning  in PerceiveBondOrders
  Failed to kekulize aromatic bonds in OBMol::PerceiveBondOrders (title is /home/zhangsd/repos/MOFSNN/CGCNN_MT/data/CoREMOF2019/clean_cifs/CAKXOD_clean)

/opt/share/miniconda3/envs/mofmthnn/lib/python3.9/site-packages/pymatgen/io/cif.py:1229: UserWarning: Issues encountered while parsing CIF: 4 fractional coordinates rounded to ideal values to avoid issues with finite precision.
  warnings.warn("Issues encountered while parsing CIF: " + "\n".join(self.warnings))
/opt/share/miniconda3/envs/mofmthnn/lib/python3.9/site-packages/pymatgen/io/cif.py:1229: UserWarning: Issues encountered while parsing CIF: 6 fractional coordinates rounded to ideal values to avoid issues with finite precision.
  warnings.warn("Issues encountered while parsing CIF: " + "\n".join(self.warnings))
/opt/share/miniconda3/envs/mofmthnn/lib/python3.9/site-packages/pymatgen/io/cif.py:1229: UserWarning: Issues encountered while parsing CIF: 2 fractional coordinates rounded to ideal values to avoid issues with finite precision.
  warnings.warn("Issues encountered while parsing CIF: " + "\n".join(self.warnings))
/opt/share/miniconda3/envs/mofmthnn/lib/python3.9/site-packages/pymatgen/io/cif.py:1229: UserWarning: Issues encountered while parsing CIF: 8 fractional coordinates rounded to ideal values to avoid issues with finite precision.
  warnings.warn("Issues encountered while parsing CIF: " + "\n".join(self.warnings))
/opt/share/miniconda3/envs/mofmthnn/lib/python3.9/site-packages/ase/io/cif.py:401: UserWarning: crystal system 'triclinic' is not interpreted for space group Spacegroup(1, setting=1). This may result in wrong setting!
  warnings.warn(
==============================
*** Open Babel Warning  in PerceiveBondOrders
  Failed to kekulize aromatic bonds in OBMol::PerceiveBondOrders (title is /home/zhangsd/repos/MOFSNN/CGCNN_MT/data/CoREMOF2019/clean_cifs/MAXHOJ02_clean)

==============================
*** Open Babel Warning  in PerceiveBondOrders
  Failed to kekulize aromatic bonds in OBMol::PerceiveBondOrders (title is /home/zhangsd/repos/MOFSNN/CGCNN_MT/data/CoREMOF2019/clean_cifs/BEXRUT_clean)

==============================
*** Open Babel Warning  in PerceiveBondOrders
  Failed to kekulize aromatic bonds in OBMol::PerceiveBondOrders (title is /home/zhangsd/repos/MOFSNN/CGCNN_MT/data/CoREMOF2019/clean_cifs/GINNUO_clean)

==============================
*** Open Babel Warning  in PerceiveBondOrders
  Failed to kekulize aromatic bonds in OBMol::PerceiveBondOrders (title is /home/zhangsd/repos/MOFSNN/CGCNN_MT/data/CoREMOF2019/clean_cifs/RAKDAJ_clean)

==============================
*** Open Babel Warning  in PerceiveBondOrders
  Failed to kekulize aromatic bonds in OBMol::PerceiveBondOrders (title is /home/zhangsd/repos/MOFSNN/CGCNN_MT/data/CoREMOF2019/clean_cifs/HAWZEM_clean)

/opt/share/miniconda3/envs/mofmthnn/lib/python3.9/site-packages/pymatgen/io/cif.py:1229: UserWarning: Issues encountered while parsing CIF: 2 fractional coordinates rounded to ideal values to avoid issues with finite precision.
  warnings.warn("Issues encountered while parsing CIF: " + "\n".join(self.warnings))
==============================
*** Open Babel Warning  in PerceiveBondOrders
  Failed to kekulize aromatic bonds in OBMol::PerceiveBondOrders (title is /home/zhangsd/repos/MOFSNN/CGCNN_MT/data/CoREMOF2019/clean_cifs/CUIMDZ01_clean_h)

/opt/share/miniconda3/envs/mofmthnn/lib/python3.9/site-packages/pymatgen/io/cif.py:1229: UserWarning: Issues encountered while parsing CIF: 8 fractional coordinates rounded to ideal values to avoid issues with finite precision.
  warnings.warn("Issues encountered while parsing CIF: " + "\n".join(self.warnings))
==============================
*** Open Babel Warning  in PerceiveBondOrders
  Failed to kekulize aromatic bonds in OBMol::PerceiveBondOrders (title is /home/zhangsd/repos/MOFSNN/CGCNN_MT/data/CoREMOF2019/clean_cifs/URUWIP_clean)

/opt/share/miniconda3/envs/mofmthnn/lib/python3.9/site-packages/pymatgen/io/cif.py:1229: UserWarning: Issues encountered while parsing CIF: 9 fractional coordinates rounded to ideal values to avoid issues with finite precision.
  warnings.warn("Issues encountered while parsing CIF: " + "\n".join(self.warnings))
/opt/share/miniconda3/envs/mofmthnn/lib/python3.9/site-packages/ase/io/cif.py:401: UserWarning: crystal system 'triclinic' is not interpreted for space group Spacegroup(1, setting=1). This may result in wrong setting!
  warnings.warn(
==============================
*** Open Babel Warning  in PerceiveBondOrders
  Failed to kekulize aromatic bonds in OBMol::PerceiveBondOrders (title is /home/zhangsd/repos/MOFSNN/CGCNN_MT/data/CoREMOF2019/clean_cifs/JOGHIY_clean)

/opt/share/miniconda3/envs/mofmthnn/lib/python3.9/site-packages/pymatgen/io/cif.py:1229: UserWarning: Issues encountered while parsing CIF: 4 fractional coordinates rounded to ideal values to avoid issues with finite precision.
  warnings.warn("Issues encountered while parsing CIF: " + "\n".join(self.warnings))
==============================
*** Open Babel Warning  in PerceiveBondOrders
  Failed to kekulize aromatic bonds in OBMol::PerceiveBondOrders (title is /home/zhangsd/repos/MOFSNN/CGCNN_MT/data/CoREMOF2019/clean_cifs/IMAXOL_clean)

==============================
*** Open Babel Warning  in PerceiveBondOrders
  Failed to kekulize aromatic bonds in OBMol::PerceiveBondOrders (title is /home/zhangsd/repos/MOFSNN/CGCNN_MT/data/CoREMOF2019/clean_cifs/QIFLEY_clean)

/opt/share/miniconda3/envs/mofmthnn/lib/python3.9/site-packages/pymatgen/io/cif.py:1229: UserWarning: Issues encountered while parsing CIF: 2 fractional coordinates rounded to ideal values to avoid issues with finite precision.
  warnings.warn("Issues encountered while parsing CIF: " + "\n".join(self.warnings))
==============================
*** Open Babel Warning  in PerceiveBondOrders
  Failed to kekulize aromatic bonds in OBMol::PerceiveBondOrders (title is /home/zhangsd/repos/MOFSNN/CGCNN_MT/data/CoREMOF2019/clean_cifs/CECVIQ_clean)

==============================
*** Open Babel Warning  in PerceiveBondOrders
  Failed to kekulize aromatic bonds in OBMol::PerceiveBondOrders (title is /home/zhangsd/repos/MOFSNN/CGCNN_MT/data/CoREMOF2019/clean_cifs/EPUSUE_clean)

==============================
*** Open Babel Warning  in PerceiveBondOrders
  Failed to kekulize aromatic bonds in OBMol::PerceiveBondOrders (title is /home/zhangsd/repos/MOFSNN/CGCNN_MT/data/CoREMOF2019/clean_cifs/HUDMEA_clean)

==============================
*** Open Babel Warning  in PerceiveBondOrders
  Failed to kekulize aromatic bonds in OBMol::PerceiveBondOrders (title is /home/zhangsd/repos/MOFSNN/CGCNN_MT/data/CoREMOF2019/clean_cifs/DAPVUM_clean)

==============================
*** Open Babel Warning  in PerceiveBondOrders
  Failed to kekulize aromatic bonds in OBMol::PerceiveBondOrders (title is /home/zhangsd/repos/MOFSNN/CGCNN_MT/data/CoREMOF2019/clean_cifs/LODTAB_clean)

/opt/share/miniconda3/envs/mofmthnn/lib/python3.9/site-packages/pymatgen/io/cif.py:1229: UserWarning: Issues encountered while parsing CIF: 4 fractional coordinates rounded to ideal values to avoid issues with finite precision.
  warnings.warn("Issues encountered while parsing CIF: " + "\n".join(self.warnings))
==============================
*** Open Babel Warning  in PerceiveBondOrders
  Failed to kekulize aromatic bonds in OBMol::PerceiveBondOrders (title is /home/zhangsd/repos/MOFSNN/CGCNN_MT/data/CoREMOF2019/clean_cifs/ICAROV_clean)

/opt/share/miniconda3/envs/mofmthnn/lib/python3.9/site-packages/pymatgen/io/cif.py:1229: UserWarning: Issues encountered while parsing CIF: 1 fractional coordinates rounded to ideal values to avoid issues with finite precision.
  warnings.warn("Issues encountered while parsing CIF: " + "\n".join(self.warnings))
==============================
*** Open Babel Warning  in PerceiveBondOrders
  Failed to kekulize aromatic bonds in OBMol::PerceiveBondOrders (title is /home/zhangsd/repos/MOFSNN/CGCNN_MT/data/CoREMOF2019/clean_cifs/VACFUB_clean_h)

==============================
*** Open Babel Warning  in PerceiveBondOrders
  Failed to kekulize aromatic bonds in OBMol::PerceiveBondOrders (title is /home/zhangsd/repos/MOFSNN/CGCNN_MT/data/CoREMOF2019/clean_cifs/CUBHOY_clean)

/opt/share/miniconda3/envs/mofmthnn/lib/python3.9/site-packages/pymatgen/io/cif.py:1229: UserWarning: Issues encountered while parsing CIF: 1 fractional coordinates rounded to ideal values to avoid issues with finite precision.
  warnings.warn("Issues encountered while parsing CIF: " + "\n".join(self.warnings))
==============================
*** Open Babel Warning  in PerceiveBondOrders
  Failed to kekulize aromatic bonds in OBMol::PerceiveBondOrders (title is /home/zhangsd/repos/MOFSNN/CGCNN_MT/data/CoREMOF2019/clean_cifs/NEJSOM_clean)

==============================
*** Open Babel Warning  in PerceiveBondOrders
  Failed to kekulize aromatic bonds in OBMol::PerceiveBondOrders (title is /home/zhangsd/repos/MOFSNN/CGCNN_MT/data/CoREMOF2019/clean_cifs/MIFVEE_clean)

==============================
*** Open Babel Warning  in PerceiveBondOrders
  Failed to kekulize aromatic bonds in OBMol::PerceiveBondOrders (title is /home/zhangsd/repos/MOFSNN/CGCNN_MT/data/CoREMOF2019/clean_cifs/KEHDOS_clean)

==============================
*** Open Babel Warning  in PerceiveBondOrders
  Failed to kekulize aromatic bonds in OBMol::PerceiveBondOrders (title is /home/zhangsd/repos/MOFSNN/CGCNN_MT/data/CoREMOF2019/clean_cifs/BUWMIR_clean)

==============================
*** Open Babel Warning  in PerceiveBondOrders
  Failed to kekulize aromatic bonds in OBMol::PerceiveBondOrders (title is /home/zhangsd/repos/MOFSNN/CGCNN_MT/data/CoREMOF2019/clean_cifs/WICQOP_clean)

==============================
*** Open Babel Warning  in PerceiveBondOrders
  Failed to kekulize aromatic bonds in OBMol::PerceiveBondOrders (title is /home/zhangsd/repos/MOFSNN/CGCNN_MT/data/CoREMOF2019/clean_cifs/EPUTUF_charged)

==============================
*** Open Babel Warning  in PerceiveBondOrders
  Failed to kekulize aromatic bonds in OBMol::PerceiveBondOrders (title is /home/zhangsd/repos/MOFSNN/CGCNN_MT/data/CoREMOF2019/clean_cifs/BIFGOO_clean)

==============================
*** Open Babel Warning  in PerceiveBondOrders
  Failed to kekulize aromatic bonds in OBMol::PerceiveBondOrders (title is /home/zhangsd/repos/MOFSNN/CGCNN_MT/data/CoREMOF2019/clean_cifs/UTACOJ_clean)

/opt/share/miniconda3/envs/mofmthnn/lib/python3.9/site-packages/pymatgen/io/cif.py:1229: UserWarning: Issues encountered while parsing CIF: 8 fractional coordinates rounded to ideal values to avoid issues with finite precision.
  warnings.warn("Issues encountered while parsing CIF: " + "\n".join(self.warnings))
==============================
*** Open Babel Warning  in PerceiveBondOrders
  Failed to kekulize aromatic bonds in OBMol::PerceiveBondOrders (title is /home/zhangsd/repos/MOFSNN/CGCNN_MT/data/CoREMOF2019/clean_cifs/KORNAI_clean)

/opt/share/miniconda3/envs/mofmthnn/lib/python3.9/site-packages/ase/io/cif.py:401: UserWarning: crystal system 'triclinic' is not interpreted for space group Spacegroup(1, setting=1). This may result in wrong setting!
  warnings.warn(
/opt/share/miniconda3/envs/mofmthnn/lib/python3.9/site-packages/pymatgen/io/cif.py:1229: UserWarning: Issues encountered while parsing CIF: 16 fractional coordinates rounded to ideal values to avoid issues with finite precision.
  warnings.warn("Issues encountered while parsing CIF: " + "\n".join(self.warnings))
==============================
*** Open Babel Warning  in PerceiveBondOrders
  Failed to kekulize aromatic bonds in OBMol::PerceiveBondOrders (title is /home/zhangsd/repos/MOFSNN/CGCNN_MT/data/CoREMOF2019/clean_cifs/cg800945m_si_002_clean)

==============================
*** Open Babel Warning  in PerceiveBondOrders
  Failed to kekulize aromatic bonds in OBMol::PerceiveBondOrders (title is /home/zhangsd/repos/MOFSNN/CGCNN_MT/data/CoREMOF2019/clean_cifs/LABPOW_clean)

==============================
*** Open Babel Warning  in PerceiveBondOrders
  Failed to kekulize aromatic bonds in OBMol::PerceiveBondOrders (title is /home/zhangsd/repos/MOFSNN/CGCNN_MT/data/CoREMOF2019/clean_cifs/CUTFON_charged)

/opt/share/miniconda3/envs/mofmthnn/lib/python3.9/site-packages/pymatgen/io/cif.py:1229: UserWarning: Issues encountered while parsing CIF: 2 fractional coordinates rounded to ideal values to avoid issues with finite precision.
  warnings.warn("Issues encountered while parsing CIF: " + "\n".join(self.warnings))
==============================
*** Open Babel Warning  in PerceiveBondOrders
  Failed to kekulize aromatic bonds in OBMol::PerceiveBondOrders (title is /home/zhangsd/repos/MOFSNN/CGCNN_MT/data/CoREMOF2019/clean_cifs/IWEWAK_clean)

==============================
*** Open Babel Warning  in PerceiveBondOrders
  Failed to kekulize aromatic bonds in OBMol::PerceiveBondOrders (title is /home/zhangsd/repos/MOFSNN/CGCNN_MT/data/CoREMOF2019/clean_cifs/AJAMEF_clean)

==============================
*** Open Babel Warning  in PerceiveBondOrders
  Failed to kekulize aromatic bonds in OBMol::PerceiveBondOrders (title is /home/zhangsd/repos/MOFSNN/CGCNN_MT/data/CoREMOF2019/clean_cifs/DIXNUV_clean)

==============================
*** Open Babel Warning  in PerceiveBondOrders
  Failed to kekulize aromatic bonds in OBMol::PerceiveBondOrders (title is /home/zhangsd/repos/MOFSNN/CGCNN_MT/data/CoREMOF2019/clean_cifs/SOCLAZ_clean)

/opt/share/miniconda3/envs/mofmthnn/lib/python3.9/site-packages/pymatgen/io/cif.py:1229: UserWarning: Issues encountered while parsing CIF: 12 fractional coordinates rounded to ideal values to avoid issues with finite precision.
  warnings.warn("Issues encountered while parsing CIF: " + "\n".join(self.warnings))
==============================
*** Open Babel Warning  in PerceiveBondOrders
  Failed to kekulize aromatic bonds in OBMol::PerceiveBondOrders (title is /home/zhangsd/repos/MOFSNN/CGCNN_MT/data/CoREMOF2019/clean_cifs/TENQOS_clean)

/opt/share/miniconda3/envs/mofmthnn/lib/python3.9/site-packages/ase/io/cif.py:401: UserWarning: crystal system 'triclinic' is not interpreted for space group Spacegroup(1, setting=1). This may result in wrong setting!
  warnings.warn(
==============================
*** Open Babel Warning  in PerceiveBondOrders
  Failed to kekulize aromatic bonds in OBMol::PerceiveBondOrders (title is /home/zhangsd/repos/MOFSNN/CGCNN_MT/data/CoREMOF2019/clean_cifs/YOYTUD_clean)

==============================
*** Open Babel Warning  in PerceiveBondOrders
  Failed to kekulize aromatic bonds in OBMol::PerceiveBondOrders (title is /home/zhangsd/repos/MOFSNN/CGCNN_MT/data/CoREMOF2019/clean_cifs/MAZSOX_clean)

/opt/share/miniconda3/envs/mofmthnn/lib/python3.9/site-packages/pymatgen/io/cif.py:1229: UserWarning: Issues encountered while parsing CIF: 4 fractional coordinates rounded to ideal values to avoid issues with finite precision.
  warnings.warn("Issues encountered while parsing CIF: " + "\n".join(self.warnings))
==============================
*** Open Babel Warning  in PerceiveBondOrders
  Failed to kekulize aromatic bonds in OBMol::PerceiveBondOrders (title is /home/zhangsd/repos/MOFSNN/CGCNN_MT/data/CoREMOF2019/clean_cifs/RIRDED_clean)

==============================
*** Open Babel Warning  in PerceiveBondOrders
  Failed to kekulize aromatic bonds in OBMol::PerceiveBondOrders (title is /home/zhangsd/repos/MOFSNN/CGCNN_MT/data/CoREMOF2019/clean_cifs/LOFVUY_clean)

==============================
*** Open Babel Warning  in PerceiveBondOrders
  Failed to kekulize aromatic bonds in OBMol::PerceiveBondOrders (title is /home/zhangsd/repos/MOFSNN/CGCNN_MT/data/CoREMOF2019/clean_cifs/ICAWUF_clean)

==============================
*** Open Babel Warning  in PerceiveBondOrders
  Failed to kekulize aromatic bonds in OBMol::PerceiveBondOrders (title is /home/zhangsd/repos/MOFSNN/CGCNN_MT/data/CoREMOF2019/clean_cifs/CAWDOU02_clean)

==============================
*** Open Babel Warning  in PerceiveBondOrders
  Failed to kekulize aromatic bonds in OBMol::PerceiveBondOrders (title is /home/zhangsd/repos/MOFSNN/CGCNN_MT/data/CoREMOF2019/clean_cifs/GASTIG_clean)

==============================
*** Open Babel Warning  in PerceiveBondOrders
  Failed to kekulize aromatic bonds in OBMol::PerceiveBondOrders (title is /home/zhangsd/repos/MOFSNN/CGCNN_MT/data/CoREMOF2019/clean_cifs/ROCZOA_clean)

==============================
*** Open Babel Warning  in PerceiveBondOrders
  Failed to kekulize aromatic bonds in OBMol::PerceiveBondOrders (title is /home/zhangsd/repos/MOFSNN/CGCNN_MT/data/CoREMOF2019/clean_cifs/ZILBED_clean)

==============================
*** Open Babel Warning  in PerceiveBondOrders
  Failed to kekulize aromatic bonds in OBMol::PerceiveBondOrders (title is /home/zhangsd/repos/MOFSNN/CGCNN_MT/data/CoREMOF2019/clean_cifs/ic502643m_si_012_clean)

==============================
*** Open Babel Warning  in PerceiveBondOrders
  Failed to kekulize aromatic bonds in OBMol::PerceiveBondOrders (title is /home/zhangsd/repos/MOFSNN/CGCNN_MT/data/CoREMOF2019/clean_cifs/IMIQIF_clean)

/opt/share/miniconda3/envs/mofmthnn/lib/python3.9/site-packages/pymatgen/io/cif.py:1229: UserWarning: Issues encountered while parsing CIF: 4 fractional coordinates rounded to ideal values to avoid issues with finite precision.
  warnings.warn("Issues encountered while parsing CIF: " + "\n".join(self.warnings))
==============================
*** Open Babel Warning  in PerceiveBondOrders
  Failed to kekulize aromatic bonds in OBMol::PerceiveBondOrders (title is /home/zhangsd/repos/MOFSNN/CGCNN_MT/data/CoREMOF2019/clean_cifs/ERIGER_clean)

==============================
*** Open Babel Warning  in PerceiveBondOrders
  Failed to kekulize aromatic bonds in OBMol::PerceiveBondOrders (title is /home/zhangsd/repos/MOFSNN/CGCNN_MT/data/CoREMOF2019/clean_cifs/WUHHUC_clean)

/opt/share/miniconda3/envs/mofmthnn/lib/python3.9/site-packages/pymatgen/io/cif.py:1229: UserWarning: Issues encountered while parsing CIF: 8 fractional coordinates rounded to ideal values to avoid issues with finite precision.
  warnings.warn("Issues encountered while parsing CIF: " + "\n".join(self.warnings))
==============================
*** Open Babel Warning  in PerceiveBondOrders
  Failed to kekulize aromatic bonds in OBMol::PerceiveBondOrders (title is /home/zhangsd/repos/MOFSNN/CGCNN_MT/data/CoREMOF2019/clean_cifs/IVIKAA_clean)

==============================
*** Open Babel Warning  in PerceiveBondOrders
  Failed to kekulize aromatic bonds in OBMol::PerceiveBondOrders (title is /home/zhangsd/repos/MOFSNN/CGCNN_MT/data/CoREMOF2019/clean_cifs/BAHGUN03_clean)

==============================
*** Open Babel Warning  in PerceiveBondOrders
  Failed to kekulize aromatic bonds in OBMol::PerceiveBondOrders (title is /home/zhangsd/repos/MOFSNN/CGCNN_MT/data/CoREMOF2019/clean_cifs/KALFUA_clean)

/opt/share/miniconda3/envs/mofmthnn/lib/python3.9/site-packages/pymatgen/io/cif.py:1229: UserWarning: Issues encountered while parsing CIF: 4 fractional coordinates rounded to ideal values to avoid issues with finite precision.
  warnings.warn("Issues encountered while parsing CIF: " + "\n".join(self.warnings))
==============================
*** Open Babel Warning  in PerceiveBondOrders
  Failed to kekulize aromatic bonds in OBMol::PerceiveBondOrders (title is /home/zhangsd/repos/MOFSNN/CGCNN_MT/data/CoREMOF2019/clean_cifs/MICNAO_clean)

/opt/share/miniconda3/envs/mofmthnn/lib/python3.9/site-packages/pymatgen/io/cif.py:1229: UserWarning: Issues encountered while parsing CIF: 4 fractional coordinates rounded to ideal values to avoid issues with finite precision.
  warnings.warn("Issues encountered while parsing CIF: " + "\n".join(self.warnings))
==============================
*** Open Babel Warning  in PerceiveBondOrders
  Failed to kekulize aromatic bonds in OBMol::PerceiveBondOrders (title is /home/zhangsd/repos/MOFSNN/CGCNN_MT/data/CoREMOF2019/clean_cifs/COJMIZ_clean)

/opt/share/miniconda3/envs/mofmthnn/lib/python3.9/site-packages/ase/io/cif.py:401: UserWarning: crystal system 'triclinic' is not interpreted for space group Spacegroup(1, setting=1). This may result in wrong setting!
  warnings.warn(
/opt/share/miniconda3/envs/mofmthnn/lib/python3.9/site-packages/pymatgen/io/cif.py:1229: UserWarning: Issues encountered while parsing CIF: 2 fractional coordinates rounded to ideal values to avoid issues with finite precision.
  warnings.warn("Issues encountered while parsing CIF: " + "\n".join(self.warnings))
==============================
*** Open Babel Warning  in PerceiveBondOrders
  Failed to kekulize aromatic bonds in OBMol::PerceiveBondOrders (title is /home/zhangsd/repos/MOFSNN/CGCNN_MT/data/CoREMOF2019/clean_cifs/c5dt02374b_c5dt02374b2_clean)

==============================
*** Open Babel Warning  in PerceiveBondOrders
  Failed to kekulize aromatic bonds in OBMol::PerceiveBondOrders (title is /home/zhangsd/repos/MOFSNN/CGCNN_MT/data/CoREMOF2019/clean_cifs/CUYVOI_clean)

==============================
*** Open Babel Warning  in PerceiveBondOrders
  Failed to kekulize aromatic bonds in OBMol::PerceiveBondOrders (title is /home/zhangsd/repos/MOFSNN/CGCNN_MT/data/CoREMOF2019/clean_cifs/XALCAP_clean)

==============================
*** Open Babel Warning  in PerceiveBondOrders
  Failed to kekulize aromatic bonds in OBMol::PerceiveBondOrders (title is /home/zhangsd/repos/MOFSNN/CGCNN_MT/data/CoREMOF2019/clean_cifs/MUFLAC_clean)

==============================
*** Open Babel Warning  in PerceiveBondOrders
  Failed to kekulize aromatic bonds in OBMol::PerceiveBondOrders (title is /home/zhangsd/repos/MOFSNN/CGCNN_MT/data/CoREMOF2019/clean_cifs/DOHXUV_clean)

/opt/share/miniconda3/envs/mofmthnn/lib/python3.9/site-packages/pymatgen/io/cif.py:1229: UserWarning: Issues encountered while parsing CIF: 1 fractional coordinates rounded to ideal values to avoid issues with finite precision.
  warnings.warn("Issues encountered while parsing CIF: " + "\n".join(self.warnings))
==============================
*** Open Babel Warning  in PerceiveBondOrders
  Failed to kekulize aromatic bonds in OBMol::PerceiveBondOrders (title is /home/zhangsd/repos/MOFSNN/CGCNN_MT/data/CoREMOF2019/clean_cifs/GEDLIM_clean)

/opt/share/miniconda3/envs/mofmthnn/lib/python3.9/site-packages/ase/io/cif.py:401: UserWarning: crystal system 'triclinic' is not interpreted for space group Spacegroup(1, setting=1). This may result in wrong setting!
  warnings.warn(
==============================
*** Open Babel Warning  in PerceiveBondOrders
  Failed to kekulize aromatic bonds in OBMol::PerceiveBondOrders (title is /home/zhangsd/repos/MOFSNN/CGCNN_MT/data/CoREMOF2019/clean_cifs/ILIMUN_clean)

==============================
*** Open Babel Warning  in PerceiveBondOrders
  Failed to kekulize aromatic bonds in OBMol::PerceiveBondOrders (title is /home/zhangsd/repos/MOFSNN/CGCNN_MT/data/CoREMOF2019/clean_cifs/JORRAL_clean)

==============================
*** Open Babel Warning  in PerceiveBondOrders
  Failed to kekulize aromatic bonds in OBMol::PerceiveBondOrders (title is /home/zhangsd/repos/MOFSNN/CGCNN_MT/data/CoREMOF2019/clean_cifs/FEWWUB_clean)

/opt/share/miniconda3/envs/mofmthnn/lib/python3.9/site-packages/pymatgen/io/cif.py:1229: UserWarning: Issues encountered while parsing CIF: 26 fractional coordinates rounded to ideal values to avoid issues with finite precision.
  warnings.warn("Issues encountered while parsing CIF: " + "\n".join(self.warnings))
==============================
*** Open Babel Warning  in PerceiveBondOrders
  Failed to kekulize aromatic bonds in OBMol::PerceiveBondOrders (title is /home/zhangsd/repos/MOFSNN/CGCNN_MT/data/CoREMOF2019/clean_cifs/WEMYEU_clean)

==============================
*** Open Babel Warning  in PerceiveBondOrders
  Failed to kekulize aromatic bonds in OBMol::PerceiveBondOrders (title is /home/zhangsd/repos/MOFSNN/CGCNN_MT/data/CoREMOF2019/clean_cifs/ja907023c_si_003_clean)

==============================
*** Open Babel Warning  in PerceiveBondOrders
  Failed to kekulize aromatic bonds in OBMol::PerceiveBondOrders (title is /home/zhangsd/repos/MOFSNN/CGCNN_MT/data/CoREMOF2019/clean_cifs/MALFUD_clean)

==============================
*** Open Babel Warning  in PerceiveBondOrders
  Failed to kekulize aromatic bonds in OBMol::PerceiveBondOrders (title is /home/zhangsd/repos/MOFSNN/CGCNN_MT/data/CoREMOF2019/clean_cifs/LAWHOJ_clean)

==============================
*** Open Babel Warning  in PerceiveBondOrders
  Failed to kekulize aromatic bonds in OBMol::PerceiveBondOrders (title is /home/zhangsd/repos/MOFSNN/CGCNN_MT/data/CoREMOF2019/clean_cifs/XUWFUR_clean)

==============================
*** Open Babel Warning  in PerceiveBondOrders
  Failed to kekulize aromatic bonds in OBMol::PerceiveBondOrders (title is /home/zhangsd/repos/MOFSNN/CGCNN_MT/data/CoREMOF2019/clean_cifs/IYUQID_clean)

==============================
*** Open Babel Warning  in PerceiveBondOrders
  Failed to kekulize aromatic bonds in OBMol::PerceiveBondOrders (title is /home/zhangsd/repos/MOFSNN/CGCNN_MT/data/CoREMOF2019/clean_cifs/IJANAJ_clean)

==============================
*** Open Babel Warning  in PerceiveBondOrders
  Failed to kekulize aromatic bonds in OBMol::PerceiveBondOrders (title is /home/zhangsd/repos/MOFSNN/CGCNN_MT/data/CoREMOF2019/clean_cifs/TURDUH_clean)

==============================
*** Open Babel Warning  in PerceiveBondOrders
  Failed to kekulize aromatic bonds in OBMol::PerceiveBondOrders (title is /home/zhangsd/repos/MOFSNN/CGCNN_MT/data/CoREMOF2019/clean_cifs/FIFNUE01_clean)

/opt/share/miniconda3/envs/mofmthnn/lib/python3.9/site-packages/ase/io/cif.py:401: UserWarning: crystal system 'triclinic' is not interpreted for space group Spacegroup(1, setting=1). This may result in wrong setting!
  warnings.warn(
/opt/share/miniconda3/envs/mofmthnn/lib/python3.9/site-packages/pymatgen/io/cif.py:1229: UserWarning: Issues encountered while parsing CIF: 1 fractional coordinates rounded to ideal values to avoid issues with finite precision.
  warnings.warn("Issues encountered while parsing CIF: " + "\n".join(self.warnings))
/opt/share/miniconda3/envs/mofmthnn/lib/python3.9/site-packages/ase/io/cif.py:401: UserWarning: crystal system 'triclinic' is not interpreted for space group Spacegroup(1, setting=1). This may result in wrong setting!
  warnings.warn(
==============================
*** Open Babel Warning  in PerceiveBondOrders
  Failed to kekulize aromatic bonds in OBMol::PerceiveBondOrders (title is /home/zhangsd/repos/MOFSNN/CGCNN_MT/data/CoREMOF2019/clean_cifs/QIVBUT_clean)

==============================
*** Open Babel Warning  in PerceiveBondOrders
  Failed to kekulize aromatic bonds in OBMol::PerceiveBondOrders (title is /home/zhangsd/repos/MOFSNN/CGCNN_MT/data/CoREMOF2019/clean_cifs/WUNTOP_clean)

==============================
*** Open Babel Warning  in PerceiveBondOrders
  Failed to kekulize aromatic bonds in OBMol::PerceiveBondOrders (title is /home/zhangsd/repos/MOFSNN/CGCNN_MT/data/CoREMOF2019/clean_cifs/PUSJUK_clean)

==============================
*** Open Babel Warning  in PerceiveBondOrders
  Failed to kekulize aromatic bonds in OBMol::PerceiveBondOrders (title is /home/zhangsd/repos/MOFSNN/CGCNN_MT/data/CoREMOF2019/clean_cifs/KAHZAW_clean)

==============================
*** Open Babel Warning  in PerceiveBondOrders
  Failed to kekulize aromatic bonds in OBMol::PerceiveBondOrders (title is /home/zhangsd/repos/MOFSNN/CGCNN_MT/data/CoREMOF2019/clean_cifs/FERVIJ_clean)

==============================
*** Open Babel Warning  in PerceiveBondOrders
  Failed to kekulize aromatic bonds in OBMol::PerceiveBondOrders (title is /home/zhangsd/repos/MOFSNN/CGCNN_MT/data/CoREMOF2019/clean_cifs/HUXDOT_clean)

==============================
*** Open Babel Warning  in PerceiveBondOrders
  Failed to kekulize aromatic bonds in OBMol::PerceiveBondOrders (title is /home/zhangsd/repos/MOFSNN/CGCNN_MT/data/CoREMOF2019/clean_cifs/OSIWUJ_clean)

==============================
*** Open Babel Warning  in PerceiveBondOrders
  Failed to kekulize aromatic bonds in OBMol::PerceiveBondOrders (title is /home/zhangsd/repos/MOFSNN/CGCNN_MT/data/CoREMOF2019/clean_cifs/ILOJEZ_clean)

/opt/share/miniconda3/envs/mofmthnn/lib/python3.9/site-packages/pymatgen/io/cif.py:1229: UserWarning: Issues encountered while parsing CIF: 8 fractional coordinates rounded to ideal values to avoid issues with finite precision.
  warnings.warn("Issues encountered while parsing CIF: " + "\n".join(self.warnings))
==============================
*** Open Babel Warning  in PerceiveBondOrders
  Failed to kekulize aromatic bonds in OBMol::PerceiveBondOrders (title is /home/zhangsd/repos/MOFSNN/CGCNN_MT/data/CoREMOF2019/clean_cifs/TAGSEB_clean)

==============================
*** Open Babel Warning  in PerceiveBondOrders
  Failed to kekulize aromatic bonds in OBMol::PerceiveBondOrders (title is /home/zhangsd/repos/MOFSNN/CGCNN_MT/data/CoREMOF2019/clean_cifs/UZUTUG_clean)

==============================
*** Open Babel Warning  in PerceiveBondOrders
  Failed to kekulize aromatic bonds in OBMol::PerceiveBondOrders (title is /home/zhangsd/repos/MOFSNN/CGCNN_MT/data/CoREMOF2019/clean_cifs/ODONIF_clean)

==============================
*** Open Babel Warning  in PerceiveBondOrders
  Failed to kekulize aromatic bonds in OBMol::PerceiveBondOrders (title is /home/zhangsd/repos/MOFSNN/CGCNN_MT/data/CoREMOF2019/clean_cifs/KUJNEJ_clean)

==============================
*** Open Babel Warning  in PerceiveBondOrders
  Failed to kekulize aromatic bonds in OBMol::PerceiveBondOrders (title is /home/zhangsd/repos/MOFSNN/CGCNN_MT/data/CoREMOF2019/clean_cifs/acs.jpcc.6b08594_Zn2Cd6MOF5_opt_clean)

==============================
*** Open Babel Warning  in PerceiveBondOrders
  Failed to kekulize aromatic bonds in OBMol::PerceiveBondOrders (title is /home/zhangsd/repos/MOFSNN/CGCNN_MT/data/CoREMOF2019/clean_cifs/DAWBUA_clean)

/opt/share/miniconda3/envs/mofmthnn/lib/python3.9/site-packages/pymatgen/io/cif.py:1229: UserWarning: Issues encountered while parsing CIF: 2 fractional coordinates rounded to ideal values to avoid issues with finite precision.
  warnings.warn("Issues encountered while parsing CIF: " + "\n".join(self.warnings))
==============================
*** Open Babel Warning  in PerceiveBondOrders
  Failed to kekulize aromatic bonds in OBMol::PerceiveBondOrders (title is /home/zhangsd/repos/MOFSNN/CGCNN_MT/data/CoREMOF2019/clean_cifs/RIXBEG_clean)

/opt/share/miniconda3/envs/mofmthnn/lib/python3.9/site-packages/ase/io/cif.py:401: UserWarning: crystal system 'triclinic' is not interpreted for space group Spacegroup(1, setting=1). This may result in wrong setting!
  warnings.warn(
==============================
*** Open Babel Warning  in PerceiveBondOrders
  Failed to kekulize aromatic bonds in OBMol::PerceiveBondOrders (title is /home/zhangsd/repos/MOFSNN/CGCNN_MT/data/CoREMOF2019/clean_cifs/j.jssc.2015.05.012_mmc6_clean)

==============================
*** Open Babel Warning  in PerceiveBondOrders
  Failed to kekulize aromatic bonds in OBMol::PerceiveBondOrders (title is /home/zhangsd/repos/MOFSNN/CGCNN_MT/data/CoREMOF2019/clean_cifs/VUGYIH_clean)

==============================
*** Open Babel Warning  in PerceiveBondOrders
  Failed to kekulize aromatic bonds in OBMol::PerceiveBondOrders (title is /home/zhangsd/repos/MOFSNN/CGCNN_MT/data/CoREMOF2019/clean_cifs/LEWTUD01_clean)

/opt/share/miniconda3/envs/mofmthnn/lib/python3.9/site-packages/pymatgen/io/cif.py:1229: UserWarning: Issues encountered while parsing CIF: 2 fractional coordinates rounded to ideal values to avoid issues with finite precision.
  warnings.warn("Issues encountered while parsing CIF: " + "\n".join(self.warnings))
==============================
*** Open Babel Warning  in PerceiveBondOrders
  Failed to kekulize aromatic bonds in OBMol::PerceiveBondOrders (title is /home/zhangsd/repos/MOFSNN/CGCNN_MT/data/CoREMOF2019/clean_cifs/HAPNEU_clean)

==============================
*** Open Babel Warning  in PerceiveBondOrders
  Failed to kekulize aromatic bonds in OBMol::PerceiveBondOrders (title is /home/zhangsd/repos/MOFSNN/CGCNN_MT/data/CoREMOF2019/clean_cifs/HUQHAE_clean)

==============================
*** Open Babel Warning  in PerceiveBondOrders
  Failed to kekulize aromatic bonds in OBMol::PerceiveBondOrders (title is /home/zhangsd/repos/MOFSNN/CGCNN_MT/data/CoREMOF2019/clean_cifs/VUMBIQ_clean)

/opt/share/miniconda3/envs/mofmthnn/lib/python3.9/site-packages/pymatgen/io/cif.py:1229: UserWarning: Issues encountered while parsing CIF: 16 fractional coordinates rounded to ideal values to avoid issues with finite precision.
  warnings.warn("Issues encountered while parsing CIF: " + "\n".join(self.warnings))
==============================
*** Open Babel Warning  in PerceiveBondOrders
  Failed to kekulize aromatic bonds in OBMol::PerceiveBondOrders (title is /home/zhangsd/repos/MOFSNN/CGCNN_MT/data/CoREMOF2019/clean_cifs/RORVAX_clean)

/opt/share/miniconda3/envs/mofmthnn/lib/python3.9/site-packages/pymatgen/io/cif.py:1229: UserWarning: Issues encountered while parsing CIF: 4 fractional coordinates rounded to ideal values to avoid issues with finite precision.
  warnings.warn("Issues encountered while parsing CIF: " + "\n".join(self.warnings))
==============================
*** Open Babel Warning  in PerceiveBondOrders
  Failed to kekulize aromatic bonds in OBMol::PerceiveBondOrders (title is /home/zhangsd/repos/MOFSNN/CGCNN_MT/data/CoREMOF2019/clean_cifs/CAHLEE_clean)

/opt/share/miniconda3/envs/mofmthnn/lib/python3.9/site-packages/pymatgen/io/cif.py:1229: UserWarning: Issues encountered while parsing CIF: 4 fractional coordinates rounded to ideal values to avoid issues with finite precision.
  warnings.warn("Issues encountered while parsing CIF: " + "\n".join(self.warnings))
/opt/share/miniconda3/envs/mofmthnn/lib/python3.9/site-packages/ase/io/cif.py:401: UserWarning: crystal system 'triclinic' is not interpreted for space group Spacegroup(1, setting=1). This may result in wrong setting!
  warnings.warn(
==============================
*** Open Babel Warning  in PerceiveBondOrders
  Failed to kekulize aromatic bonds in OBMol::PerceiveBondOrders (title is /home/zhangsd/repos/MOFSNN/CGCNN_MT/data/CoREMOF2019/clean_cifs/XOFTOC_clean)

/opt/share/miniconda3/envs/mofmthnn/lib/python3.9/site-packages/ase/io/cif.py:401: UserWarning: crystal system 'triclinic' is not interpreted for space group Spacegroup(1, setting=1). This may result in wrong setting!
  warnings.warn(
==============================
*** Open Babel Warning  in PerceiveBondOrders
  Failed to kekulize aromatic bonds in OBMol::PerceiveBondOrders (title is /home/zhangsd/repos/MOFSNN/CGCNN_MT/data/CoREMOF2019/clean_cifs/SIBMIB_clean)

==============================
*** Open Babel Warning  in PerceiveBondOrders
  Failed to kekulize aromatic bonds in OBMol::PerceiveBondOrders (title is /home/zhangsd/repos/MOFSNN/CGCNN_MT/data/CoREMOF2019/clean_cifs/NAQLAT_clean)

==============================
*** Open Babel Warning  in PerceiveBondOrders
  Failed to kekulize aromatic bonds in OBMol::PerceiveBondOrders (title is /home/zhangsd/repos/MOFSNN/CGCNN_MT/data/CoREMOF2019/clean_cifs/RANCEQ_clean)

==============================
*** Open Babel Warning  in PerceiveBondOrders
  Failed to kekulize aromatic bonds in OBMol::PerceiveBondOrders (title is /home/zhangsd/repos/MOFSNN/CGCNN_MT/data/CoREMOF2019/clean_cifs/SEFVUW_clean)

/opt/share/miniconda3/envs/mofmthnn/lib/python3.9/site-packages/pymatgen/io/cif.py:1229: UserWarning: Issues encountered while parsing CIF: 8 fractional coordinates rounded to ideal values to avoid issues with finite precision.
  warnings.warn("Issues encountered while parsing CIF: " + "\n".join(self.warnings))
==============================
*** Open Babel Warning  in PerceiveBondOrders
  Failed to kekulize aromatic bonds in OBMol::PerceiveBondOrders (title is /home/zhangsd/repos/MOFSNN/CGCNN_MT/data/CoREMOF2019/clean_cifs/YEGRAD_clean_h)

==============================
*** Open Babel Warning  in PerceiveBondOrders
  Failed to kekulize aromatic bonds in OBMol::PerceiveBondOrders (title is /home/zhangsd/repos/MOFSNN/CGCNN_MT/data/CoREMOF2019/clean_cifs/AFOYAW_clean)

==============================
*** Open Babel Warning  in PerceiveBondOrders
  Failed to kekulize aromatic bonds in OBMol::PerceiveBondOrders (title is /home/zhangsd/repos/MOFSNN/CGCNN_MT/data/CoREMOF2019/clean_cifs/QAPQAA_charged)

==============================
*** Open Babel Warning  in PerceiveBondOrders
  Failed to kekulize aromatic bonds in OBMol::PerceiveBondOrders (title is /home/zhangsd/repos/MOFSNN/CGCNN_MT/data/CoREMOF2019/clean_cifs/ASANAL_clean)

==============================
*** Open Babel Warning  in PerceiveBondOrders
  Failed to kekulize aromatic bonds in OBMol::PerceiveBondOrders (title is /home/zhangsd/repos/MOFSNN/CGCNN_MT/data/CoREMOF2019/clean_cifs/SEMFIB_charged)

==============================
*** Open Babel Warning  in PerceiveBondOrders
  Failed to kekulize aromatic bonds in OBMol::PerceiveBondOrders (title is /home/zhangsd/repos/MOFSNN/CGCNN_MT/data/CoREMOF2019/clean_cifs/XEGKIF_clean)

==============================
*** Open Babel Warning  in PerceiveBondOrders
  Failed to kekulize aromatic bonds in OBMol::PerceiveBondOrders (title is /home/zhangsd/repos/MOFSNN/CGCNN_MT/data/CoREMOF2019/clean_cifs/XALCET_clean)

==============================
*** Open Babel Warning  in PerceiveBondOrders
  Failed to kekulize aromatic bonds in OBMol::PerceiveBondOrders (title is /home/zhangsd/repos/MOFSNN/CGCNN_MT/data/CoREMOF2019/clean_cifs/CUKVUA_clean)

==============================
*** Open Babel Warning  in PerceiveBondOrders
  Failed to kekulize aromatic bonds in OBMol::PerceiveBondOrders (title is /home/zhangsd/repos/MOFSNN/CGCNN_MT/data/CoREMOF2019/clean_cifs/XINRAP_clean)

/opt/share/miniconda3/envs/mofmthnn/lib/python3.9/site-packages/pymatgen/io/cif.py:1229: UserWarning: Issues encountered while parsing CIF: 27 fractional coordinates rounded to ideal values to avoid issues with finite precision.
  warnings.warn("Issues encountered while parsing CIF: " + "\n".join(self.warnings))
/opt/share/miniconda3/envs/mofmthnn/lib/python3.9/site-packages/pymatgen/io/cif.py:1229: UserWarning: Issues encountered while parsing CIF: 2 fractional coordinates rounded to ideal values to avoid issues with finite precision.
  warnings.warn("Issues encountered while parsing CIF: " + "\n".join(self.warnings))
==============================
*** Open Babel Warning  in PerceiveBondOrders
  Failed to kekulize aromatic bonds in OBMol::PerceiveBondOrders (title is /home/zhangsd/repos/MOFSNN/CGCNN_MT/data/CoREMOF2019/clean_cifs/IQOZUJ_clean)

==============================
*** Open Babel Warning  in PerceiveBondOrders
  Failed to kekulize aromatic bonds in OBMol::PerceiveBondOrders (title is /home/zhangsd/repos/MOFSNN/CGCNN_MT/data/CoREMOF2019/clean_cifs/IQOJAB_clean)

==============================
*** Open Babel Warning  in PerceiveBondOrders
  Failed to kekulize aromatic bonds in OBMol::PerceiveBondOrders (title is /home/zhangsd/repos/MOFSNN/CGCNN_MT/data/CoREMOF2019/clean_cifs/AMAFOK_clean)

/opt/share/miniconda3/envs/mofmthnn/lib/python3.9/site-packages/pymatgen/io/cif.py:1229: UserWarning: Issues encountered while parsing CIF: 8 fractional coordinates rounded to ideal values to avoid issues with finite precision.
  warnings.warn("Issues encountered while parsing CIF: " + "\n".join(self.warnings))
/opt/share/miniconda3/envs/mofmthnn/lib/python3.9/site-packages/pymatgen/io/cif.py:1229: UserWarning: Issues encountered while parsing CIF: 2 fractional coordinates rounded to ideal values to avoid issues with finite precision.
  warnings.warn("Issues encountered while parsing CIF: " + "\n".join(self.warnings))
==============================
*** Open Babel Warning  in PerceiveBondOrders
  Failed to kekulize aromatic bonds in OBMol::PerceiveBondOrders (title is /home/zhangsd/repos/MOFSNN/CGCNN_MT/data/CoREMOF2019/clean_cifs/cg0702636-file001_clean)

/opt/share/miniconda3/envs/mofmthnn/lib/python3.9/site-packages/ase/io/cif.py:401: UserWarning: crystal system 'triclinic' is not interpreted for space group Spacegroup(1, setting=1). This may result in wrong setting!
  warnings.warn(
==============================
*** Open Babel Warning  in PerceiveBondOrders
  Failed to kekulize aromatic bonds in OBMol::PerceiveBondOrders (title is /home/zhangsd/repos/MOFSNN/CGCNN_MT/data/CoREMOF2019/clean_cifs/IYITOB_clean)

==============================
*** Open Babel Warning  in PerceiveBondOrders
  Failed to kekulize aromatic bonds in OBMol::PerceiveBondOrders (title is /home/zhangsd/repos/MOFSNN/CGCNN_MT/data/CoREMOF2019/clean_cifs/UJUPUM_clean)

==============================
*** Open Babel Warning  in PerceiveBondOrders
  Failed to kekulize aromatic bonds in OBMol::PerceiveBondOrders (title is /home/zhangsd/repos/MOFSNN/CGCNN_MT/data/CoREMOF2019/clean_cifs/acs.inorgchem.6b01569_ic6b01569_si_002_clean)

==============================
*** Open Babel Warning  in PerceiveBondOrders
  Failed to kekulize aromatic bonds in OBMol::PerceiveBondOrders (title is /home/zhangsd/repos/MOFSNN/CGCNN_MT/data/CoREMOF2019/clean_cifs/BERFIP_clean)

/opt/share/miniconda3/envs/mofmthnn/lib/python3.9/site-packages/pymatgen/io/cif.py:1229: UserWarning: Issues encountered while parsing CIF: 2 fractional coordinates rounded to ideal values to avoid issues with finite precision.
  warnings.warn("Issues encountered while parsing CIF: " + "\n".join(self.warnings))
/opt/share/miniconda3/envs/mofmthnn/lib/python3.9/site-packages/pymatgen/io/cif.py:1229: UserWarning: Issues encountered while parsing CIF: 1 fractional coordinates rounded to ideal values to avoid issues with finite precision.
  warnings.warn("Issues encountered while parsing CIF: " + "\n".join(self.warnings))
==============================
*** Open Babel Warning  in PerceiveBondOrders
  Failed to kekulize aromatic bonds in OBMol::PerceiveBondOrders (title is /home/zhangsd/repos/MOFSNN/CGCNN_MT/data/CoREMOF2019/clean_cifs/DAWCAH_clean)

/opt/share/miniconda3/envs/mofmthnn/lib/python3.9/site-packages/pymatgen/io/cif.py:1229: UserWarning: Issues encountered while parsing CIF: 12 fractional coordinates rounded to ideal values to avoid issues with finite precision.
  warnings.warn("Issues encountered while parsing CIF: " + "\n".join(self.warnings))
/opt/share/miniconda3/envs/mofmthnn/lib/python3.9/site-packages/pymatgen/io/cif.py:1229: UserWarning: Issues encountered while parsing CIF: 4 fractional coordinates rounded to ideal values to avoid issues with finite precision.
  warnings.warn("Issues encountered while parsing CIF: " + "\n".join(self.warnings))
==============================
*** Open Babel Warning  in PerceiveBondOrders
  Failed to kekulize aromatic bonds in OBMol::PerceiveBondOrders (title is /home/zhangsd/repos/MOFSNN/CGCNN_MT/data/CoREMOF2019/clean_cifs/UVEVAT_clean)

/opt/share/miniconda3/envs/mofmthnn/lib/python3.9/site-packages/pymatgen/io/cif.py:1229: UserWarning: Issues encountered while parsing CIF: 4 fractional coordinates rounded to ideal values to avoid issues with finite precision.
  warnings.warn("Issues encountered while parsing CIF: " + "\n".join(self.warnings))
/opt/share/miniconda3/envs/mofmthnn/lib/python3.9/site-packages/pymatgen/io/cif.py:1229: UserWarning: Issues encountered while parsing CIF: 2 fractional coordinates rounded to ideal values to avoid issues with finite precision.
  warnings.warn("Issues encountered while parsing CIF: " + "\n".join(self.warnings))
==============================
*** Open Babel Warning  in PerceiveBondOrders
  Failed to kekulize aromatic bonds in OBMol::PerceiveBondOrders (title is /home/zhangsd/repos/MOFSNN/CGCNN_MT/data/CoREMOF2019/clean_cifs/JADMAF_clean)

==============================
*** Open Babel Warning  in PerceiveBondOrders
  Failed to kekulize aromatic bonds in OBMol::PerceiveBondOrders (title is /home/zhangsd/repos/MOFSNN/CGCNN_MT/data/CoREMOF2019/clean_cifs/DEPXAY_clean)

==============================
*** Open Babel Warning  in PerceiveBondOrders
  Failed to kekulize aromatic bonds in OBMol::PerceiveBondOrders (title is /home/zhangsd/repos/MOFSNN/CGCNN_MT/data/CoREMOF2019/clean_cifs/POHCOG_clean)

==============================
*** Open Babel Warning  in PerceiveBondOrders
  Failed to kekulize aromatic bonds in OBMol::PerceiveBondOrders (title is /home/zhangsd/repos/MOFSNN/CGCNN_MT/data/CoREMOF2019/clean_cifs/AGUTUS_clean)

==============================
*** Open Babel Warning  in PerceiveBondOrders
  Failed to kekulize aromatic bonds in OBMol::PerceiveBondOrders (title is /home/zhangsd/repos/MOFSNN/CGCNN_MT/data/CoREMOF2019/clean_cifs/BAHGUN04_clean)

/opt/share/miniconda3/envs/mofmthnn/lib/python3.9/site-packages/ase/io/cif.py:401: UserWarning: crystal system 'triclinic' is not interpreted for space group Spacegroup(1, setting=1). This may result in wrong setting!
  warnings.warn(
/opt/share/miniconda3/envs/mofmthnn/lib/python3.9/site-packages/pymatgen/io/cif.py:1229: UserWarning: Issues encountered while parsing CIF: 2 fractional coordinates rounded to ideal values to avoid issues with finite precision.
  warnings.warn("Issues encountered while parsing CIF: " + "\n".join(self.warnings))
==============================
*** Open Babel Warning  in PerceiveBondOrders
  Failed to kekulize aromatic bonds in OBMol::PerceiveBondOrders (title is /home/zhangsd/repos/MOFSNN/CGCNN_MT/data/CoREMOF2019/clean_cifs/DOMGAP_clean)

==============================
*** Open Babel Warning  in PerceiveBondOrders
  Failed to kekulize aromatic bonds in OBMol::PerceiveBondOrders (title is /home/zhangsd/repos/MOFSNN/CGCNN_MT/data/CoREMOF2019/clean_cifs/HOWQOA_clean)

==============================
*** Open Babel Warning  in PerceiveBondOrders
  Failed to kekulize aromatic bonds in OBMol::PerceiveBondOrders (title is /home/zhangsd/repos/MOFSNN/CGCNN_MT/data/CoREMOF2019/clean_cifs/PUZKOM_clean)

==============================
*** Open Babel Warning  in PerceiveBondOrders
  Failed to kekulize aromatic bonds in OBMol::PerceiveBondOrders (title is /home/zhangsd/repos/MOFSNN/CGCNN_MT/data/CoREMOF2019/clean_cifs/COYVES01_clean)

==============================
*** Open Babel Warning  in PerceiveBondOrders
  Failed to kekulize aromatic bonds in OBMol::PerceiveBondOrders (title is /home/zhangsd/repos/MOFSNN/CGCNN_MT/data/CoREMOF2019/clean_cifs/ULEPIM_clean)

==============================
*** Open Babel Warning  in PerceiveBondOrders
  Failed to kekulize aromatic bonds in OBMol::PerceiveBondOrders (title is /home/zhangsd/repos/MOFSNN/CGCNN_MT/data/CoREMOF2019/clean_cifs/SEHMAU_clean)

==============================
*** Open Babel Warning  in PerceiveBondOrders
  Failed to kekulize aromatic bonds in OBMol::PerceiveBondOrders (title is /home/zhangsd/repos/MOFSNN/CGCNN_MT/data/CoREMOF2019/clean_cifs/OCINIA_clean)

==============================
*** Open Babel Warning  in PerceiveBondOrders
  Failed to kekulize aromatic bonds in OBMol::PerceiveBondOrders (title is /home/zhangsd/repos/MOFSNN/CGCNN_MT/data/CoREMOF2019/clean_cifs/HENYUV_clean)

==============================
*** Open Babel Warning  in PerceiveBondOrders
  Failed to kekulize aromatic bonds in OBMol::PerceiveBondOrders (title is /home/zhangsd/repos/MOFSNN/CGCNN_MT/data/CoREMOF2019/clean_cifs/XEXMAQ_clean)

==============================
*** Open Babel Warning  in PerceiveBondOrders
  Failed to kekulize aromatic bonds in OBMol::PerceiveBondOrders (title is /home/zhangsd/repos/MOFSNN/CGCNN_MT/data/CoREMOF2019/clean_cifs/PEWXUL01_clean)

==============================
*** Open Babel Warning  in PerceiveBondOrders
  Failed to kekulize aromatic bonds in OBMol::PerceiveBondOrders (title is /home/zhangsd/repos/MOFSNN/CGCNN_MT/data/CoREMOF2019/clean_cifs/IXEDOE_charged)

==============================
*** Open Babel Warning  in PerceiveBondOrders
  Failed to kekulize aromatic bonds in OBMol::PerceiveBondOrders (title is /home/zhangsd/repos/MOFSNN/CGCNN_MT/data/CoREMOF2019/clean_cifs/OKILIE_clean)

==============================
*** Open Babel Warning  in PerceiveBondOrders
  Failed to kekulize aromatic bonds in OBMol::PerceiveBondOrders (title is /home/zhangsd/repos/MOFSNN/CGCNN_MT/data/CoREMOF2019/clean_cifs/DIVQAB_clean)

==============================
*** Open Babel Warning  in PerceiveBondOrders
  Failed to kekulize aromatic bonds in OBMol::PerceiveBondOrders (title is /home/zhangsd/repos/MOFSNN/CGCNN_MT/data/CoREMOF2019/clean_cifs/OKITIM02_charged)

==============================
*** Open Babel Warning  in PerceiveBondOrders
  Failed to kekulize aromatic bonds in OBMol::PerceiveBondOrders (title is /home/zhangsd/repos/MOFSNN/CGCNN_MT/data/CoREMOF2019/clean_cifs/SAXLEK_clean)

/opt/share/miniconda3/envs/mofmthnn/lib/python3.9/site-packages/pymatgen/io/cif.py:1229: UserWarning: Issues encountered while parsing CIF: 4 fractional coordinates rounded to ideal values to avoid issues with finite precision.
  warnings.warn("Issues encountered while parsing CIF: " + "\n".join(self.warnings))
/opt/share/miniconda3/envs/mofmthnn/lib/python3.9/site-packages/pymatgen/io/cif.py:1229: UserWarning: Issues encountered while parsing CIF: 4 fractional coordinates rounded to ideal values to avoid issues with finite precision.
  warnings.warn("Issues encountered while parsing CIF: " + "\n".join(self.warnings))
==============================
*** Open Babel Warning  in PerceiveBondOrders
  Failed to kekulize aromatic bonds in OBMol::PerceiveBondOrders (title is /home/zhangsd/repos/MOFSNN/CGCNN_MT/data/CoREMOF2019/clean_cifs/ULOKUD01_clean)

/opt/share/miniconda3/envs/mofmthnn/lib/python3.9/site-packages/pymatgen/io/cif.py:1229: UserWarning: Issues encountered while parsing CIF: 4 fractional coordinates rounded to ideal values to avoid issues with finite precision.
  warnings.warn("Issues encountered while parsing CIF: " + "\n".join(self.warnings))
/opt/share/miniconda3/envs/mofmthnn/lib/python3.9/site-packages/pymatgen/io/cif.py:1229: UserWarning: Issues encountered while parsing CIF: 16 fractional coordinates rounded to ideal values to avoid issues with finite precision.
  warnings.warn("Issues encountered while parsing CIF: " + "\n".join(self.warnings))
/opt/share/miniconda3/envs/mofmthnn/lib/python3.9/site-packages/pymatgen/io/cif.py:1229: UserWarning: Issues encountered while parsing CIF: 4 fractional coordinates rounded to ideal values to avoid issues with finite precision.
  warnings.warn("Issues encountered while parsing CIF: " + "\n".join(self.warnings))
==============================
*** Open Babel Warning  in PerceiveBondOrders
  Failed to kekulize aromatic bonds in OBMol::PerceiveBondOrders (title is /home/zhangsd/repos/MOFSNN/CGCNN_MT/data/CoREMOF2019/clean_cifs/QOSJUF_clean)

==============================
*** Open Babel Warning  in PerceiveBondOrders
  Failed to kekulize aromatic bonds in OBMol::PerceiveBondOrders (title is /home/zhangsd/repos/MOFSNN/CGCNN_MT/data/CoREMOF2019/clean_cifs/ZIKCED_clean)

/opt/share/miniconda3/envs/mofmthnn/lib/python3.9/site-packages/pymatgen/io/cif.py:1229: UserWarning: Issues encountered while parsing CIF: 12 fractional coordinates rounded to ideal values to avoid issues with finite precision.
  warnings.warn("Issues encountered while parsing CIF: " + "\n".join(self.warnings))
==============================
*** Open Babel Warning  in PerceiveBondOrders
  Failed to kekulize aromatic bonds in OBMol::PerceiveBondOrders (title is /home/zhangsd/repos/MOFSNN/CGCNN_MT/data/CoREMOF2019/clean_cifs/NUYWOU_clean)

==============================
*** Open Babel Warning  in PerceiveBondOrders
  Failed to kekulize aromatic bonds in OBMol::PerceiveBondOrders (title is /home/zhangsd/repos/MOFSNN/CGCNN_MT/data/CoREMOF2019/clean_cifs/WILNEL01_clean)

==============================
*** Open Babel Warning  in PerceiveBondOrders
  Failed to kekulize aromatic bonds in OBMol::PerceiveBondOrders (title is /home/zhangsd/repos/MOFSNN/CGCNN_MT/data/CoREMOF2019/clean_cifs/IXISUD_clean)

/opt/share/miniconda3/envs/mofmthnn/lib/python3.9/site-packages/pymatgen/io/cif.py:1229: UserWarning: Issues encountered while parsing CIF: 4 fractional coordinates rounded to ideal values to avoid issues with finite precision.
  warnings.warn("Issues encountered while parsing CIF: " + "\n".join(self.warnings))
==============================
*** Open Babel Warning  in PerceiveBondOrders
  Failed to kekulize aromatic bonds in OBMol::PerceiveBondOrders (title is /home/zhangsd/repos/MOFSNN/CGCNN_MT/data/CoREMOF2019/clean_cifs/QOGGID_clean)

/opt/share/miniconda3/envs/mofmthnn/lib/python3.9/site-packages/pymatgen/io/cif.py:1229: UserWarning: Issues encountered while parsing CIF: 4 fractional coordinates rounded to ideal values to avoid issues with finite precision.
  warnings.warn("Issues encountered while parsing CIF: " + "\n".join(self.warnings))
==============================
*** Open Babel Warning  in PerceiveBondOrders
  Failed to kekulize aromatic bonds in OBMol::PerceiveBondOrders (title is /home/zhangsd/repos/MOFSNN/CGCNN_MT/data/CoREMOF2019/clean_cifs/GALFAB_clean)

==============================
*** Open Babel Warning  in PerceiveBondOrders
  Failed to kekulize aromatic bonds in OBMol::PerceiveBondOrders (title is /home/zhangsd/repos/MOFSNN/CGCNN_MT/data/CoREMOF2019/clean_cifs/FIBFUS_clean)

==============================
*** Open Babel Warning  in PerceiveBondOrders
  Failed to kekulize aromatic bonds in OBMol::PerceiveBondOrders (title is /home/zhangsd/repos/MOFSNN/CGCNN_MT/data/CoREMOF2019/clean_cifs/GATJIV_charged)

==============================
*** Open Babel Warning  in PerceiveBondOrders
  Failed to kekulize aromatic bonds in OBMol::PerceiveBondOrders (title is /home/zhangsd/repos/MOFSNN/CGCNN_MT/data/CoREMOF2019/clean_cifs/LAXMIJ_clean)

==============================
*** Open Babel Warning  in PerceiveBondOrders
  Failed to kekulize aromatic bonds in OBMol::PerceiveBondOrders (title is /home/zhangsd/repos/MOFSNN/CGCNN_MT/data/CoREMOF2019/clean_cifs/UDAWOO_clean)

==============================
*** Open Babel Warning  in PerceiveBondOrders
  Failed to kekulize aromatic bonds in OBMol::PerceiveBondOrders (title is /home/zhangsd/repos/MOFSNN/CGCNN_MT/data/CoREMOF2019/clean_cifs/WUNVUX_clean)

==============================
*** Open Babel Warning  in PerceiveBondOrders
  Failed to kekulize aromatic bonds in OBMol::PerceiveBondOrders (title is /home/zhangsd/repos/MOFSNN/CGCNN_MT/data/CoREMOF2019/clean_cifs/PEPKUR_clean)

==============================
*** Open Babel Warning  in PerceiveBondOrders
  Failed to kekulize aromatic bonds in OBMol::PerceiveBondOrders (title is /home/zhangsd/repos/MOFSNN/CGCNN_MT/data/CoREMOF2019/clean_cifs/QODHUO01_clean)

==============================
*** Open Babel Warning  in PerceiveBondOrders
  Failed to kekulize aromatic bonds in OBMol::PerceiveBondOrders (title is /home/zhangsd/repos/MOFSNN/CGCNN_MT/data/CoREMOF2019/clean_cifs/DOHYIJ_clean)

/opt/share/miniconda3/envs/mofmthnn/lib/python3.9/site-packages/pymatgen/io/cif.py:1229: UserWarning: Issues encountered while parsing CIF: 10 fractional coordinates rounded to ideal values to avoid issues with finite precision.
  warnings.warn("Issues encountered while parsing CIF: " + "\n".join(self.warnings))
/opt/share/miniconda3/envs/mofmthnn/lib/python3.9/site-packages/pymatgen/io/cif.py:1229: UserWarning: Issues encountered while parsing CIF: 32 fractional coordinates rounded to ideal values to avoid issues with finite precision.
  warnings.warn("Issues encountered while parsing CIF: " + "\n".join(self.warnings))
==============================
*** Open Babel Warning  in PerceiveBondOrders
  Failed to kekulize aromatic bonds in OBMol::PerceiveBondOrders (title is /home/zhangsd/repos/MOFSNN/CGCNN_MT/data/CoREMOF2019/clean_cifs/MIFTUS_clean)

==============================
*** Open Babel Warning  in PerceiveBondOrders
  Failed to kekulize aromatic bonds in OBMol::PerceiveBondOrders (title is /home/zhangsd/repos/MOFSNN/CGCNN_MT/data/CoREMOF2019/clean_cifs/JUKNUA_clean)

==============================
*** Open Babel Warning  in PerceiveBondOrders
  Failed to kekulize aromatic bonds in OBMol::PerceiveBondOrders (title is /home/zhangsd/repos/MOFSNN/CGCNN_MT/data/CoREMOF2019/clean_cifs/ja506357n_si_002_clean)

/opt/share/miniconda3/envs/mofmthnn/lib/python3.9/site-packages/ase/io/cif.py:401: UserWarning: crystal system 'triclinic' is not interpreted for space group Spacegroup(1, setting=1). This may result in wrong setting!
  warnings.warn(
==============================
*** Open Babel Warning  in PerceiveBondOrders
  Failed to kekulize aromatic bonds in OBMol::PerceiveBondOrders (title is /home/zhangsd/repos/MOFSNN/CGCNN_MT/data/CoREMOF2019/clean_cifs/FIFPAM01_clean)

==============================
*** Open Babel Warning  in PerceiveBondOrders
  Failed to kekulize aromatic bonds in OBMol::PerceiveBondOrders (title is /home/zhangsd/repos/MOFSNN/CGCNN_MT/data/CoREMOF2019/clean_cifs/PUFXIZ_clean)

/opt/share/miniconda3/envs/mofmthnn/lib/python3.9/site-packages/pymatgen/io/cif.py:1229: UserWarning: Issues encountered while parsing CIF: 10 fractional coordinates rounded to ideal values to avoid issues with finite precision.
  warnings.warn("Issues encountered while parsing CIF: " + "\n".join(self.warnings))
/opt/share/miniconda3/envs/mofmthnn/lib/python3.9/site-packages/pymatgen/io/cif.py:1229: UserWarning: Issues encountered while parsing CIF: 12 fractional coordinates rounded to ideal values to avoid issues with finite precision.
  warnings.warn("Issues encountered while parsing CIF: " + "\n".join(self.warnings))
==============================
*** Open Babel Warning  in PerceiveBondOrders
  Failed to kekulize aromatic bonds in OBMol::PerceiveBondOrders (title is /home/zhangsd/repos/MOFSNN/CGCNN_MT/data/CoREMOF2019/clean_cifs/POYPAW_clean)

==============================
*** Open Babel Warning  in PerceiveBondOrders
  Failed to kekulize aromatic bonds in OBMol::PerceiveBondOrders (title is /home/zhangsd/repos/MOFSNN/CGCNN_MT/data/CoREMOF2019/clean_cifs/AGOFEJ_clean)

==============================
*** Open Babel Warning  in PerceiveBondOrders
  Failed to kekulize aromatic bonds in OBMol::PerceiveBondOrders (title is /home/zhangsd/repos/MOFSNN/CGCNN_MT/data/CoREMOF2019/clean_cifs/CEHWOD_clean)

/opt/share/miniconda3/envs/mofmthnn/lib/python3.9/site-packages/pymatgen/io/cif.py:1229: UserWarning: Issues encountered while parsing CIF: 2 fractional coordinates rounded to ideal values to avoid issues with finite precision.
  warnings.warn("Issues encountered while parsing CIF: " + "\n".join(self.warnings))
==============================
*** Open Babel Warning  in PerceiveBondOrders
  Failed to kekulize aromatic bonds in OBMol::PerceiveBondOrders (title is /home/zhangsd/repos/MOFSNN/CGCNN_MT/data/CoREMOF2019/clean_cifs/VIWRAW_clean)

==============================
*** Open Babel Warning  in PerceiveBondOrders
  Failed to kekulize aromatic bonds in OBMol::PerceiveBondOrders (title is /home/zhangsd/repos/MOFSNN/CGCNN_MT/data/CoREMOF2019/clean_cifs/TUMREA_clean)

==============================
*** Open Babel Warning  in PerceiveBondOrders
  Failed to kekulize aromatic bonds in OBMol::PerceiveBondOrders (title is /home/zhangsd/repos/MOFSNN/CGCNN_MT/data/CoREMOF2019/clean_cifs/NAHFIO_clean)

==============================
*** Open Babel Warning  in PerceiveBondOrders
  Failed to kekulize aromatic bonds in OBMol::PerceiveBondOrders (title is /home/zhangsd/repos/MOFSNN/CGCNN_MT/data/CoREMOF2019/clean_cifs/LABQEN_clean)

/opt/share/miniconda3/envs/mofmthnn/lib/python3.9/site-packages/pymatgen/io/cif.py:1229: UserWarning: Issues encountered while parsing CIF: 4 fractional coordinates rounded to ideal values to avoid issues with finite precision.
  warnings.warn("Issues encountered while parsing CIF: " + "\n".join(self.warnings))
/opt/share/miniconda3/envs/mofmthnn/lib/python3.9/site-packages/ase/io/cif.py:401: UserWarning: crystal system 'triclinic' is not interpreted for space group Spacegroup(1, setting=1). This may result in wrong setting!
  warnings.warn(
/opt/share/miniconda3/envs/mofmthnn/lib/python3.9/site-packages/pymatgen/io/cif.py:1229: UserWarning: Issues encountered while parsing CIF: 4 fractional coordinates rounded to ideal values to avoid issues with finite precision.
  warnings.warn("Issues encountered while parsing CIF: " + "\n".join(self.warnings))
==============================
*** Open Babel Warning  in PerceiveBondOrders
  Failed to kekulize aromatic bonds in OBMol::PerceiveBondOrders (title is /home/zhangsd/repos/MOFSNN/CGCNN_MT/data/CoREMOF2019/clean_cifs/IQABEJ_clean)

/opt/share/miniconda3/envs/mofmthnn/lib/python3.9/site-packages/pymatgen/io/cif.py:1229: UserWarning: Issues encountered while parsing CIF: 4 fractional coordinates rounded to ideal values to avoid issues with finite precision.
  warnings.warn("Issues encountered while parsing CIF: " + "\n".join(self.warnings))
/opt/share/miniconda3/envs/mofmthnn/lib/python3.9/site-packages/pymatgen/io/cif.py:1229: UserWarning: Issues encountered while parsing CIF: 24 fractional coordinates rounded to ideal values to avoid issues with finite precision.
  warnings.warn("Issues encountered while parsing CIF: " + "\n".join(self.warnings))
/opt/share/miniconda3/envs/mofmthnn/lib/python3.9/site-packages/pymatgen/io/cif.py:1229: UserWarning: Issues encountered while parsing CIF: 4 fractional coordinates rounded to ideal values to avoid issues with finite precision.
  warnings.warn("Issues encountered while parsing CIF: " + "\n".join(self.warnings))
==============================
*** Open Babel Warning  in PerceiveBondOrders
  Failed to kekulize aromatic bonds in OBMol::PerceiveBondOrders (title is /home/zhangsd/repos/MOFSNN/CGCNN_MT/data/CoREMOF2019/clean_cifs/WIDZUG_clean)

==============================
*** Open Babel Warning  in PerceiveBondOrders
  Failed to kekulize aromatic bonds in OBMol::PerceiveBondOrders (title is /home/zhangsd/repos/MOFSNN/CGCNN_MT/data/CoREMOF2019/clean_cifs/ULOKAJ_clean)

==============================
*** Open Babel Warning  in PerceiveBondOrders
  Failed to kekulize aromatic bonds in OBMol::PerceiveBondOrders (title is /home/zhangsd/repos/MOFSNN/CGCNN_MT/data/CoREMOF2019/clean_cifs/UWUTIQ_clean)

==============================
*** Open Babel Warning  in PerceiveBondOrders
  Failed to kekulize aromatic bonds in OBMol::PerceiveBondOrders (title is /home/zhangsd/repos/MOFSNN/CGCNN_MT/data/CoREMOF2019/clean_cifs/TANMIH_clean)

==============================
*** Open Babel Warning  in PerceiveBondOrders
  Failed to kekulize aromatic bonds in OBMol::PerceiveBondOrders (title is /home/zhangsd/repos/MOFSNN/CGCNN_MT/data/CoREMOF2019/clean_cifs/GUPBUP_SL)

==============================
*** Open Babel Warning  in PerceiveBondOrders
  Failed to kekulize aromatic bonds in OBMol::PerceiveBondOrders (title is /home/zhangsd/repos/MOFSNN/CGCNN_MT/data/CoREMOF2019/clean_cifs/UCABAE_clean)

/opt/share/miniconda3/envs/mofmthnn/lib/python3.9/site-packages/pymatgen/io/cif.py:1229: UserWarning: Issues encountered while parsing CIF: 16 fractional coordinates rounded to ideal values to avoid issues with finite precision.
  warnings.warn("Issues encountered while parsing CIF: " + "\n".join(self.warnings))
==============================
*** Open Babel Warning  in PerceiveBondOrders
  Failed to kekulize aromatic bonds in OBMol::PerceiveBondOrders (title is /home/zhangsd/repos/MOFSNN/CGCNN_MT/data/CoREMOF2019/clean_cifs/LEGGIO_clean)

/opt/share/miniconda3/envs/mofmthnn/lib/python3.9/site-packages/pymatgen/io/cif.py:1229: UserWarning: Issues encountered while parsing CIF: 12 fractional coordinates rounded to ideal values to avoid issues with finite precision.
  warnings.warn("Issues encountered while parsing CIF: " + "\n".join(self.warnings))
==============================
*** Open Babel Warning  in PerceiveBondOrders
  Failed to kekulize aromatic bonds in OBMol::PerceiveBondOrders (title is /home/zhangsd/repos/MOFSNN/CGCNN_MT/data/CoREMOF2019/clean_cifs/TOJLOT_clean)

==============================
*** Open Babel Warning  in PerceiveBondOrders
  Failed to kekulize aromatic bonds in OBMol::PerceiveBondOrders (title is /home/zhangsd/repos/MOFSNN/CGCNN_MT/data/CoREMOF2019/clean_cifs/WUNVIL_charged)

/opt/share/miniconda3/envs/mofmthnn/lib/python3.9/site-packages/pymatgen/io/cif.py:1229: UserWarning: Issues encountered while parsing CIF: 2 fractional coordinates rounded to ideal values to avoid issues with finite precision.
  warnings.warn("Issues encountered while parsing CIF: " + "\n".join(self.warnings))
==============================
*** Open Babel Warning  in PerceiveBondOrders
  Failed to kekulize aromatic bonds in OBMol::PerceiveBondOrders (title is /home/zhangsd/repos/MOFSNN/CGCNN_MT/data/CoREMOF2019/clean_cifs/BIRSEC_clean)

==============================
*** Open Babel Warning  in PerceiveBondOrders
  Failed to kekulize aromatic bonds in OBMol::PerceiveBondOrders (title is /home/zhangsd/repos/MOFSNN/CGCNN_MT/data/CoREMOF2019/clean_cifs/LACYEW_clean)

==============================
*** Open Babel Warning  in PerceiveBondOrders
  Failed to kekulize aromatic bonds in OBMol::PerceiveBondOrders (title is /home/zhangsd/repos/MOFSNN/CGCNN_MT/data/CoREMOF2019/clean_cifs/YUDDEH_clean)

==============================
*** Open Babel Warning  in PerceiveBondOrders
  Failed to kekulize aromatic bonds in OBMol::PerceiveBondOrders (title is /home/zhangsd/repos/MOFSNN/CGCNN_MT/data/CoREMOF2019/clean_cifs/XOHJUA_clean)

==============================
*** Open Babel Warning  in PerceiveBondOrders
  Failed to kekulize aromatic bonds in OBMol::PerceiveBondOrders (title is /home/zhangsd/repos/MOFSNN/CGCNN_MT/data/CoREMOF2019/clean_cifs/LATPIG_clean)

/opt/share/miniconda3/envs/mofmthnn/lib/python3.9/site-packages/ase/io/cif.py:401: UserWarning: crystal system 'triclinic' is not interpreted for space group Spacegroup(1, setting=1). This may result in wrong setting!
  warnings.warn(
==============================
*** Open Babel Warning  in PerceiveBondOrders
  Failed to kekulize aromatic bonds in OBMol::PerceiveBondOrders (title is /home/zhangsd/repos/MOFSNN/CGCNN_MT/data/CoREMOF2019/clean_cifs/DANFUW_clean)

/opt/share/miniconda3/envs/mofmthnn/lib/python3.9/site-packages/pymatgen/io/cif.py:1229: UserWarning: Issues encountered while parsing CIF: 2 fractional coordinates rounded to ideal values to avoid issues with finite precision.
  warnings.warn("Issues encountered while parsing CIF: " + "\n".join(self.warnings))
==============================
*** Open Babel Warning  in PerceiveBondOrders
  Failed to kekulize aromatic bonds in OBMol::PerceiveBondOrders (title is /home/zhangsd/repos/MOFSNN/CGCNN_MT/data/CoREMOF2019/clean_cifs/XOKHAH_clean)

/opt/share/miniconda3/envs/mofmthnn/lib/python3.9/site-packages/pymatgen/io/cif.py:1229: UserWarning: Issues encountered while parsing CIF: 1 fractional coordinates rounded to ideal values to avoid issues with finite precision.
  warnings.warn("Issues encountered while parsing CIF: " + "\n".join(self.warnings))
==============================
*** Open Babel Warning  in PerceiveBondOrders
  Failed to kekulize aromatic bonds in OBMol::PerceiveBondOrders (title is /home/zhangsd/repos/MOFSNN/CGCNN_MT/data/CoREMOF2019/clean_cifs/MUPTAU_clean)

==============================
*** Open Babel Warning  in PerceiveBondOrders
  Failed to kekulize aromatic bonds in OBMol::PerceiveBondOrders (title is /home/zhangsd/repos/MOFSNN/CGCNN_MT/data/CoREMOF2019/clean_cifs/FEJKEM_clean)

==============================
*** Open Babel Warning  in PerceiveBondOrders
  Failed to kekulize aromatic bonds in OBMol::PerceiveBondOrders (title is /home/zhangsd/repos/MOFSNN/CGCNN_MT/data/CoREMOF2019/clean_cifs/PEGQOJ_clean)

==============================
*** Open Babel Warning  in PerceiveBondOrders
  Failed to kekulize aromatic bonds in OBMol::PerceiveBondOrders (title is /home/zhangsd/repos/MOFSNN/CGCNN_MT/data/CoREMOF2019/clean_cifs/DAJHOM_manual)

/opt/share/miniconda3/envs/mofmthnn/lib/python3.9/site-packages/pymatgen/io/cif.py:1229: UserWarning: Issues encountered while parsing CIF: 4 fractional coordinates rounded to ideal values to avoid issues with finite precision.
  warnings.warn("Issues encountered while parsing CIF: " + "\n".join(self.warnings))
==============================
*** Open Babel Warning  in PerceiveBondOrders
  Failed to kekulize aromatic bonds in OBMol::PerceiveBondOrders (title is /home/zhangsd/repos/MOFSNN/CGCNN_MT/data/CoREMOF2019/clean_cifs/LACZEX_clean)

/opt/share/miniconda3/envs/mofmthnn/lib/python3.9/site-packages/pymatgen/io/cif.py:1229: UserWarning: Issues encountered while parsing CIF: 1 fractional coordinates rounded to ideal values to avoid issues with finite precision.
  warnings.warn("Issues encountered while parsing CIF: " + "\n".join(self.warnings))
==============================
*** Open Babel Warning  in PerceiveBondOrders
  Failed to kekulize aromatic bonds in OBMol::PerceiveBondOrders (title is /home/zhangsd/repos/MOFSNN/CGCNN_MT/data/CoREMOF2019/clean_cifs/OFAPIW_clean)

/opt/share/miniconda3/envs/mofmthnn/lib/python3.9/site-packages/pymatgen/io/cif.py:1229: UserWarning: Issues encountered while parsing CIF: 30 fractional coordinates rounded to ideal values to avoid issues with finite precision.
  warnings.warn("Issues encountered while parsing CIF: " + "\n".join(self.warnings))
==============================
*** Open Babel Warning  in PerceiveBondOrders
  Failed to kekulize aromatic bonds in OBMol::PerceiveBondOrders (title is /home/zhangsd/repos/MOFSNN/CGCNN_MT/data/CoREMOF2019/clean_cifs/UHAXUW_clean)

/opt/share/miniconda3/envs/mofmthnn/lib/python3.9/site-packages/pymatgen/io/cif.py:1229: UserWarning: Issues encountered while parsing CIF: 8 fractional coordinates rounded to ideal values to avoid issues with finite precision.
  warnings.warn("Issues encountered while parsing CIF: " + "\n".join(self.warnings))
==============================
*** Open Babel Warning  in PerceiveBondOrders
  Failed to kekulize aromatic bonds in OBMol::PerceiveBondOrders (title is /home/zhangsd/repos/MOFSNN/CGCNN_MT/data/CoREMOF2019/clean_cifs/MOVKOZ_clean)

/opt/share/miniconda3/envs/mofmthnn/lib/python3.9/site-packages/pymatgen/io/cif.py:1229: UserWarning: Issues encountered while parsing CIF: 4 fractional coordinates rounded to ideal values to avoid issues with finite precision.
  warnings.warn("Issues encountered while parsing CIF: " + "\n".join(self.warnings))
==============================
*** Open Babel Warning  in PerceiveBondOrders
  Failed to kekulize aromatic bonds in OBMol::PerceiveBondOrders (title is /home/zhangsd/repos/MOFSNN/CGCNN_MT/data/CoREMOF2019/clean_cifs/FITHAS_charged)

==============================
*** Open Babel Warning  in PerceiveBondOrders
  Failed to kekulize aromatic bonds in OBMol::PerceiveBondOrders (title is /home/zhangsd/repos/MOFSNN/CGCNN_MT/data/CoREMOF2019/clean_cifs/NIZZOM_clean)

/opt/share/miniconda3/envs/mofmthnn/lib/python3.9/site-packages/pymatgen/io/cif.py:1229: UserWarning: Issues encountered while parsing CIF: 8 fractional coordinates rounded to ideal values to avoid issues with finite precision.
  warnings.warn("Issues encountered while parsing CIF: " + "\n".join(self.warnings))
==============================
*** Open Babel Warning  in PerceiveBondOrders
  Failed to kekulize aromatic bonds in OBMol::PerceiveBondOrders (title is /home/zhangsd/repos/MOFSNN/CGCNN_MT/data/CoREMOF2019/clean_cifs/MIXXOI_clean)

==============================
*** Open Babel Warning  in PerceiveBondOrders
  Failed to kekulize aromatic bonds in OBMol::PerceiveBondOrders (title is /home/zhangsd/repos/MOFSNN/CGCNN_MT/data/CoREMOF2019/clean_cifs/HAMJOW_clean)

==============================
*** Open Babel Warning  in PerceiveBondOrders
  Failed to kekulize aromatic bonds in OBMol::PerceiveBondOrders (title is /home/zhangsd/repos/MOFSNN/CGCNN_MT/data/CoREMOF2019/clean_cifs/ESANET_clean)

/opt/share/miniconda3/envs/mofmthnn/lib/python3.9/site-packages/ase/io/cif.py:401: UserWarning: crystal system 'triclinic' is not interpreted for space group Spacegroup(1, setting=1). This may result in wrong setting!
  warnings.warn(
/opt/share/miniconda3/envs/mofmthnn/lib/python3.9/site-packages/pymatgen/io/cif.py:1229: UserWarning: Issues encountered while parsing CIF: 4 fractional coordinates rounded to ideal values to avoid issues with finite precision.
  warnings.warn("Issues encountered while parsing CIF: " + "\n".join(self.warnings))
/opt/share/miniconda3/envs/mofmthnn/lib/python3.9/site-packages/pymatgen/io/cif.py:1229: UserWarning: Issues encountered while parsing CIF: 24 fractional coordinates rounded to ideal values to avoid issues with finite precision.
  warnings.warn("Issues encountered while parsing CIF: " + "\n".join(self.warnings))
==============================
*** Open Babel Warning  in PerceiveBondOrders
  Failed to kekulize aromatic bonds in OBMol::PerceiveBondOrders (title is /home/zhangsd/repos/MOFSNN/CGCNN_MT/data/CoREMOF2019/clean_cifs/BAWROI_clean)

==============================
*** Open Babel Warning  in PerceiveBondOrders
  Failed to kekulize aromatic bonds in OBMol::PerceiveBondOrders (title is /home/zhangsd/repos/MOFSNN/CGCNN_MT/data/CoREMOF2019/clean_cifs/VULKOD_clean)

/opt/share/miniconda3/envs/mofmthnn/lib/python3.9/site-packages/pymatgen/io/cif.py:1229: UserWarning: Issues encountered while parsing CIF: 4 fractional coordinates rounded to ideal values to avoid issues with finite precision.
  warnings.warn("Issues encountered while parsing CIF: " + "\n".join(self.warnings))
/opt/share/miniconda3/envs/mofmthnn/lib/python3.9/site-packages/pymatgen/io/cif.py:1229: UserWarning: Issues encountered while parsing CIF: 12 fractional coordinates rounded to ideal values to avoid issues with finite precision.
  warnings.warn("Issues encountered while parsing CIF: " + "\n".join(self.warnings))
==============================
*** Open Babel Warning  in PerceiveBondOrders
  Failed to kekulize aromatic bonds in OBMol::PerceiveBondOrders (title is /home/zhangsd/repos/MOFSNN/CGCNN_MT/data/CoREMOF2019/clean_cifs/LAWFUN_clean)

==============================
*** Open Babel Warning  in PerceiveBondOrders
  Failed to kekulize aromatic bonds in OBMol::PerceiveBondOrders (title is /home/zhangsd/repos/MOFSNN/CGCNN_MT/data/CoREMOF2019/clean_cifs/XINXAV_clean)

==============================
*** Open Babel Warning  in PerceiveBondOrders
  Failed to kekulize aromatic bonds in OBMol::PerceiveBondOrders (title is /home/zhangsd/repos/MOFSNN/CGCNN_MT/data/CoREMOF2019/clean_cifs/DONXUB_clean)

==============================
*** Open Babel Warning  in PerceiveBondOrders
  Failed to kekulize aromatic bonds in OBMol::PerceiveBondOrders (title is /home/zhangsd/repos/MOFSNN/CGCNN_MT/data/CoREMOF2019/clean_cifs/c6cc00589f_c6cc00589f2_clean)

==============================
*** Open Babel Warning  in PerceiveBondOrders
  Failed to kekulize aromatic bonds in OBMol::PerceiveBondOrders (title is /home/zhangsd/repos/MOFSNN/CGCNN_MT/data/CoREMOF2019/clean_cifs/FERVUV_clean)

/opt/share/miniconda3/envs/mofmthnn/lib/python3.9/site-packages/pymatgen/io/cif.py:1229: UserWarning: Issues encountered while parsing CIF: 1 fractional coordinates rounded to ideal values to avoid issues with finite precision.
  warnings.warn("Issues encountered while parsing CIF: " + "\n".join(self.warnings))
==============================
*** Open Babel Warning  in PerceiveBondOrders
  Failed to kekulize aromatic bonds in OBMol::PerceiveBondOrders (title is /home/zhangsd/repos/MOFSNN/CGCNN_MT/data/CoREMOF2019/clean_cifs/TIFHAT_charged)

==============================
*** Open Babel Warning  in PerceiveBondOrders
  Failed to kekulize aromatic bonds in OBMol::PerceiveBondOrders (title is /home/zhangsd/repos/MOFSNN/CGCNN_MT/data/CoREMOF2019/clean_cifs/GAWCUF_clean)

==============================
*** Open Babel Warning  in PerceiveBondOrders
  Failed to kekulize aromatic bonds in OBMol::PerceiveBondOrders (title is /home/zhangsd/repos/MOFSNN/CGCNN_MT/data/CoREMOF2019/clean_cifs/GITTUZ_clean)

==============================
*** Open Babel Warning  in PerceiveBondOrders
  Failed to kekulize aromatic bonds in OBMol::PerceiveBondOrders (title is /home/zhangsd/repos/MOFSNN/CGCNN_MT/data/CoREMOF2019/clean_cifs/KEBDIG_charged)

==============================
*** Open Babel Warning  in PerceiveBondOrders
  Failed to kekulize aromatic bonds in OBMol::PerceiveBondOrders (title is /home/zhangsd/repos/MOFSNN/CGCNN_MT/data/CoREMOF2019/clean_cifs/KANDIO_clean)

==============================
*** Open Babel Warning  in PerceiveBondOrders
  Failed to kekulize aromatic bonds in OBMol::PerceiveBondOrders (title is /home/zhangsd/repos/MOFSNN/CGCNN_MT/data/CoREMOF2019/clean_cifs/SAKDAM_clean)

==============================
*** Open Babel Warning  in PerceiveBondOrders
  Failed to kekulize aromatic bonds in OBMol::PerceiveBondOrders (title is /home/zhangsd/repos/MOFSNN/CGCNN_MT/data/CoREMOF2019/clean_cifs/LOXWEC_clean)

==============================
*** Open Babel Warning  in PerceiveBondOrders
  Failed to kekulize aromatic bonds in OBMol::PerceiveBondOrders (title is /home/zhangsd/repos/MOFSNN/CGCNN_MT/data/CoREMOF2019/clean_cifs/FEVNEA_charged)

==============================
*** Open Babel Warning  in PerceiveBondOrders
  Failed to kekulize aromatic bonds in OBMol::PerceiveBondOrders (title is /home/zhangsd/repos/MOFSNN/CGCNN_MT/data/CoREMOF2019/clean_cifs/WAHNUQ_charged)

==============================
*** Open Babel Warning  in PerceiveBondOrders
  Failed to kekulize aromatic bonds in OBMol::PerceiveBondOrders (title is /home/zhangsd/repos/MOFSNN/CGCNN_MT/data/CoREMOF2019/clean_cifs/GIYSEN_clean)

==============================
*** Open Babel Warning  in PerceiveBondOrders
  Failed to kekulize aromatic bonds in OBMol::PerceiveBondOrders (title is /home/zhangsd/repos/MOFSNN/CGCNN_MT/data/CoREMOF2019/clean_cifs/HUQHIM_clean)

==============================
*** Open Babel Warning  in PerceiveBondOrders
  Failed to kekulize aromatic bonds in OBMol::PerceiveBondOrders (title is /home/zhangsd/repos/MOFSNN/CGCNN_MT/data/CoREMOF2019/clean_cifs/COCMOY_clean)

/opt/share/miniconda3/envs/mofmthnn/lib/python3.9/site-packages/pymatgen/io/cif.py:1229: UserWarning: Issues encountered while parsing CIF: 2 fractional coordinates rounded to ideal values to avoid issues with finite precision.
  warnings.warn("Issues encountered while parsing CIF: " + "\n".join(self.warnings))
==============================
*** Open Babel Warning  in PerceiveBondOrders
  Failed to kekulize aromatic bonds in OBMol::PerceiveBondOrders (title is /home/zhangsd/repos/MOFSNN/CGCNN_MT/data/CoREMOF2019/clean_cifs/VAMYOA_clean)

==============================
*** Open Babel Warning  in PerceiveBondOrders
  Failed to kekulize aromatic bonds in OBMol::PerceiveBondOrders (title is /home/zhangsd/repos/MOFSNN/CGCNN_MT/data/CoREMOF2019/clean_cifs/IXEFAS_charged)

/opt/share/miniconda3/envs/mofmthnn/lib/python3.9/site-packages/pymatgen/io/cif.py:1229: UserWarning: Issues encountered while parsing CIF: 2 fractional coordinates rounded to ideal values to avoid issues with finite precision.
  warnings.warn("Issues encountered while parsing CIF: " + "\n".join(self.warnings))
/opt/share/miniconda3/envs/mofmthnn/lib/python3.9/site-packages/pymatgen/io/cif.py:1229: UserWarning: Issues encountered while parsing CIF: 4 fractional coordinates rounded to ideal values to avoid issues with finite precision.
  warnings.warn("Issues encountered while parsing CIF: " + "\n".join(self.warnings))
==============================
*** Open Babel Warning  in PerceiveBondOrders
  Failed to kekulize aromatic bonds in OBMol::PerceiveBondOrders (title is /home/zhangsd/repos/MOFSNN/CGCNN_MT/data/CoREMOF2019/clean_cifs/BEXSII_clean)

==============================
*** Open Babel Warning  in PerceiveBondOrders
  Failed to kekulize aromatic bonds in OBMol::PerceiveBondOrders (title is /home/zhangsd/repos/MOFSNN/CGCNN_MT/data/CoREMOF2019/clean_cifs/IBICAZ_clean)

/opt/share/miniconda3/envs/mofmthnn/lib/python3.9/site-packages/pymatgen/io/cif.py:1229: UserWarning: Issues encountered while parsing CIF: 3 fractional coordinates rounded to ideal values to avoid issues with finite precision.
  warnings.warn("Issues encountered while parsing CIF: " + "\n".join(self.warnings))
/opt/share/miniconda3/envs/mofmthnn/lib/python3.9/site-packages/pymatgen/io/cif.py:1229: UserWarning: Issues encountered while parsing CIF: 16 fractional coordinates rounded to ideal values to avoid issues with finite precision.
  warnings.warn("Issues encountered while parsing CIF: " + "\n".join(self.warnings))
==============================
*** Open Babel Warning  in PerceiveBondOrders
  Failed to kekulize aromatic bonds in OBMol::PerceiveBondOrders (title is /home/zhangsd/repos/MOFSNN/CGCNN_MT/data/CoREMOF2019/clean_cifs/nchem.2258-s3_clean)

==============================
*** Open Babel Warning  in PerceiveBondOrders
  Failed to kekulize aromatic bonds in OBMol::PerceiveBondOrders (title is /home/zhangsd/repos/MOFSNN/CGCNN_MT/data/CoREMOF2019/clean_cifs/TUDQOZ_clean)

/opt/share/miniconda3/envs/mofmthnn/lib/python3.9/site-packages/ase/io/cif.py:401: UserWarning: crystal system 'triclinic' is not interpreted for space group Spacegroup(1, setting=1). This may result in wrong setting!
  warnings.warn(
/opt/share/miniconda3/envs/mofmthnn/lib/python3.9/site-packages/pymatgen/io/cif.py:1229: UserWarning: Issues encountered while parsing CIF: 8 fractional coordinates rounded to ideal values to avoid issues with finite precision.
  warnings.warn("Issues encountered while parsing CIF: " + "\n".join(self.warnings))
==============================
*** Open Babel Warning  in PerceiveBondOrders
  Failed to kekulize aromatic bonds in OBMol::PerceiveBondOrders (title is /home/zhangsd/repos/MOFSNN/CGCNN_MT/data/CoREMOF2019/clean_cifs/XAJGOH_clean)

==============================
*** Open Babel Warning  in PerceiveBondOrders
  Failed to kekulize aromatic bonds in OBMol::PerceiveBondOrders (title is /home/zhangsd/repos/MOFSNN/CGCNN_MT/data/CoREMOF2019/clean_cifs/YAHWAI_clean)

==============================
*** Open Babel Warning  in PerceiveBondOrders
  Failed to kekulize aromatic bonds in OBMol::PerceiveBondOrders (title is /home/zhangsd/repos/MOFSNN/CGCNN_MT/data/CoREMOF2019/clean_cifs/CEJZAU_clean)

==============================
*** Open Babel Warning  in PerceiveBondOrders
  Failed to kekulize aromatic bonds in OBMol::PerceiveBondOrders (title is /home/zhangsd/repos/MOFSNN/CGCNN_MT/data/CoREMOF2019/clean_cifs/TURDOB_clean)

/opt/share/miniconda3/envs/mofmthnn/lib/python3.9/site-packages/pymatgen/io/cif.py:1229: UserWarning: Issues encountered while parsing CIF: 1 fractional coordinates rounded to ideal values to avoid issues with finite precision.
  warnings.warn("Issues encountered while parsing CIF: " + "\n".join(self.warnings))
==============================
*** Open Babel Warning  in PerceiveBondOrders
  Failed to kekulize aromatic bonds in OBMol::PerceiveBondOrders (title is /home/zhangsd/repos/MOFSNN/CGCNN_MT/data/CoREMOF2019/clean_cifs/KETHEY_clean)

==============================
*** Open Babel Warning  in PerceiveBondOrders
  Failed to kekulize aromatic bonds in OBMol::PerceiveBondOrders (title is /home/zhangsd/repos/MOFSNN/CGCNN_MT/data/CoREMOF2019/clean_cifs/IYUQEZ_clean)

==============================
*** Open Babel Warning  in PerceiveBondOrders
  Failed to kekulize aromatic bonds in OBMol::PerceiveBondOrders (title is /home/zhangsd/repos/MOFSNN/CGCNN_MT/data/CoREMOF2019/clean_cifs/PAPXUB_clean)

==============================
*** Open Babel Warning  in PerceiveBondOrders
  Failed to kekulize aromatic bonds in OBMol::PerceiveBondOrders (title is /home/zhangsd/repos/MOFSNN/CGCNN_MT/data/CoREMOF2019/clean_cifs/HAKSIY_clean)

==============================
*** Open Babel Warning  in PerceiveBondOrders
  Failed to kekulize aromatic bonds in OBMol::PerceiveBondOrders (title is /home/zhangsd/repos/MOFSNN/CGCNN_MT/data/CoREMOF2019/clean_cifs/QUQBAH_clean)

/opt/share/miniconda3/envs/mofmthnn/lib/python3.9/site-packages/pymatgen/io/cif.py:1229: UserWarning: Issues encountered while parsing CIF: 8 fractional coordinates rounded to ideal values to avoid issues with finite precision.
  warnings.warn("Issues encountered while parsing CIF: " + "\n".join(self.warnings))
==============================
*** Open Babel Warning  in PerceiveBondOrders
  Failed to kekulize aromatic bonds in OBMol::PerceiveBondOrders (title is /home/zhangsd/repos/MOFSNN/CGCNN_MT/data/CoREMOF2019/clean_cifs/LERNEC_clean)

==============================
*** Open Babel Warning  in PerceiveBondOrders
  Failed to kekulize aromatic bonds in OBMol::PerceiveBondOrders (title is /home/zhangsd/repos/MOFSNN/CGCNN_MT/data/CoREMOF2019/clean_cifs/JUQTOG_clean)

/opt/share/miniconda3/envs/mofmthnn/lib/python3.9/site-packages/pymatgen/io/cif.py:1229: UserWarning: Issues encountered while parsing CIF: 2 fractional coordinates rounded to ideal values to avoid issues with finite precision.
  warnings.warn("Issues encountered while parsing CIF: " + "\n".join(self.warnings))
==============================
*** Open Babel Warning  in PerceiveBondOrders
  Failed to kekulize aromatic bonds in OBMol::PerceiveBondOrders (title is /home/zhangsd/repos/MOFSNN/CGCNN_MT/data/CoREMOF2019/clean_cifs/YOZJEE01_clean)

==============================
*** Open Babel Warning  in PerceiveBondOrders
  Failed to kekulize aromatic bonds in OBMol::PerceiveBondOrders (title is /home/zhangsd/repos/MOFSNN/CGCNN_MT/data/CoREMOF2019/clean_cifs/PEFSUQ_clean)

==============================
*** Open Babel Warning  in PerceiveBondOrders
  Failed to kekulize aromatic bonds in OBMol::PerceiveBondOrders (title is /home/zhangsd/repos/MOFSNN/CGCNN_MT/data/CoREMOF2019/clean_cifs/GASSUR_clean)

==============================
*** Open Babel Warning  in PerceiveBondOrders
  Failed to kekulize aromatic bonds in OBMol::PerceiveBondOrders (title is /home/zhangsd/repos/MOFSNN/CGCNN_MT/data/CoREMOF2019/clean_cifs/IROROY_clean)

==============================
*** Open Babel Warning  in PerceiveBondOrders
  Failed to kekulize aromatic bonds in OBMol::PerceiveBondOrders (title is /home/zhangsd/repos/MOFSNN/CGCNN_MT/data/CoREMOF2019/clean_cifs/WIFBAQ_clean)

/opt/share/miniconda3/envs/mofmthnn/lib/python3.9/site-packages/pymatgen/io/cif.py:1229: UserWarning: Issues encountered while parsing CIF: 8 fractional coordinates rounded to ideal values to avoid issues with finite precision.
  warnings.warn("Issues encountered while parsing CIF: " + "\n".join(self.warnings))
==============================
*** Open Babel Warning  in PerceiveBondOrders
  Failed to kekulize aromatic bonds in OBMol::PerceiveBondOrders (title is /home/zhangsd/repos/MOFSNN/CGCNN_MT/data/CoREMOF2019/clean_cifs/NUNZUT_clean)

/opt/share/miniconda3/envs/mofmthnn/lib/python3.9/site-packages/pymatgen/io/cif.py:1229: UserWarning: Issues encountered while parsing CIF: 16 fractional coordinates rounded to ideal values to avoid issues with finite precision.
  warnings.warn("Issues encountered while parsing CIF: " + "\n".join(self.warnings))
==============================
*** Open Babel Warning  in PerceiveBondOrders
  Failed to kekulize aromatic bonds in OBMol::PerceiveBondOrders (title is /home/zhangsd/repos/MOFSNN/CGCNN_MT/data/CoREMOF2019/clean_cifs/MIDRAT_clean)

/opt/share/miniconda3/envs/mofmthnn/lib/python3.9/site-packages/pymatgen/io/cif.py:1229: UserWarning: Issues encountered while parsing CIF: 4 fractional coordinates rounded to ideal values to avoid issues with finite precision.
  warnings.warn("Issues encountered while parsing CIF: " + "\n".join(self.warnings))
/opt/share/miniconda3/envs/mofmthnn/lib/python3.9/site-packages/ase/io/cif.py:401: UserWarning: crystal system 'cubic' is not interpreted for space group Spacegroup(221, setting=1). This may result in wrong setting!
  warnings.warn(
==============================
*** Open Babel Warning  in PerceiveBondOrders
  Failed to kekulize aromatic bonds in OBMol::PerceiveBondOrders (title is /home/zhangsd/repos/MOFSNN/CGCNN_MT/data/CoREMOF2019/clean_cifs/OZUMAZ_clean)

==============================
*** Open Babel Warning  in PerceiveBondOrders
  Failed to kekulize aromatic bonds in OBMol::PerceiveBondOrders (title is /home/zhangsd/repos/MOFSNN/CGCNN_MT/data/CoREMOF2019/clean_cifs/FALDAA_clean)

==============================
*** Open Babel Warning  in PerceiveBondOrders
  Failed to kekulize aromatic bonds in OBMol::PerceiveBondOrders (title is /home/zhangsd/repos/MOFSNN/CGCNN_MT/data/CoREMOF2019/clean_cifs/UVINAP_clean)

/opt/share/miniconda3/envs/mofmthnn/lib/python3.9/site-packages/pymatgen/io/cif.py:1229: UserWarning: Issues encountered while parsing CIF: 6 fractional coordinates rounded to ideal values to avoid issues with finite precision.
  warnings.warn("Issues encountered while parsing CIF: " + "\n".join(self.warnings))
==============================
*** Open Babel Warning  in PerceiveBondOrders
  Failed to kekulize aromatic bonds in OBMol::PerceiveBondOrders (title is /home/zhangsd/repos/MOFSNN/CGCNN_MT/data/CoREMOF2019/clean_cifs/QIRBUQ_clean)

==============================
*** Open Babel Warning  in PerceiveBondOrders
  Failed to kekulize aromatic bonds in OBMol::PerceiveBondOrders (title is /home/zhangsd/repos/MOFSNN/CGCNN_MT/data/CoREMOF2019/clean_cifs/XILSUI_clean)

==============================
*** Open Babel Warning  in PerceiveBondOrders
  Failed to kekulize aromatic bonds in OBMol::PerceiveBondOrders (title is /home/zhangsd/repos/MOFSNN/CGCNN_MT/data/CoREMOF2019/clean_cifs/FUBNOH_clean)

/opt/share/miniconda3/envs/mofmthnn/lib/python3.9/site-packages/pymatgen/io/cif.py:1229: UserWarning: Issues encountered while parsing CIF: 4 fractional coordinates rounded to ideal values to avoid issues with finite precision.
  warnings.warn("Issues encountered while parsing CIF: " + "\n".join(self.warnings))
==============================
*** Open Babel Warning  in PerceiveBondOrders
  Failed to kekulize aromatic bonds in OBMol::PerceiveBondOrders (title is /home/zhangsd/repos/MOFSNN/CGCNN_MT/data/CoREMOF2019/clean_cifs/WASPAK_clean)

==============================
*** Open Babel Warning  in PerceiveBondOrders
  Failed to kekulize aromatic bonds in OBMol::PerceiveBondOrders (title is /home/zhangsd/repos/MOFSNN/CGCNN_MT/data/CoREMOF2019/clean_cifs/IJUJEE_clean)

==============================
*** Open Babel Warning  in PerceiveBondOrders
  Failed to kekulize aromatic bonds in OBMol::PerceiveBondOrders (title is /home/zhangsd/repos/MOFSNN/CGCNN_MT/data/CoREMOF2019/clean_cifs/UTEWUM_clean)

==============================
*** Open Babel Warning  in PerceiveBondOrders
  Failed to kekulize aromatic bonds in OBMol::PerceiveBondOrders (title is /home/zhangsd/repos/MOFSNN/CGCNN_MT/data/CoREMOF2019/clean_cifs/UMARAC_charged)

==============================
*** Open Babel Warning  in PerceiveBondOrders
  Failed to kekulize aromatic bonds in OBMol::PerceiveBondOrders (title is /home/zhangsd/repos/MOFSNN/CGCNN_MT/data/CoREMOF2019/clean_cifs/JIZJEJ_clean)

==============================
*** Open Babel Warning  in PerceiveBondOrders
  Failed to kekulize aromatic bonds in OBMol::PerceiveBondOrders (title is /home/zhangsd/repos/MOFSNN/CGCNN_MT/data/CoREMOF2019/clean_cifs/QEBGAH_clean)

==============================
*** Open Babel Warning  in PerceiveBondOrders
  Failed to kekulize aromatic bonds in OBMol::PerceiveBondOrders (title is /home/zhangsd/repos/MOFSNN/CGCNN_MT/data/CoREMOF2019/clean_cifs/DIXKOL_clean)

/opt/share/miniconda3/envs/mofmthnn/lib/python3.9/site-packages/pymatgen/io/cif.py:1229: UserWarning: Issues encountered while parsing CIF: 10 fractional coordinates rounded to ideal values to avoid issues with finite precision.
  warnings.warn("Issues encountered while parsing CIF: " + "\n".join(self.warnings))
/opt/share/miniconda3/envs/mofmthnn/lib/python3.9/site-packages/ase/io/cif.py:401: UserWarning: crystal system 'triclinic' is not interpreted for space group Spacegroup(1, setting=1). This may result in wrong setting!
  warnings.warn(
==============================
*** Open Babel Warning  in PerceiveBondOrders
  Failed to kekulize aromatic bonds in OBMol::PerceiveBondOrders (title is /home/zhangsd/repos/MOFSNN/CGCNN_MT/data/CoREMOF2019/clean_cifs/COCMAJ_clean)

==============================
*** Open Babel Warning  in PerceiveBondOrders
  Failed to kekulize aromatic bonds in OBMol::PerceiveBondOrders (title is /home/zhangsd/repos/MOFSNN/CGCNN_MT/data/CoREMOF2019/clean_cifs/EVUMUE_clean)

/opt/share/miniconda3/envs/mofmthnn/lib/python3.9/site-packages/ase/io/cif.py:401: UserWarning: crystal system 'triclinic' is not interpreted for space group Spacegroup(1, setting=1). This may result in wrong setting!
  warnings.warn(
==============================
*** Open Babel Warning  in PerceiveBondOrders
  Failed to kekulize aromatic bonds in OBMol::PerceiveBondOrders (title is /home/zhangsd/repos/MOFSNN/CGCNN_MT/data/CoREMOF2019/clean_cifs/XALDOE_clean)

/opt/share/miniconda3/envs/mofmthnn/lib/python3.9/site-packages/pymatgen/io/cif.py:1229: UserWarning: Issues encountered while parsing CIF: 34 fractional coordinates rounded to ideal values to avoid issues with finite precision.
  warnings.warn("Issues encountered while parsing CIF: " + "\n".join(self.warnings))
==============================
*** Open Babel Warning  in PerceiveBondOrders
  Failed to kekulize aromatic bonds in OBMol::PerceiveBondOrders (title is /home/zhangsd/repos/MOFSNN/CGCNN_MT/data/CoREMOF2019/clean_cifs/LABRUE_clean)

==============================
*** Open Babel Warning  in PerceiveBondOrders
  Failed to kekulize aromatic bonds in OBMol::PerceiveBondOrders (title is /home/zhangsd/repos/MOFSNN/CGCNN_MT/data/CoREMOF2019/clean_cifs/HORHIG_clean)

==============================
*** Open Babel Warning  in PerceiveBondOrders
  Failed to kekulize aromatic bonds in OBMol::PerceiveBondOrders (title is /home/zhangsd/repos/MOFSNN/CGCNN_MT/data/CoREMOF2019/clean_cifs/FURRUG01_ion_b)

==============================
*** Open Babel Warning  in PerceiveBondOrders
  Failed to kekulize aromatic bonds in OBMol::PerceiveBondOrders (title is /home/zhangsd/repos/MOFSNN/CGCNN_MT/data/CoREMOF2019/clean_cifs/PIVWAT_clean)

==============================
*** Open Babel Warning  in PerceiveBondOrders
  Failed to kekulize aromatic bonds in OBMol::PerceiveBondOrders (title is /home/zhangsd/repos/MOFSNN/CGCNN_MT/data/CoREMOF2019/clean_cifs/VAGBOX_clean)

==============================
*** Open Babel Warning  in PerceiveBondOrders
  Failed to kekulize aromatic bonds in OBMol::PerceiveBondOrders (title is /home/zhangsd/repos/MOFSNN/CGCNN_MT/data/CoREMOF2019/clean_cifs/ja302380x_si_003_clean)

==============================
*** Open Babel Warning  in PerceiveBondOrders
  Failed to kekulize aromatic bonds in OBMol::PerceiveBondOrders (title is /home/zhangsd/repos/MOFSNN/CGCNN_MT/data/CoREMOF2019/clean_cifs/NEYJIM_clean)

==============================
*** Open Babel Warning  in PerceiveBondOrders
  Failed to kekulize aromatic bonds in OBMol::PerceiveBondOrders (title is /home/zhangsd/repos/MOFSNN/CGCNN_MT/data/CoREMOF2019/clean_cifs/SUVZOA_clean)

==============================
*** Open Babel Warning  in PerceiveBondOrders
  Failed to kekulize aromatic bonds in OBMol::PerceiveBondOrders (title is /home/zhangsd/repos/MOFSNN/CGCNN_MT/data/CoREMOF2019/clean_cifs/PUNSOH_clean)

/opt/share/miniconda3/envs/mofmthnn/lib/python3.9/site-packages/pymatgen/io/cif.py:1229: UserWarning: Issues encountered while parsing CIF: 4 fractional coordinates rounded to ideal values to avoid issues with finite precision.
  warnings.warn("Issues encountered while parsing CIF: " + "\n".join(self.warnings))
==============================
*** Open Babel Warning  in PerceiveBondOrders
  Failed to kekulize aromatic bonds in OBMol::PerceiveBondOrders (title is /home/zhangsd/repos/MOFSNN/CGCNN_MT/data/CoREMOF2019/clean_cifs/LUMDEC_clean)

==============================
*** Open Babel Warning  in PerceiveBondOrders
  Failed to kekulize aromatic bonds in OBMol::PerceiveBondOrders (title is /home/zhangsd/repos/MOFSNN/CGCNN_MT/data/CoREMOF2019/clean_cifs/GITTOT_manual)

==============================
*** Open Babel Warning  in PerceiveBondOrders
  Failed to kekulize aromatic bonds in OBMol::PerceiveBondOrders (title is /home/zhangsd/repos/MOFSNN/CGCNN_MT/data/CoREMOF2019/clean_cifs/VUHNAP_clean)

==============================
*** Open Babel Warning  in PerceiveBondOrders
  Failed to kekulize aromatic bonds in OBMol::PerceiveBondOrders (title is /home/zhangsd/repos/MOFSNN/CGCNN_MT/data/CoREMOF2019/clean_cifs/XANMUX07_clean)

==============================
*** Open Babel Warning  in PerceiveBondOrders
  Failed to kekulize aromatic bonds in OBMol::PerceiveBondOrders (title is /home/zhangsd/repos/MOFSNN/CGCNN_MT/data/CoREMOF2019/clean_cifs/HUYKUH_clean)

==============================
*** Open Babel Warning  in PerceiveBondOrders
  Failed to kekulize aromatic bonds in OBMol::PerceiveBondOrders (title is /home/zhangsd/repos/MOFSNN/CGCNN_MT/data/CoREMOF2019/clean_cifs/GUCJAQ_clean)

==============================
*** Open Babel Warning  in PerceiveBondOrders
  Failed to kekulize aromatic bonds in OBMol::PerceiveBondOrders (title is /home/zhangsd/repos/MOFSNN/CGCNN_MT/data/CoREMOF2019/clean_cifs/XOMCUZ_clean)

/opt/share/miniconda3/envs/mofmthnn/lib/python3.9/site-packages/ase/io/cif.py:401: UserWarning: crystal system 'triclinic' is not interpreted for space group Spacegroup(1, setting=1). This may result in wrong setting!
  warnings.warn(
==============================
*** Open Babel Warning  in PerceiveBondOrders
  Failed to kekulize aromatic bonds in OBMol::PerceiveBondOrders (title is /home/zhangsd/repos/MOFSNN/CGCNN_MT/data/CoREMOF2019/clean_cifs/WELTOX_clean)

/opt/share/miniconda3/envs/mofmthnn/lib/python3.9/site-packages/ase/io/cif.py:401: UserWarning: crystal system 'triclinic' is not interpreted for space group Spacegroup(1, setting=1). This may result in wrong setting!
  warnings.warn(
==============================
*** Open Babel Warning  in PerceiveBondOrders
  Failed to kekulize aromatic bonds in OBMol::PerceiveBondOrders (title is /home/zhangsd/repos/MOFSNN/CGCNN_MT/data/CoREMOF2019/clean_cifs/ENESUN_clean)

/opt/share/miniconda3/envs/mofmthnn/lib/python3.9/site-packages/pymatgen/io/cif.py:1229: UserWarning: Issues encountered while parsing CIF: 24 fractional coordinates rounded to ideal values to avoid issues with finite precision.
  warnings.warn("Issues encountered while parsing CIF: " + "\n".join(self.warnings))
/opt/share/miniconda3/envs/mofmthnn/lib/python3.9/site-packages/pymatgen/io/cif.py:1229: UserWarning: Issues encountered while parsing CIF: 4 fractional coordinates rounded to ideal values to avoid issues with finite precision.
  warnings.warn("Issues encountered while parsing CIF: " + "\n".join(self.warnings))
==============================
*** Open Babel Warning  in PerceiveBondOrders
  Failed to kekulize aromatic bonds in OBMol::PerceiveBondOrders (title is /home/zhangsd/repos/MOFSNN/CGCNN_MT/data/CoREMOF2019/clean_cifs/DABFET_clean)

==============================
*** Open Babel Warning  in PerceiveBondOrders
  Failed to kekulize aromatic bonds in OBMol::PerceiveBondOrders (title is /home/zhangsd/repos/MOFSNN/CGCNN_MT/data/CoREMOF2019/clean_cifs/PURNEX_clean)

==============================
*** Open Babel Warning  in PerceiveBondOrders
  Failed to kekulize aromatic bonds in OBMol::PerceiveBondOrders (title is /home/zhangsd/repos/MOFSNN/CGCNN_MT/data/CoREMOF2019/clean_cifs/AJIGIL_clean)

==============================
*** Open Babel Warning  in PerceiveBondOrders
  Failed to kekulize aromatic bonds in OBMol::PerceiveBondOrders (title is /home/zhangsd/repos/MOFSNN/CGCNN_MT/data/CoREMOF2019/clean_cifs/YAHPED_clean)

/opt/share/miniconda3/envs/mofmthnn/lib/python3.9/site-packages/pymatgen/io/cif.py:1229: UserWarning: Issues encountered while parsing CIF: 24 fractional coordinates rounded to ideal values to avoid issues with finite precision.
  warnings.warn("Issues encountered while parsing CIF: " + "\n".join(self.warnings))
/opt/share/miniconda3/envs/mofmthnn/lib/python3.9/site-packages/pymatgen/io/cif.py:1229: UserWarning: Issues encountered while parsing CIF: 8 fractional coordinates rounded to ideal values to avoid issues with finite precision.
  warnings.warn("Issues encountered while parsing CIF: " + "\n".join(self.warnings))
/opt/share/miniconda3/envs/mofmthnn/lib/python3.9/site-packages/ase/io/cif.py:401: UserWarning: crystal system 'triclinic' is not interpreted for space group Spacegroup(1, setting=1). This may result in wrong setting!
  warnings.warn(
==============================
*** Open Babel Warning  in PerceiveBondOrders
  Failed to kekulize aromatic bonds in OBMol::PerceiveBondOrders (title is /home/zhangsd/repos/MOFSNN/CGCNN_MT/data/CoREMOF2019/clean_cifs/CIWZIT_clean)

/opt/share/miniconda3/envs/mofmthnn/lib/python3.9/site-packages/pymatgen/io/cif.py:1229: UserWarning: Issues encountered while parsing CIF: 4 fractional coordinates rounded to ideal values to avoid issues with finite precision.
  warnings.warn("Issues encountered while parsing CIF: " + "\n".join(self.warnings))
==============================
*** Open Babel Warning  in PerceiveBondOrders
  Failed to kekulize aromatic bonds in OBMol::PerceiveBondOrders (title is /home/zhangsd/repos/MOFSNN/CGCNN_MT/data/CoREMOF2019/clean_cifs/IWEWIS_clean)

==============================
*** Open Babel Warning  in PerceiveBondOrders
  Failed to kekulize aromatic bonds in OBMol::PerceiveBondOrders (title is /home/zhangsd/repos/MOFSNN/CGCNN_MT/data/CoREMOF2019/clean_cifs/WOWHEV_clean)

==============================
*** Open Babel Warning  in PerceiveBondOrders
  Failed to kekulize aromatic bonds in OBMol::PerceiveBondOrders (title is /home/zhangsd/repos/MOFSNN/CGCNN_MT/data/CoREMOF2019/clean_cifs/WILGOO_clean)

==============================
*** Open Babel Warning  in PerceiveBondOrders
  Failed to kekulize aromatic bonds in OBMol::PerceiveBondOrders (title is /home/zhangsd/repos/MOFSNN/CGCNN_MT/data/CoREMOF2019/clean_cifs/MESGIB_clean)

==============================
*** Open Babel Warning  in PerceiveBondOrders
  Failed to kekulize aromatic bonds in OBMol::PerceiveBondOrders (title is /home/zhangsd/repos/MOFSNN/CGCNN_MT/data/CoREMOF2019/clean_cifs/MUZRIJ_clean)

==============================
*** Open Babel Warning  in PerceiveBondOrders
  Failed to kekulize aromatic bonds in OBMol::PerceiveBondOrders (title is /home/zhangsd/repos/MOFSNN/CGCNN_MT/data/CoREMOF2019/clean_cifs/ZOXGUQ_clean)

==============================
*** Open Babel Warning  in PerceiveBondOrders
  Failed to kekulize aromatic bonds in OBMol::PerceiveBondOrders (title is /home/zhangsd/repos/MOFSNN/CGCNN_MT/data/CoREMOF2019/clean_cifs/QERZUI01_clean)

==============================
*** Open Babel Warning  in PerceiveBondOrders
  Failed to kekulize aromatic bonds in OBMol::PerceiveBondOrders (title is /home/zhangsd/repos/MOFSNN/CGCNN_MT/data/CoREMOF2019/clean_cifs/LEDCAA_clean)

==============================
*** Open Babel Warning  in PerceiveBondOrders
  Failed to kekulize aromatic bonds in OBMol::PerceiveBondOrders (title is /home/zhangsd/repos/MOFSNN/CGCNN_MT/data/CoREMOF2019/clean_cifs/KINSEH_clean)

==============================
*** Open Babel Warning  in PerceiveBondOrders
  Failed to kekulize aromatic bonds in OBMol::PerceiveBondOrders (title is /home/zhangsd/repos/MOFSNN/CGCNN_MT/data/CoREMOF2019/clean_cifs/HUDMAW_clean)

/opt/share/miniconda3/envs/mofmthnn/lib/python3.9/site-packages/pymatgen/io/cif.py:1229: UserWarning: Issues encountered while parsing CIF: 4 fractional coordinates rounded to ideal values to avoid issues with finite precision.
  warnings.warn("Issues encountered while parsing CIF: " + "\n".join(self.warnings))
==============================
*** Open Babel Warning  in PerceiveBondOrders
  Failed to kekulize aromatic bonds in OBMol::PerceiveBondOrders (title is /home/zhangsd/repos/MOFSNN/CGCNN_MT/data/CoREMOF2019/clean_cifs/BUSSEP_clean)

==============================
*** Open Babel Warning  in PerceiveBondOrders
  Failed to kekulize aromatic bonds in OBMol::PerceiveBondOrders (title is /home/zhangsd/repos/MOFSNN/CGCNN_MT/data/CoREMOF2019/clean_cifs/c5nj02236c_c5nj02236c2_clean)

/opt/share/miniconda3/envs/mofmthnn/lib/python3.9/site-packages/pymatgen/io/cif.py:1229: UserWarning: Issues encountered while parsing CIF: 4 fractional coordinates rounded to ideal values to avoid issues with finite precision.
  warnings.warn("Issues encountered while parsing CIF: " + "\n".join(self.warnings))
==============================
*** Open Babel Warning  in PerceiveBondOrders
  Failed to kekulize aromatic bonds in OBMol::PerceiveBondOrders (title is /home/zhangsd/repos/MOFSNN/CGCNN_MT/data/CoREMOF2019/clean_cifs/WEJWAL_clean)

==============================
*** Open Babel Warning  in PerceiveBondOrders
  Failed to kekulize aromatic bonds in OBMol::PerceiveBondOrders (title is /home/zhangsd/repos/MOFSNN/CGCNN_MT/data/CoREMOF2019/clean_cifs/ACOLEL_clean)

/opt/share/miniconda3/envs/mofmthnn/lib/python3.9/site-packages/pymatgen/io/cif.py:1229: UserWarning: Issues encountered while parsing CIF: 1 fractional coordinates rounded to ideal values to avoid issues with finite precision.
  warnings.warn("Issues encountered while parsing CIF: " + "\n".join(self.warnings))
==============================
*** Open Babel Warning  in PerceiveBondOrders
  Failed to kekulize aromatic bonds in OBMol::PerceiveBondOrders (title is /home/zhangsd/repos/MOFSNN/CGCNN_MT/data/CoREMOF2019/clean_cifs/ic0520162si20051122_054836_clean)

==============================
*** Open Babel Warning  in PerceiveBondOrders
  Failed to kekulize aromatic bonds in OBMol::PerceiveBondOrders (title is /home/zhangsd/repos/MOFSNN/CGCNN_MT/data/CoREMOF2019/clean_cifs/ja406030p_si_010_clean)

/opt/share/miniconda3/envs/mofmthnn/lib/python3.9/site-packages/pymatgen/io/cif.py:1229: UserWarning: Issues encountered while parsing CIF: 8 fractional coordinates rounded to ideal values to avoid issues with finite precision.
  warnings.warn("Issues encountered while parsing CIF: " + "\n".join(self.warnings))
==============================
*** Open Babel Warning  in PerceiveBondOrders
  Failed to kekulize aromatic bonds in OBMol::PerceiveBondOrders (title is /home/zhangsd/repos/MOFSNN/CGCNN_MT/data/CoREMOF2019/clean_cifs/IBIYUO_clean)

==============================
*** Open Babel Warning  in PerceiveBondOrders
  Failed to kekulize aromatic bonds in OBMol::PerceiveBondOrders (title is /home/zhangsd/repos/MOFSNN/CGCNN_MT/data/CoREMOF2019/clean_cifs/RUBHOM_clean)

/opt/share/miniconda3/envs/mofmthnn/lib/python3.9/site-packages/pymatgen/io/cif.py:1229: UserWarning: Issues encountered while parsing CIF: 4 fractional coordinates rounded to ideal values to avoid issues with finite precision.
  warnings.warn("Issues encountered while parsing CIF: " + "\n".join(self.warnings))
==============================
*** Open Babel Warning  in PerceiveBondOrders
  Failed to kekulize aromatic bonds in OBMol::PerceiveBondOrders (title is /home/zhangsd/repos/MOFSNN/CGCNN_MT/data/CoREMOF2019/clean_cifs/ILOJOJ_clean)

==============================
*** Open Babel Warning  in PerceiveBondOrders
  Failed to kekulize aromatic bonds in OBMol::PerceiveBondOrders (title is /home/zhangsd/repos/MOFSNN/CGCNN_MT/data/CoREMOF2019/clean_cifs/GIXMUX_clean)

==============================
*** Open Babel Warning  in PerceiveBondOrders
  Failed to kekulize aromatic bonds in OBMol::PerceiveBondOrders (title is /home/zhangsd/repos/MOFSNN/CGCNN_MT/data/CoREMOF2019/clean_cifs/XEKMIL_clean)

==============================
*** Open Babel Warning  in PerceiveBondOrders
  Failed to kekulize aromatic bonds in OBMol::PerceiveBondOrders (title is /home/zhangsd/repos/MOFSNN/CGCNN_MT/data/CoREMOF2019/clean_cifs/GIFFAE_clean)

/opt/share/miniconda3/envs/mofmthnn/lib/python3.9/site-packages/pymatgen/io/cif.py:1229: UserWarning: Issues encountered while parsing CIF: 8 fractional coordinates rounded to ideal values to avoid issues with finite precision.
  warnings.warn("Issues encountered while parsing CIF: " + "\n".join(self.warnings))
==============================
*** Open Babel Warning  in PerceiveBondOrders
  Failed to kekulize aromatic bonds in OBMol::PerceiveBondOrders (title is /home/zhangsd/repos/MOFSNN/CGCNN_MT/data/CoREMOF2019/clean_cifs/VEFJOG_charged)

/opt/share/miniconda3/envs/mofmthnn/lib/python3.9/site-packages/pymatgen/io/cif.py:1229: UserWarning: Issues encountered while parsing CIF: 2 fractional coordinates rounded to ideal values to avoid issues with finite precision.
  warnings.warn("Issues encountered while parsing CIF: " + "\n".join(self.warnings))
==============================
*** Open Babel Warning  in PerceiveBondOrders
  Failed to kekulize aromatic bonds in OBMol::PerceiveBondOrders (title is /home/zhangsd/repos/MOFSNN/CGCNN_MT/data/CoREMOF2019/clean_cifs/EMUBIZ_clean)

==============================
*** Open Babel Warning  in PerceiveBondOrders
  Failed to kekulize aromatic bonds in OBMol::PerceiveBondOrders (title is /home/zhangsd/repos/MOFSNN/CGCNN_MT/data/CoREMOF2019/clean_cifs/TOFLAD_clean)

/opt/share/miniconda3/envs/mofmthnn/lib/python3.9/site-packages/pymatgen/io/cif.py:1229: UserWarning: Issues encountered while parsing CIF: 1 fractional coordinates rounded to ideal values to avoid issues with finite precision.
  warnings.warn("Issues encountered while parsing CIF: " + "\n".join(self.warnings))
/opt/share/miniconda3/envs/mofmthnn/lib/python3.9/site-packages/ase/io/cif.py:401: UserWarning: crystal system 'triclinic' is not interpreted for space group Spacegroup(1, setting=1). This may result in wrong setting!
  warnings.warn(
==============================
*** Open Babel Warning  in PerceiveBondOrders
  Failed to kekulize aromatic bonds in OBMol::PerceiveBondOrders (title is /home/zhangsd/repos/MOFSNN/CGCNN_MT/data/CoREMOF2019/clean_cifs/HETDUG_clean)

==============================
*** Open Babel Warning  in PerceiveBondOrders
  Failed to kekulize aromatic bonds in OBMol::PerceiveBondOrders (title is /home/zhangsd/repos/MOFSNN/CGCNN_MT/data/CoREMOF2019/clean_cifs/ELELEN_clean)

==============================
*** Open Babel Warning  in PerceiveBondOrders
  Failed to kekulize aromatic bonds in OBMol::PerceiveBondOrders (title is /home/zhangsd/repos/MOFSNN/CGCNN_MT/data/CoREMOF2019/clean_cifs/ic502643m_si_010_clean)

==============================
*** Open Babel Warning  in PerceiveBondOrders
  Failed to kekulize aromatic bonds in OBMol::PerceiveBondOrders (title is /home/zhangsd/repos/MOFSNN/CGCNN_MT/data/CoREMOF2019/clean_cifs/GELJAJ_clean)

/opt/share/miniconda3/envs/mofmthnn/lib/python3.9/site-packages/ase/io/cif.py:401: UserWarning: crystal system 'triclinic' is not interpreted for space group Spacegroup(1, setting=1). This may result in wrong setting!
  warnings.warn(
==============================
*** Open Babel Warning  in PerceiveBondOrders
  Failed to kekulize aromatic bonds in OBMol::PerceiveBondOrders (title is /home/zhangsd/repos/MOFSNN/CGCNN_MT/data/CoREMOF2019/clean_cifs/VUHNIX_clean)

==============================
*** Open Babel Warning  in PerceiveBondOrders
  Failed to kekulize aromatic bonds in OBMol::PerceiveBondOrders (title is /home/zhangsd/repos/MOFSNN/CGCNN_MT/data/CoREMOF2019/clean_cifs/FIRNUR_clean)

/opt/share/miniconda3/envs/mofmthnn/lib/python3.9/site-packages/pymatgen/io/cif.py:1229: UserWarning: Issues encountered while parsing CIF: 2 fractional coordinates rounded to ideal values to avoid issues with finite precision.
  warnings.warn("Issues encountered while parsing CIF: " + "\n".join(self.warnings))
==============================
*** Open Babel Warning  in PerceiveBondOrders
  Failed to kekulize aromatic bonds in OBMol::PerceiveBondOrders (title is /home/zhangsd/repos/MOFSNN/CGCNN_MT/data/CoREMOF2019/clean_cifs/LUMYUP_clean)

==============================
*** Open Babel Warning  in PerceiveBondOrders
  Failed to kekulize aromatic bonds in OBMol::PerceiveBondOrders (title is /home/zhangsd/repos/MOFSNN/CGCNN_MT/data/CoREMOF2019/clean_cifs/KUXVIJ_clean)

==============================
*** Open Babel Warning  in PerceiveBondOrders
  Failed to kekulize aromatic bonds in OBMol::PerceiveBondOrders (title is /home/zhangsd/repos/MOFSNN/CGCNN_MT/data/CoREMOF2019/clean_cifs/MIFTIG_clean)

==============================
*** Open Babel Warning  in PerceiveBondOrders
  Failed to kekulize aromatic bonds in OBMol::PerceiveBondOrders (title is /home/zhangsd/repos/MOFSNN/CGCNN_MT/data/CoREMOF2019/clean_cifs/TUMQOJ_clean)

==============================
*** Open Babel Warning  in PerceiveBondOrders
  Failed to kekulize aromatic bonds in OBMol::PerceiveBondOrders (title is /home/zhangsd/repos/MOFSNN/CGCNN_MT/data/CoREMOF2019/clean_cifs/FOQTAH_clean)

==============================
*** Open Babel Warning  in PerceiveBondOrders
  Failed to kekulize aromatic bonds in OBMol::PerceiveBondOrders (title is /home/zhangsd/repos/MOFSNN/CGCNN_MT/data/CoREMOF2019/clean_cifs/JASNAT_clean)

==============================
*** Open Babel Warning  in PerceiveBondOrders
  Failed to kekulize aromatic bonds in OBMol::PerceiveBondOrders (title is /home/zhangsd/repos/MOFSNN/CGCNN_MT/data/CoREMOF2019/clean_cifs/UTOTUT_clean)

==============================
*** Open Babel Warning  in PerceiveBondOrders
  Failed to kekulize aromatic bonds in OBMol::PerceiveBondOrders (title is /home/zhangsd/repos/MOFSNN/CGCNN_MT/data/CoREMOF2019/clean_cifs/OKIYAJ01_clean)

==============================
*** Open Babel Warning  in PerceiveBondOrders
  Failed to kekulize aromatic bonds in OBMol::PerceiveBondOrders (title is /home/zhangsd/repos/MOFSNN/CGCNN_MT/data/CoREMOF2019/clean_cifs/QODHUO09_clean)

==============================
*** Open Babel Warning  in PerceiveBondOrders
  Failed to kekulize aromatic bonds in OBMol::PerceiveBondOrders (title is /home/zhangsd/repos/MOFSNN/CGCNN_MT/data/CoREMOF2019/clean_cifs/cg3015354_si_002_clean)

/opt/share/miniconda3/envs/mofmthnn/lib/python3.9/site-packages/pymatgen/io/cif.py:1229: UserWarning: Issues encountered while parsing CIF: 1 fractional coordinates rounded to ideal values to avoid issues with finite precision.
  warnings.warn("Issues encountered while parsing CIF: " + "\n".join(self.warnings))
==============================
*** Open Babel Warning  in PerceiveBondOrders
  Failed to kekulize aromatic bonds in OBMol::PerceiveBondOrders (title is /home/zhangsd/repos/MOFSNN/CGCNN_MT/data/CoREMOF2019/clean_cifs/WALBOC01_clean)

==============================
*** Open Babel Warning  in PerceiveBondOrders
  Failed to kekulize aromatic bonds in OBMol::PerceiveBondOrders (title is /home/zhangsd/repos/MOFSNN/CGCNN_MT/data/CoREMOF2019/clean_cifs/GAWBEM_clean)

==============================
*** Open Babel Warning  in PerceiveBondOrders
  Failed to kekulize aromatic bonds in OBMol::PerceiveBondOrders (title is /home/zhangsd/repos/MOFSNN/CGCNN_MT/data/CoREMOF2019/clean_cifs/NIMVIP_clean)

==============================
*** Open Babel Warning  in PerceiveBondOrders
  Failed to kekulize aromatic bonds in OBMol::PerceiveBondOrders (title is /home/zhangsd/repos/MOFSNN/CGCNN_MT/data/CoREMOF2019/clean_cifs/IJEYON_clean)

==============================
*** Open Babel Warning  in PerceiveBondOrders
  Failed to kekulize aromatic bonds in OBMol::PerceiveBondOrders (title is /home/zhangsd/repos/MOFSNN/CGCNN_MT/data/CoREMOF2019/clean_cifs/KUTRUO_clean)

==============================
*** Open Babel Warning  in PerceiveBondOrders
  Failed to kekulize aromatic bonds in OBMol::PerceiveBondOrders (title is /home/zhangsd/repos/MOFSNN/CGCNN_MT/data/CoREMOF2019/clean_cifs/QUJFUX_clean)

==============================
*** Open Babel Warning  in PerceiveBondOrders
  Failed to kekulize aromatic bonds in OBMol::PerceiveBondOrders (title is /home/zhangsd/repos/MOFSNN/CGCNN_MT/data/CoREMOF2019/clean_cifs/NAFGOR_clean)

/opt/share/miniconda3/envs/mofmthnn/lib/python3.9/site-packages/pymatgen/io/cif.py:1229: UserWarning: Issues encountered while parsing CIF: 2 fractional coordinates rounded to ideal values to avoid issues with finite precision.
  warnings.warn("Issues encountered while parsing CIF: " + "\n".join(self.warnings))
==============================
*** Open Babel Warning  in PerceiveBondOrders
  Failed to kekulize aromatic bonds in OBMol::PerceiveBondOrders (title is /home/zhangsd/repos/MOFSNN/CGCNN_MT/data/CoREMOF2019/clean_cifs/CIWREG_clean)

==============================
*** Open Babel Warning  in PerceiveBondOrders
  Failed to kekulize aromatic bonds in OBMol::PerceiveBondOrders (title is /home/zhangsd/repos/MOFSNN/CGCNN_MT/data/CoREMOF2019/clean_cifs/TASZAQ_charged)

==============================
*** Open Babel Warning  in PerceiveBondOrders
  Failed to kekulize aromatic bonds in OBMol::PerceiveBondOrders (title is /home/zhangsd/repos/MOFSNN/CGCNN_MT/data/CoREMOF2019/clean_cifs/NOPJUZ_clean)

==============================
*** Open Babel Warning  in PerceiveBondOrders
  Failed to kekulize aromatic bonds in OBMol::PerceiveBondOrders (title is /home/zhangsd/repos/MOFSNN/CGCNN_MT/data/CoREMOF2019/clean_cifs/GIWBOE_charged)

/opt/share/miniconda3/envs/mofmthnn/lib/python3.9/site-packages/pymatgen/io/cif.py:1229: UserWarning: Issues encountered while parsing CIF: 1 fractional coordinates rounded to ideal values to avoid issues with finite precision.
  warnings.warn("Issues encountered while parsing CIF: " + "\n".join(self.warnings))
==============================
*** Open Babel Warning  in PerceiveBondOrders
  Failed to kekulize aromatic bonds in OBMol::PerceiveBondOrders (title is /home/zhangsd/repos/MOFSNN/CGCNN_MT/data/CoREMOF2019/clean_cifs/PEHTON_clean)

==============================
*** Open Babel Warning  in PerceiveBondOrders
  Failed to kekulize aromatic bonds in OBMol::PerceiveBondOrders (title is /home/zhangsd/repos/MOFSNN/CGCNN_MT/data/CoREMOF2019/clean_cifs/KEWNUX_clean)

==============================
*** Open Babel Warning  in PerceiveBondOrders
  Failed to kekulize aromatic bonds in OBMol::PerceiveBondOrders (title is /home/zhangsd/repos/MOFSNN/CGCNN_MT/data/CoREMOF2019/clean_cifs/HOWPUF_clean)

/opt/share/miniconda3/envs/mofmthnn/lib/python3.9/site-packages/pymatgen/io/cif.py:1229: UserWarning: Issues encountered while parsing CIF: 1 fractional coordinates rounded to ideal values to avoid issues with finite precision.
  warnings.warn("Issues encountered while parsing CIF: " + "\n".join(self.warnings))
==============================
*** Open Babel Warning  in PerceiveBondOrders
  Failed to kekulize aromatic bonds in OBMol::PerceiveBondOrders (title is /home/zhangsd/repos/MOFSNN/CGCNN_MT/data/CoREMOF2019/clean_cifs/PUGSUH_clean)

==============================
*** Open Babel Warning  in PerceiveBondOrders
  Failed to kekulize aromatic bonds in OBMol::PerceiveBondOrders (title is /home/zhangsd/repos/MOFSNN/CGCNN_MT/data/CoREMOF2019/clean_cifs/OYEJOS_clean)

==============================
*** Open Babel Warning  in PerceiveBondOrders
  Failed to kekulize aromatic bonds in OBMol::PerceiveBondOrders (title is /home/zhangsd/repos/MOFSNN/CGCNN_MT/data/CoREMOF2019/clean_cifs/UMEKII_clean)

==============================
*** Open Babel Warning  in PerceiveBondOrders
  Failed to kekulize aromatic bonds in OBMol::PerceiveBondOrders (title is /home/zhangsd/repos/MOFSNN/CGCNN_MT/data/CoREMOF2019/clean_cifs/USIRUL_clean)

==============================
*** Open Babel Warning  in PerceiveBondOrders
  Failed to kekulize aromatic bonds in OBMol::PerceiveBondOrders (title is /home/zhangsd/repos/MOFSNN/CGCNN_MT/data/CoREMOF2019/clean_cifs/EVUNOY_clean)

/opt/share/miniconda3/envs/mofmthnn/lib/python3.9/site-packages/ase/io/cif.py:401: UserWarning: crystal system 'triclinic' is not interpreted for space group Spacegroup(1, setting=1). This may result in wrong setting!
  warnings.warn(
/opt/share/miniconda3/envs/mofmthnn/lib/python3.9/site-packages/pymatgen/io/cif.py:1229: UserWarning: Issues encountered while parsing CIF: 4 fractional coordinates rounded to ideal values to avoid issues with finite precision.
  warnings.warn("Issues encountered while parsing CIF: " + "\n".join(self.warnings))
==============================
*** Open Babel Warning  in PerceiveBondOrders
  Failed to kekulize aromatic bonds in OBMol::PerceiveBondOrders (title is /home/zhangsd/repos/MOFSNN/CGCNN_MT/data/CoREMOF2019/clean_cifs/ZOTKAW_clean)

/opt/share/miniconda3/envs/mofmthnn/lib/python3.9/site-packages/pymatgen/io/cif.py:1229: UserWarning: Issues encountered while parsing CIF: 1 fractional coordinates rounded to ideal values to avoid issues with finite precision.
  warnings.warn("Issues encountered while parsing CIF: " + "\n".join(self.warnings))
==============================
*** Open Babel Warning  in PerceiveBondOrders
  Failed to kekulize aromatic bonds in OBMol::PerceiveBondOrders (title is /home/zhangsd/repos/MOFSNN/CGCNN_MT/data/CoREMOF2019/clean_cifs/TUGSOE_charged)

==============================
*** Open Babel Warning  in PerceiveBondOrders
  Failed to kekulize aromatic bonds in OBMol::PerceiveBondOrders (title is /home/zhangsd/repos/MOFSNN/CGCNN_MT/data/CoREMOF2019/clean_cifs/AVAGIP_clean)

==============================
*** Open Babel Warning  in PerceiveBondOrders
  Failed to kekulize aromatic bonds in OBMol::PerceiveBondOrders (title is /home/zhangsd/repos/MOFSNN/CGCNN_MT/data/CoREMOF2019/clean_cifs/OGAGAF_clean)

/opt/share/miniconda3/envs/mofmthnn/lib/python3.9/site-packages/pymatgen/io/cif.py:1229: UserWarning: Issues encountered while parsing CIF: 4 fractional coordinates rounded to ideal values to avoid issues with finite precision.
  warnings.warn("Issues encountered while parsing CIF: " + "\n".join(self.warnings))
==============================
*** Open Babel Warning  in PerceiveBondOrders
  Failed to kekulize aromatic bonds in OBMol::PerceiveBondOrders (title is /home/zhangsd/repos/MOFSNN/CGCNN_MT/data/CoREMOF2019/clean_cifs/HAJMAH_clean)

/opt/share/miniconda3/envs/mofmthnn/lib/python3.9/site-packages/pymatgen/io/cif.py:1229: UserWarning: Issues encountered while parsing CIF: 2 fractional coordinates rounded to ideal values to avoid issues with finite precision.
  warnings.warn("Issues encountered while parsing CIF: " + "\n".join(self.warnings))
==============================
*** Open Babel Warning  in PerceiveBondOrders
  Failed to kekulize aromatic bonds in OBMol::PerceiveBondOrders (title is /home/zhangsd/repos/MOFSNN/CGCNN_MT/data/CoREMOF2019/clean_cifs/DUKDIX_clean)

==============================
*** Open Babel Warning  in PerceiveBondOrders
  Failed to kekulize aromatic bonds in OBMol::PerceiveBondOrders (title is /home/zhangsd/repos/MOFSNN/CGCNN_MT/data/CoREMOF2019/clean_cifs/QURPIE_clean)

==============================
*** Open Babel Warning  in PerceiveBondOrders
  Failed to kekulize aromatic bonds in OBMol::PerceiveBondOrders (title is /home/zhangsd/repos/MOFSNN/CGCNN_MT/data/CoREMOF2019/clean_cifs/PUQHIT_SL)

==============================
*** Open Babel Warning  in PerceiveBondOrders
  Failed to kekulize aromatic bonds in OBMol::PerceiveBondOrders (title is /home/zhangsd/repos/MOFSNN/CGCNN_MT/data/CoREMOF2019/clean_cifs/ZIJVEV_clean)

/opt/share/miniconda3/envs/mofmthnn/lib/python3.9/site-packages/pymatgen/io/cif.py:1229: UserWarning: Issues encountered while parsing CIF: 2 fractional coordinates rounded to ideal values to avoid issues with finite precision.
  warnings.warn("Issues encountered while parsing CIF: " + "\n".join(self.warnings))
==============================
*** Open Babel Warning  in PerceiveBondOrders
  Failed to kekulize aromatic bonds in OBMol::PerceiveBondOrders (title is /home/zhangsd/repos/MOFSNN/CGCNN_MT/data/CoREMOF2019/clean_cifs/j.inoche.2015.03.054_CIFs_clean)

/opt/share/miniconda3/envs/mofmthnn/lib/python3.9/site-packages/pymatgen/io/cif.py:1229: UserWarning: Issues encountered while parsing CIF: 4 fractional coordinates rounded to ideal values to avoid issues with finite precision.
  warnings.warn("Issues encountered while parsing CIF: " + "\n".join(self.warnings))
==============================
*** Open Babel Warning  in PerceiveBondOrders
  Failed to kekulize aromatic bonds in OBMol::PerceiveBondOrders (title is /home/zhangsd/repos/MOFSNN/CGCNN_MT/data/CoREMOF2019/clean_cifs/GEZFIC_charged)

==============================
*** Open Babel Warning  in PerceiveBondOrders
  Failed to kekulize aromatic bonds in OBMol::PerceiveBondOrders (title is /home/zhangsd/repos/MOFSNN/CGCNN_MT/data/CoREMOF2019/clean_cifs/ADAVEI_clean)

==============================
*** Open Babel Warning  in PerceiveBondOrders
  Failed to kekulize aromatic bonds in OBMol::PerceiveBondOrders (title is /home/zhangsd/repos/MOFSNN/CGCNN_MT/data/CoREMOF2019/clean_cifs/MECWIB_clean)

==============================
*** Open Babel Warning  in PerceiveBondOrders
  Failed to kekulize aromatic bonds in OBMol::PerceiveBondOrders (title is /home/zhangsd/repos/MOFSNN/CGCNN_MT/data/CoREMOF2019/clean_cifs/LEQVUZ_clean)

==============================
*** Open Babel Warning  in PerceiveBondOrders
  Failed to kekulize aromatic bonds in OBMol::PerceiveBondOrders (title is /home/zhangsd/repos/MOFSNN/CGCNN_MT/data/CoREMOF2019/clean_cifs/OXANUX_clean)

/opt/share/miniconda3/envs/mofmthnn/lib/python3.9/site-packages/ase/io/cif.py:401: UserWarning: crystal system 'triclinic' is not interpreted for space group Spacegroup(1, setting=1). This may result in wrong setting!
  warnings.warn(
/opt/share/miniconda3/envs/mofmthnn/lib/python3.9/site-packages/ase/io/cif.py:401: UserWarning: crystal system 'triclinic' is not interpreted for space group Spacegroup(1, setting=1). This may result in wrong setting!
  warnings.warn(
==============================
*** Open Babel Warning  in PerceiveBondOrders
  Failed to kekulize aromatic bonds in OBMol::PerceiveBondOrders (title is /home/zhangsd/repos/MOFSNN/CGCNN_MT/data/CoREMOF2019/clean_cifs/ISAYOQ_charged)

==============================
*** Open Babel Warning  in PerceiveBondOrders
  Failed to kekulize aromatic bonds in OBMol::PerceiveBondOrders (title is /home/zhangsd/repos/MOFSNN/CGCNN_MT/data/CoREMOF2019/clean_cifs/EDUVAA_clean)

==============================
*** Open Babel Warning  in PerceiveBondOrders
  Failed to kekulize aromatic bonds in OBMol::PerceiveBondOrders (title is /home/zhangsd/repos/MOFSNN/CGCNN_MT/data/CoREMOF2019/clean_cifs/NAXLII_clean)

==============================
*** Open Babel Warning  in PerceiveBondOrders
  Failed to kekulize aromatic bonds in OBMol::PerceiveBondOrders (title is /home/zhangsd/repos/MOFSNN/CGCNN_MT/data/CoREMOF2019/clean_cifs/UMEKAA_clean)

/opt/share/miniconda3/envs/mofmthnn/lib/python3.9/site-packages/pymatgen/io/cif.py:1229: UserWarning: Issues encountered while parsing CIF: 1 fractional coordinates rounded to ideal values to avoid issues with finite precision.
  warnings.warn("Issues encountered while parsing CIF: " + "\n".join(self.warnings))
==============================
*** Open Babel Warning  in PerceiveBondOrders
  Failed to kekulize aromatic bonds in OBMol::PerceiveBondOrders (title is /home/zhangsd/repos/MOFSNN/CGCNN_MT/data/CoREMOF2019/clean_cifs/VUMYUZ_clean)

==============================
*** Open Babel Warning  in PerceiveBondOrders
  Failed to kekulize aromatic bonds in OBMol::PerceiveBondOrders (title is /home/zhangsd/repos/MOFSNN/CGCNN_MT/data/CoREMOF2019/clean_cifs/CAVRAU_clean)

/opt/share/miniconda3/envs/mofmthnn/lib/python3.9/site-packages/pymatgen/io/cif.py:1229: UserWarning: Issues encountered while parsing CIF: 1 fractional coordinates rounded to ideal values to avoid issues with finite precision.
  warnings.warn("Issues encountered while parsing CIF: " + "\n".join(self.warnings))
==============================
*** Open Babel Warning  in PerceiveBondOrders
  Failed to kekulize aromatic bonds in OBMol::PerceiveBondOrders (title is /home/zhangsd/repos/MOFSNN/CGCNN_MT/data/CoREMOF2019/clean_cifs/ADABIS_clean)

==============================
*** Open Babel Warning  in PerceiveBondOrders
  Failed to kekulize aromatic bonds in OBMol::PerceiveBondOrders (title is /home/zhangsd/repos/MOFSNN/CGCNN_MT/data/CoREMOF2019/clean_cifs/RUVMAX_clean)

/opt/share/miniconda3/envs/mofmthnn/lib/python3.9/site-packages/pymatgen/io/cif.py:1229: UserWarning: Issues encountered while parsing CIF: 8 fractional coordinates rounded to ideal values to avoid issues with finite precision.
  warnings.warn("Issues encountered while parsing CIF: " + "\n".join(self.warnings))
/opt/share/miniconda3/envs/mofmthnn/lib/python3.9/site-packages/pymatgen/io/cif.py:1229: UserWarning: Issues encountered while parsing CIF: 1 fractional coordinates rounded to ideal values to avoid issues with finite precision.
  warnings.warn("Issues encountered while parsing CIF: " + "\n".join(self.warnings))
==============================
*** Open Babel Warning  in PerceiveBondOrders
  Failed to kekulize aromatic bonds in OBMol::PerceiveBondOrders (title is /home/zhangsd/repos/MOFSNN/CGCNN_MT/data/CoREMOF2019/clean_cifs/CIGYAU_clean)

==============================
*** Open Babel Warning  in PerceiveBondOrders
  Failed to kekulize aromatic bonds in OBMol::PerceiveBondOrders (title is /home/zhangsd/repos/MOFSNN/CGCNN_MT/data/CoREMOF2019/clean_cifs/BUCYAA_clean)

==============================
*** Open Babel Warning  in PerceiveBondOrders
  Failed to kekulize aromatic bonds in OBMol::PerceiveBondOrders (title is /home/zhangsd/repos/MOFSNN/CGCNN_MT/data/CoREMOF2019/clean_cifs/PUPXII01_clean)

/opt/share/miniconda3/envs/mofmthnn/lib/python3.9/site-packages/pymatgen/io/cif.py:1229: UserWarning: Issues encountered while parsing CIF: 20 fractional coordinates rounded to ideal values to avoid issues with finite precision.
  warnings.warn("Issues encountered while parsing CIF: " + "\n".join(self.warnings))
/opt/share/miniconda3/envs/mofmthnn/lib/python3.9/site-packages/ase/io/cif.py:401: UserWarning: crystal system 'triclinic' is not interpreted for space group Spacegroup(1, setting=1). This may result in wrong setting!
  warnings.warn(
==============================
*** Open Babel Warning  in PerceiveBondOrders
  Failed to kekulize aromatic bonds in OBMol::PerceiveBondOrders (title is /home/zhangsd/repos/MOFSNN/CGCNN_MT/data/CoREMOF2019/clean_cifs/KITVEQ_clean)

==============================
*** Open Babel Warning  in PerceiveBondOrders
  Failed to kekulize aromatic bonds in OBMol::PerceiveBondOrders (title is /home/zhangsd/repos/MOFSNN/CGCNN_MT/data/CoREMOF2019/clean_cifs/ESUSOC01_clean)

==============================
*** Open Babel Warning  in PerceiveBondOrders
  Failed to kekulize aromatic bonds in OBMol::PerceiveBondOrders (title is /home/zhangsd/repos/MOFSNN/CGCNN_MT/data/CoREMOF2019/clean_cifs/REXDAB_clean)

==============================
*** Open Babel Warning  in PerceiveBondOrders
  Failed to kekulize aromatic bonds in OBMol::PerceiveBondOrders (title is /home/zhangsd/repos/MOFSNN/CGCNN_MT/data/CoREMOF2019/clean_cifs/TUKCOT_clean)

==============================
*** Open Babel Warning  in PerceiveBondOrders
  Failed to kekulize aromatic bonds in OBMol::PerceiveBondOrders (title is /home/zhangsd/repos/MOFSNN/CGCNN_MT/data/CoREMOF2019/clean_cifs/EQERIC_clean)

==============================
*** Open Babel Warning  in PerceiveBondOrders
  Failed to kekulize aromatic bonds in OBMol::PerceiveBondOrders (title is /home/zhangsd/repos/MOFSNN/CGCNN_MT/data/CoREMOF2019/clean_cifs/SIVGAH_clean)

==============================
*** Open Babel Warning  in PerceiveBondOrders
  Failed to kekulize aromatic bonds in OBMol::PerceiveBondOrders (title is /home/zhangsd/repos/MOFSNN/CGCNN_MT/data/CoREMOF2019/clean_cifs/LABNUA_clean)

==============================
*** Open Babel Warning  in PerceiveBondOrders
  Failed to kekulize aromatic bonds in OBMol::PerceiveBondOrders (title is /home/zhangsd/repos/MOFSNN/CGCNN_MT/data/CoREMOF2019/clean_cifs/ABETIN_clean)

==============================
*** Open Babel Warning  in PerceiveBondOrders
  Failed to kekulize aromatic bonds in OBMol::PerceiveBondOrders (title is /home/zhangsd/repos/MOFSNN/CGCNN_MT/data/CoREMOF2019/clean_cifs/SUKNUI_charged)

==============================
*** Open Babel Warning  in PerceiveBondOrders
  Failed to kekulize aromatic bonds in OBMol::PerceiveBondOrders (title is /home/zhangsd/repos/MOFSNN/CGCNN_MT/data/CoREMOF2019/clean_cifs/NATHOH_ion_b)

==============================
*** Open Babel Warning  in PerceiveBondOrders
  Failed to kekulize aromatic bonds in OBMol::PerceiveBondOrders (title is /home/zhangsd/repos/MOFSNN/CGCNN_MT/data/CoREMOF2019/clean_cifs/OBAFOP_clean)

==============================
*** Open Babel Warning  in PerceiveBondOrders
  Failed to kekulize aromatic bonds in OBMol::PerceiveBondOrders (title is /home/zhangsd/repos/MOFSNN/CGCNN_MT/data/CoREMOF2019/clean_cifs/KICXAX_clean)

/opt/share/miniconda3/envs/mofmthnn/lib/python3.9/site-packages/ase/io/cif.py:401: UserWarning: crystal system 'triclinic' is not interpreted for space group Spacegroup(1, setting=1). This may result in wrong setting!
  warnings.warn(
==============================
*** Open Babel Warning  in PerceiveBondOrders
  Failed to kekulize aromatic bonds in OBMol::PerceiveBondOrders (title is /home/zhangsd/repos/MOFSNN/CGCNN_MT/data/CoREMOF2019/clean_cifs/ZEFVEN_clean)

==============================
*** Open Babel Warning  in PerceiveBondOrders
  Failed to kekulize aromatic bonds in OBMol::PerceiveBondOrders (title is /home/zhangsd/repos/MOFSNN/CGCNN_MT/data/CoREMOF2019/clean_cifs/WUNTEF_clean)

==============================
*** Open Babel Warning  in PerceiveBondOrders
  Failed to kekulize aromatic bonds in OBMol::PerceiveBondOrders (title is /home/zhangsd/repos/MOFSNN/CGCNN_MT/data/CoREMOF2019/clean_cifs/ADAVIM_clean)

==============================
*** Open Babel Warning  in PerceiveBondOrders
  Failed to kekulize aromatic bonds in OBMol::PerceiveBondOrders (title is /home/zhangsd/repos/MOFSNN/CGCNN_MT/data/CoREMOF2019/clean_cifs/OCUVUF_clean)

==============================
*** Open Babel Warning  in PerceiveBondOrders
  Failed to kekulize aromatic bonds in OBMol::PerceiveBondOrders (title is /home/zhangsd/repos/MOFSNN/CGCNN_MT/data/CoREMOF2019/clean_cifs/QOFDOG_clean)

/opt/share/miniconda3/envs/mofmthnn/lib/python3.9/site-packages/pymatgen/io/cif.py:1229: UserWarning: Issues encountered while parsing CIF: 2 fractional coordinates rounded to ideal values to avoid issues with finite precision.
  warnings.warn("Issues encountered while parsing CIF: " + "\n".join(self.warnings))
==============================
*** Open Babel Warning  in PerceiveBondOrders
  Failed to kekulize aromatic bonds in OBMol::PerceiveBondOrders (title is /home/zhangsd/repos/MOFSNN/CGCNN_MT/data/CoREMOF2019/clean_cifs/QEPZUH_charged)

==============================
*** Open Babel Warning  in PerceiveBondOrders
  Failed to kekulize aromatic bonds in OBMol::PerceiveBondOrders (title is /home/zhangsd/repos/MOFSNN/CGCNN_MT/data/CoREMOF2019/clean_cifs/OBAJAF_clean)

==============================
*** Open Babel Warning  in PerceiveBondOrders
  Failed to kekulize aromatic bonds in OBMol::PerceiveBondOrders (title is /home/zhangsd/repos/MOFSNN/CGCNN_MT/data/CoREMOF2019/clean_cifs/TUMRIE_clean)

/opt/share/miniconda3/envs/mofmthnn/lib/python3.9/site-packages/pymatgen/io/cif.py:1229: UserWarning: Issues encountered while parsing CIF: 1 fractional coordinates rounded to ideal values to avoid issues with finite precision.
  warnings.warn("Issues encountered while parsing CIF: " + "\n".join(self.warnings))
==============================
*** Open Babel Warning  in PerceiveBondOrders
  Failed to kekulize aromatic bonds in OBMol::PerceiveBondOrders (title is /home/zhangsd/repos/MOFSNN/CGCNN_MT/data/CoREMOF2019/clean_cifs/WOWMAY_clean)

==============================
*** Open Babel Warning  in PerceiveBondOrders
  Failed to kekulize aromatic bonds in OBMol::PerceiveBondOrders (title is /home/zhangsd/repos/MOFSNN/CGCNN_MT/data/CoREMOF2019/clean_cifs/WAQQUB_clean)

/opt/share/miniconda3/envs/mofmthnn/lib/python3.9/site-packages/pymatgen/io/cif.py:1229: UserWarning: Issues encountered while parsing CIF: 1 fractional coordinates rounded to ideal values to avoid issues with finite precision.
  warnings.warn("Issues encountered while parsing CIF: " + "\n".join(self.warnings))
/opt/share/miniconda3/envs/mofmthnn/lib/python3.9/site-packages/pymatgen/io/cif.py:1229: UserWarning: Issues encountered while parsing CIF: 8 fractional coordinates rounded to ideal values to avoid issues with finite precision.
  warnings.warn("Issues encountered while parsing CIF: " + "\n".join(self.warnings))
==============================
*** Open Babel Warning  in PerceiveBondOrders
  Failed to kekulize aromatic bonds in OBMol::PerceiveBondOrders (title is /home/zhangsd/repos/MOFSNN/CGCNN_MT/data/CoREMOF2019/clean_cifs/SUFBAY_clean)

==============================
*** Open Babel Warning  in PerceiveBondOrders
  Failed to kekulize aromatic bonds in OBMol::PerceiveBondOrders (title is /home/zhangsd/repos/MOFSNN/CGCNN_MT/data/CoREMOF2019/clean_cifs/GIWBEU_charged)

/opt/share/miniconda3/envs/mofmthnn/lib/python3.9/site-packages/pymatgen/io/cif.py:1229: UserWarning: Issues encountered while parsing CIF: 14 fractional coordinates rounded to ideal values to avoid issues with finite precision.
  warnings.warn("Issues encountered while parsing CIF: " + "\n".join(self.warnings))
==============================
*** Open Babel Warning  in PerceiveBondOrders
  Failed to kekulize aromatic bonds in OBMol::PerceiveBondOrders (title is /home/zhangsd/repos/MOFSNN/CGCNN_MT/data/CoREMOF2019/clean_cifs/ROCZIU_clean)

/opt/share/miniconda3/envs/mofmthnn/lib/python3.9/site-packages/ase/io/cif.py:401: UserWarning: crystal system 'triclinic' is not interpreted for space group Spacegroup(1, setting=1). This may result in wrong setting!
  warnings.warn(
==============================
*** Open Babel Warning  in PerceiveBondOrders
  Failed to kekulize aromatic bonds in OBMol::PerceiveBondOrders (title is /home/zhangsd/repos/MOFSNN/CGCNN_MT/data/CoREMOF2019/clean_cifs/MIGVON_clean)

==============================
*** Open Babel Warning  in PerceiveBondOrders
  Failed to kekulize aromatic bonds in OBMol::PerceiveBondOrders (title is /home/zhangsd/repos/MOFSNN/CGCNN_MT/data/CoREMOF2019/clean_cifs/USOXIL_clean)

==============================
*** Open Babel Warning  in PerceiveBondOrders
  Failed to kekulize aromatic bonds in OBMol::PerceiveBondOrders (title is /home/zhangsd/repos/MOFSNN/CGCNN_MT/data/CoREMOF2019/clean_cifs/BIGZUO_clean)

==============================
*** Open Babel Warning  in PerceiveBondOrders
  Failed to kekulize aromatic bonds in OBMol::PerceiveBondOrders (title is /home/zhangsd/repos/MOFSNN/CGCNN_MT/data/CoREMOF2019/clean_cifs/VEJYOZ_clean)

==============================
*** Open Babel Warning  in PerceiveBondOrders
  Failed to kekulize aromatic bonds in OBMol::PerceiveBondOrders (title is /home/zhangsd/repos/MOFSNN/CGCNN_MT/data/CoREMOF2019/clean_cifs/UYOJOI_clean)

==============================
*** Open Babel Warning  in PerceiveBondOrders
  Failed to kekulize aromatic bonds in OBMol::PerceiveBondOrders (title is /home/zhangsd/repos/MOFSNN/CGCNN_MT/data/CoREMOF2019/clean_cifs/KUDWAJ_clean)

/opt/share/miniconda3/envs/mofmthnn/lib/python3.9/site-packages/pymatgen/io/cif.py:1229: UserWarning: Issues encountered while parsing CIF: 8 fractional coordinates rounded to ideal values to avoid issues with finite precision.
  warnings.warn("Issues encountered while parsing CIF: " + "\n".join(self.warnings))
==============================
*** Open Babel Warning  in PerceiveBondOrders
  Failed to kekulize aromatic bonds in OBMol::PerceiveBondOrders (title is /home/zhangsd/repos/MOFSNN/CGCNN_MT/data/CoREMOF2019/clean_cifs/QALHAO_clean)

==============================
*** Open Babel Warning  in PerceiveBondOrders
  Failed to kekulize aromatic bonds in OBMol::PerceiveBondOrders (title is /home/zhangsd/repos/MOFSNN/CGCNN_MT/data/CoREMOF2019/clean_cifs/MANLIX_charged)

==============================
*** Open Babel Warning  in PerceiveBondOrders
  Failed to kekulize aromatic bonds in OBMol::PerceiveBondOrders (title is /home/zhangsd/repos/MOFSNN/CGCNN_MT/data/CoREMOF2019/clean_cifs/PENNIH_clean)

/opt/share/miniconda3/envs/mofmthnn/lib/python3.9/site-packages/pymatgen/io/cif.py:1229: UserWarning: Issues encountered while parsing CIF: 14 fractional coordinates rounded to ideal values to avoid issues with finite precision.
  warnings.warn("Issues encountered while parsing CIF: " + "\n".join(self.warnings))
==============================
*** Open Babel Warning  in PerceiveBondOrders
  Failed to kekulize aromatic bonds in OBMol::PerceiveBondOrders (title is /home/zhangsd/repos/MOFSNN/CGCNN_MT/data/CoREMOF2019/clean_cifs/YUXQOY_clean)

==============================
*** Open Babel Warning  in PerceiveBondOrders
  Failed to kekulize aromatic bonds in OBMol::PerceiveBondOrders (title is /home/zhangsd/repos/MOFSNN/CGCNN_MT/data/CoREMOF2019/clean_cifs/MOGNAY_clean)

/opt/share/miniconda3/envs/mofmthnn/lib/python3.9/site-packages/pymatgen/io/cif.py:1229: UserWarning: Issues encountered while parsing CIF: 24 fractional coordinates rounded to ideal values to avoid issues with finite precision.
  warnings.warn("Issues encountered while parsing CIF: " + "\n".join(self.warnings))
==============================
*** Open Babel Warning  in PerceiveBondOrders
  Failed to kekulize aromatic bonds in OBMol::PerceiveBondOrders (title is /home/zhangsd/repos/MOFSNN/CGCNN_MT/data/CoREMOF2019/clean_cifs/GIRZAK_clean)

/opt/share/miniconda3/envs/mofmthnn/lib/python3.9/site-packages/pymatgen/io/cif.py:1229: UserWarning: Issues encountered while parsing CIF: 8 fractional coordinates rounded to ideal values to avoid issues with finite precision.
  warnings.warn("Issues encountered while parsing CIF: " + "\n".join(self.warnings))
==============================
*** Open Babel Warning  in PerceiveBondOrders
  Failed to kekulize aromatic bonds in OBMol::PerceiveBondOrders (title is /home/zhangsd/repos/MOFSNN/CGCNN_MT/data/CoREMOF2019/clean_cifs/EBUFUE_clean)

==============================
*** Open Babel Warning  in PerceiveBondOrders
  Failed to kekulize aromatic bonds in OBMol::PerceiveBondOrders (title is /home/zhangsd/repos/MOFSNN/CGCNN_MT/data/CoREMOF2019/clean_cifs/ROLZEZ_clean)

/opt/share/miniconda3/envs/mofmthnn/lib/python3.9/site-packages/pymatgen/io/cif.py:1229: UserWarning: Issues encountered while parsing CIF: 4 fractional coordinates rounded to ideal values to avoid issues with finite precision.
  warnings.warn("Issues encountered while parsing CIF: " + "\n".join(self.warnings))
==============================
*** Open Babel Warning  in PerceiveBondOrders
  Failed to kekulize aromatic bonds in OBMol::PerceiveBondOrders (title is /home/zhangsd/repos/MOFSNN/CGCNN_MT/data/CoREMOF2019/clean_cifs/HAPBEI_clean)

==============================
*** Open Babel Warning  in PerceiveBondOrders
  Failed to kekulize aromatic bonds in OBMol::PerceiveBondOrders (title is /home/zhangsd/repos/MOFSNN/CGCNN_MT/data/CoREMOF2019/clean_cifs/LAZLEF_clean)

/opt/share/miniconda3/envs/mofmthnn/lib/python3.9/site-packages/pymatgen/io/cif.py:1229: UserWarning: Issues encountered while parsing CIF: 4 fractional coordinates rounded to ideal values to avoid issues with finite precision.
  warnings.warn("Issues encountered while parsing CIF: " + "\n".join(self.warnings))
==============================
*** Open Babel Warning  in PerceiveBondOrders
  Failed to kekulize aromatic bonds in OBMol::PerceiveBondOrders (title is /home/zhangsd/repos/MOFSNN/CGCNN_MT/data/CoREMOF2019/clean_cifs/HAJLUA_clean)

==============================
*** Open Babel Warning  in PerceiveBondOrders
  Failed to kekulize aromatic bonds in OBMol::PerceiveBondOrders (title is /home/zhangsd/repos/MOFSNN/CGCNN_MT/data/CoREMOF2019/clean_cifs/COQJAV_clean)

==============================
*** Open Babel Warning  in PerceiveBondOrders
  Failed to kekulize aromatic bonds in OBMol::PerceiveBondOrders (title is /home/zhangsd/repos/MOFSNN/CGCNN_MT/data/CoREMOF2019/clean_cifs/COYVAO01_clean)

==============================
*** Open Babel Warning  in PerceiveBondOrders
  Failed to kekulize aromatic bonds in OBMol::PerceiveBondOrders (title is /home/zhangsd/repos/MOFSNN/CGCNN_MT/data/CoREMOF2019/clean_cifs/DUNYOC_clean)

==============================
*** Open Babel Warning  in PerceiveBondOrders
  Failed to kekulize aromatic bonds in OBMol::PerceiveBondOrders (title is /home/zhangsd/repos/MOFSNN/CGCNN_MT/data/CoREMOF2019/clean_cifs/DOKHOB_clean)

==============================
*** Open Babel Warning  in PerceiveBondOrders
  Failed to kekulize aromatic bonds in OBMol::PerceiveBondOrders (title is /home/zhangsd/repos/MOFSNN/CGCNN_MT/data/CoREMOF2019/clean_cifs/QODHUO02_clean)

/opt/share/miniconda3/envs/mofmthnn/lib/python3.9/site-packages/ase/io/cif.py:401: UserWarning: crystal system 'triclinic' is not interpreted for space group Spacegroup(1, setting=1). This may result in wrong setting!
  warnings.warn(
==============================
*** Open Babel Warning  in PerceiveBondOrders
  Failed to kekulize aromatic bonds in OBMol::PerceiveBondOrders (title is /home/zhangsd/repos/MOFSNN/CGCNN_MT/data/CoREMOF2019/clean_cifs/FAWCEN02_SL)

==============================
*** Open Babel Warning  in PerceiveBondOrders
  Failed to kekulize aromatic bonds in OBMol::PerceiveBondOrders (title is /home/zhangsd/repos/MOFSNN/CGCNN_MT/data/CoREMOF2019/clean_cifs/TUNJET_clean)

/opt/share/miniconda3/envs/mofmthnn/lib/python3.9/site-packages/pymatgen/io/cif.py:1229: UserWarning: Issues encountered while parsing CIF: 8 fractional coordinates rounded to ideal values to avoid issues with finite precision.
  warnings.warn("Issues encountered while parsing CIF: " + "\n".join(self.warnings))
==============================
*** Open Babel Warning  in PerceiveBondOrders
  Failed to kekulize aromatic bonds in OBMol::PerceiveBondOrders (title is /home/zhangsd/repos/MOFSNN/CGCNN_MT/data/CoREMOF2019/clean_cifs/EQOCES01_clean)

==============================
*** Open Babel Warning  in PerceiveBondOrders
  Failed to kekulize aromatic bonds in OBMol::PerceiveBondOrders (title is /home/zhangsd/repos/MOFSNN/CGCNN_MT/data/CoREMOF2019/clean_cifs/FAVDEO_clean)

==============================
*** Open Babel Warning  in PerceiveBondOrders
  Failed to kekulize aromatic bonds in OBMol::PerceiveBondOrders (title is /home/zhangsd/repos/MOFSNN/CGCNN_MT/data/CoREMOF2019/clean_cifs/MATPOP_clean)

==============================
*** Open Babel Warning  in PerceiveBondOrders
  Failed to kekulize aromatic bonds in OBMol::PerceiveBondOrders (title is /home/zhangsd/repos/MOFSNN/CGCNN_MT/data/CoREMOF2019/clean_cifs/YEPDAZ_clean)

==============================
*** Open Babel Warning  in PerceiveBondOrders
  Failed to kekulize aromatic bonds in OBMol::PerceiveBondOrders (title is /home/zhangsd/repos/MOFSNN/CGCNN_MT/data/CoREMOF2019/clean_cifs/BEWVEG_clean)

==============================
*** Open Babel Warning  in PerceiveBondOrders
  Failed to kekulize aromatic bonds in OBMol::PerceiveBondOrders (title is /home/zhangsd/repos/MOFSNN/CGCNN_MT/data/CoREMOF2019/clean_cifs/cg900505v_si_004_clean)

/opt/share/miniconda3/envs/mofmthnn/lib/python3.9/site-packages/pymatgen/io/cif.py:1229: UserWarning: Issues encountered while parsing CIF: 20 fractional coordinates rounded to ideal values to avoid issues with finite precision.
  warnings.warn("Issues encountered while parsing CIF: " + "\n".join(self.warnings))
==============================
*** Open Babel Warning  in PerceiveBondOrders
  Failed to kekulize aromatic bonds in OBMol::PerceiveBondOrders (title is /home/zhangsd/repos/MOFSNN/CGCNN_MT/data/CoREMOF2019/clean_cifs/UKOXUO_clean)

==============================
*** Open Babel Warning  in PerceiveBondOrders
  Failed to kekulize aromatic bonds in OBMol::PerceiveBondOrders (title is /home/zhangsd/repos/MOFSNN/CGCNN_MT/data/CoREMOF2019/clean_cifs/BUCVAY_clean)

==============================
*** Open Babel Warning  in PerceiveBondOrders
  Failed to kekulize aromatic bonds in OBMol::PerceiveBondOrders (title is /home/zhangsd/repos/MOFSNN/CGCNN_MT/data/CoREMOF2019/clean_cifs/ESUVAR_clean)

==============================
*** Open Babel Warning  in PerceiveBondOrders
  Failed to kekulize aromatic bonds in OBMol::PerceiveBondOrders (title is /home/zhangsd/repos/MOFSNN/CGCNN_MT/data/CoREMOF2019/clean_cifs/EMIGIR_charged)

==============================
*** Open Babel Warning  in PerceiveBondOrders
  Failed to kekulize aromatic bonds in OBMol::PerceiveBondOrders (title is /home/zhangsd/repos/MOFSNN/CGCNN_MT/data/CoREMOF2019/clean_cifs/BASTUM_clean)

/opt/share/miniconda3/envs/mofmthnn/lib/python3.9/site-packages/pymatgen/io/cif.py:1229: UserWarning: Issues encountered while parsing CIF: 16 fractional coordinates rounded to ideal values to avoid issues with finite precision.
  warnings.warn("Issues encountered while parsing CIF: " + "\n".join(self.warnings))
/opt/share/miniconda3/envs/mofmthnn/lib/python3.9/site-packages/pymatgen/io/cif.py:1229: UserWarning: Issues encountered while parsing CIF: 8 fractional coordinates rounded to ideal values to avoid issues with finite precision.
  warnings.warn("Issues encountered while parsing CIF: " + "\n".join(self.warnings))
==============================
*** Open Babel Warning  in PerceiveBondOrders
  Failed to kekulize aromatic bonds in OBMol::PerceiveBondOrders (title is /home/zhangsd/repos/MOFSNN/CGCNN_MT/data/CoREMOF2019/clean_cifs/XUDNUH_clean)

==============================
*** Open Babel Warning  in PerceiveBondOrders
  Failed to kekulize aromatic bonds in OBMol::PerceiveBondOrders (title is /home/zhangsd/repos/MOFSNN/CGCNN_MT/data/CoREMOF2019/clean_cifs/UYOFIY_clean)

==============================
*** Open Babel Warning  in PerceiveBondOrders
  Failed to kekulize aromatic bonds in OBMol::PerceiveBondOrders (title is /home/zhangsd/repos/MOFSNN/CGCNN_MT/data/CoREMOF2019/clean_cifs/UKUMAO_clean)

==============================
*** Open Babel Warning  in PerceiveBondOrders
  Failed to kekulize aromatic bonds in OBMol::PerceiveBondOrders (title is /home/zhangsd/repos/MOFSNN/CGCNN_MT/data/CoREMOF2019/clean_cifs/ASALAH_clean)

==============================
*** Open Babel Warning  in PerceiveBondOrders
  Failed to kekulize aromatic bonds in OBMol::PerceiveBondOrders (title is /home/zhangsd/repos/MOFSNN/CGCNN_MT/data/CoREMOF2019/clean_cifs/IXUWII_clean)

==============================
*** Open Babel Warning  in PerceiveBondOrders
  Failed to kekulize aromatic bonds in OBMol::PerceiveBondOrders (title is /home/zhangsd/repos/MOFSNN/CGCNN_MT/data/CoREMOF2019/clean_cifs/UDAWUU_clean)

==============================
*** Open Babel Warning  in PerceiveBondOrders
  Failed to kekulize aromatic bonds in OBMol::PerceiveBondOrders (title is /home/zhangsd/repos/MOFSNN/CGCNN_MT/data/CoREMOF2019/clean_cifs/YEZFIU_clean)

==============================
*** Open Babel Warning  in PerceiveBondOrders
  Failed to kekulize aromatic bonds in OBMol::PerceiveBondOrders (title is /home/zhangsd/repos/MOFSNN/CGCNN_MT/data/CoREMOF2019/clean_cifs/NAQQED_clean)

/opt/share/miniconda3/envs/mofmthnn/lib/python3.9/site-packages/pymatgen/io/cif.py:1229: UserWarning: Issues encountered while parsing CIF: 6 fractional coordinates rounded to ideal values to avoid issues with finite precision.
  warnings.warn("Issues encountered while parsing CIF: " + "\n".join(self.warnings))
/opt/share/miniconda3/envs/mofmthnn/lib/python3.9/site-packages/pymatgen/io/cif.py:1229: UserWarning: Issues encountered while parsing CIF: 12 fractional coordinates rounded to ideal values to avoid issues with finite precision.
  warnings.warn("Issues encountered while parsing CIF: " + "\n".join(self.warnings))
==============================
*** Open Babel Warning  in PerceiveBondOrders
  Failed to kekulize aromatic bonds in OBMol::PerceiveBondOrders (title is /home/zhangsd/repos/MOFSNN/CGCNN_MT/data/CoREMOF2019/clean_cifs/PAPNUR_clean)

/opt/share/miniconda3/envs/mofmthnn/lib/python3.9/site-packages/pymatgen/io/cif.py:1229: UserWarning: Issues encountered while parsing CIF: 4 fractional coordinates rounded to ideal values to avoid issues with finite precision.
  warnings.warn("Issues encountered while parsing CIF: " + "\n".join(self.warnings))
==============================
*** Open Babel Warning  in PerceiveBondOrders
  Failed to kekulize aromatic bonds in OBMol::PerceiveBondOrders (title is /home/zhangsd/repos/MOFSNN/CGCNN_MT/data/CoREMOF2019/clean_cifs/XEDPON_clean)

==============================
*** Open Babel Warning  in PerceiveBondOrders
  Failed to kekulize aromatic bonds in OBMol::PerceiveBondOrders (title is /home/zhangsd/repos/MOFSNN/CGCNN_MT/data/CoREMOF2019/clean_cifs/OGIKAR_clean)

/opt/share/miniconda3/envs/mofmthnn/lib/python3.9/site-packages/pymatgen/io/cif.py:1229: UserWarning: Issues encountered while parsing CIF: 4 fractional coordinates rounded to ideal values to avoid issues with finite precision.
  warnings.warn("Issues encountered while parsing CIF: " + "\n".join(self.warnings))
/opt/share/miniconda3/envs/mofmthnn/lib/python3.9/site-packages/ase/io/cif.py:401: UserWarning: crystal system 'triclinic' is not interpreted for space group Spacegroup(1, setting=1). This may result in wrong setting!
  warnings.warn(
==============================
*** Open Babel Warning  in PerceiveBondOrders
  Failed to kekulize aromatic bonds in OBMol::PerceiveBondOrders (title is /home/zhangsd/repos/MOFSNN/CGCNN_MT/data/CoREMOF2019/clean_cifs/HOGSIG_clean)

==============================
*** Open Babel Warning  in PerceiveBondOrders
  Failed to kekulize aromatic bonds in OBMol::PerceiveBondOrders (title is /home/zhangsd/repos/MOFSNN/CGCNN_MT/data/CoREMOF2019/clean_cifs/ZAXQOG_clean)

==============================
*** Open Babel Warning  in PerceiveBondOrders
  Failed to kekulize aromatic bonds in OBMol::PerceiveBondOrders (title is /home/zhangsd/repos/MOFSNN/CGCNN_MT/data/CoREMOF2019/clean_cifs/MUQSAU_clean)

==============================
*** Open Babel Warning  in PerceiveBondOrders
  Failed to kekulize aromatic bonds in OBMol::PerceiveBondOrders (title is /home/zhangsd/repos/MOFSNN/CGCNN_MT/data/CoREMOF2019/clean_cifs/JITPOS_SL)

==============================
*** Open Babel Warning  in PerceiveBondOrders
  Failed to kekulize aromatic bonds in OBMol::PerceiveBondOrders (title is /home/zhangsd/repos/MOFSNN/CGCNN_MT/data/CoREMOF2019/clean_cifs/HUCLIB_clean)

==============================
*** Open Babel Warning  in PerceiveBondOrders
  Failed to kekulize aromatic bonds in OBMol::PerceiveBondOrders (title is /home/zhangsd/repos/MOFSNN/CGCNN_MT/data/CoREMOF2019/clean_cifs/LASRIJ_clean)

==============================
*** Open Babel Warning  in PerceiveBondOrders
  Failed to kekulize aromatic bonds in OBMol::PerceiveBondOrders (title is /home/zhangsd/repos/MOFSNN/CGCNN_MT/data/CoREMOF2019/clean_cifs/CAKYEU_clean)

==============================
*** Open Babel Warning  in PerceiveBondOrders
  Failed to kekulize aromatic bonds in OBMol::PerceiveBondOrders (title is /home/zhangsd/repos/MOFSNN/CGCNN_MT/data/CoREMOF2019/clean_cifs/PEQTIQ_clean)

/opt/share/miniconda3/envs/mofmthnn/lib/python3.9/site-packages/pymatgen/io/cif.py:1229: UserWarning: Issues encountered while parsing CIF: 1 fractional coordinates rounded to ideal values to avoid issues with finite precision.
  warnings.warn("Issues encountered while parsing CIF: " + "\n".join(self.warnings))
==============================
*** Open Babel Warning  in PerceiveBondOrders
  Failed to kekulize aromatic bonds in OBMol::PerceiveBondOrders (title is /home/zhangsd/repos/MOFSNN/CGCNN_MT/data/CoREMOF2019/clean_cifs/YUKCAJ_clean)

==============================
*** Open Babel Warning  in PerceiveBondOrders
  Failed to kekulize aromatic bonds in OBMol::PerceiveBondOrders (title is /home/zhangsd/repos/MOFSNN/CGCNN_MT/data/CoREMOF2019/clean_cifs/FEWWIP_clean)

==============================
*** Open Babel Warning  in PerceiveBondOrders
  Failed to kekulize aromatic bonds in OBMol::PerceiveBondOrders (title is /home/zhangsd/repos/MOFSNN/CGCNN_MT/data/CoREMOF2019/clean_cifs/HUWSUN_clean)

==============================
*** Open Babel Warning  in PerceiveBondOrders
  Failed to kekulize aromatic bonds in OBMol::PerceiveBondOrders (title is /home/zhangsd/repos/MOFSNN/CGCNN_MT/data/CoREMOF2019/clean_cifs/YUBFOR_clean)

==============================
*** Open Babel Warning  in PerceiveBondOrders
  Failed to kekulize aromatic bonds in OBMol::PerceiveBondOrders (title is /home/zhangsd/repos/MOFSNN/CGCNN_MT/data/CoREMOF2019/clean_cifs/ic5b00194_si_002_clean)

/opt/share/miniconda3/envs/mofmthnn/lib/python3.9/site-packages/pymatgen/io/cif.py:1229: UserWarning: Issues encountered while parsing CIF: 6 fractional coordinates rounded to ideal values to avoid issues with finite precision.
  warnings.warn("Issues encountered while parsing CIF: " + "\n".join(self.warnings))
==============================
*** Open Babel Warning  in PerceiveBondOrders
  Failed to kekulize aromatic bonds in OBMol::PerceiveBondOrders (title is /home/zhangsd/repos/MOFSNN/CGCNN_MT/data/CoREMOF2019/clean_cifs/HAKVOH_clean)

==============================
*** Open Babel Warning  in PerceiveBondOrders
  Failed to kekulize aromatic bonds in OBMol::PerceiveBondOrders (title is /home/zhangsd/repos/MOFSNN/CGCNN_MT/data/CoREMOF2019/clean_cifs/LUJJOQ_clean)

==============================
*** Open Babel Warning  in PerceiveBondOrders
  Failed to kekulize aromatic bonds in OBMol::PerceiveBondOrders (title is /home/zhangsd/repos/MOFSNN/CGCNN_MT/data/CoREMOF2019/clean_cifs/BIXYEO_clean)

==============================
*** Open Babel Warning  in PerceiveBondOrders
  Failed to kekulize aromatic bonds in OBMol::PerceiveBondOrders (title is /home/zhangsd/repos/MOFSNN/CGCNN_MT/data/CoREMOF2019/clean_cifs/COLPEA_clean)

==============================
*** Open Babel Warning  in PerceiveBondOrders
  Failed to kekulize aromatic bonds in OBMol::PerceiveBondOrders (title is /home/zhangsd/repos/MOFSNN/CGCNN_MT/data/CoREMOF2019/clean_cifs/XIDSUZ_clean)

==============================
*** Open Babel Warning  in PerceiveBondOrders
  Failed to kekulize aromatic bonds in OBMol::PerceiveBondOrders (title is /home/zhangsd/repos/MOFSNN/CGCNN_MT/data/CoREMOF2019/clean_cifs/VOCKUT_clean)

==============================
*** Open Babel Warning  in PerceiveBondOrders
  Failed to kekulize aromatic bonds in OBMol::PerceiveBondOrders (title is /home/zhangsd/repos/MOFSNN/CGCNN_MT/data/CoREMOF2019/clean_cifs/SAHYAD03_charged)

==============================
*** Open Babel Warning  in PerceiveBondOrders
  Failed to kekulize aromatic bonds in OBMol::PerceiveBondOrders (title is /home/zhangsd/repos/MOFSNN/CGCNN_MT/data/CoREMOF2019/clean_cifs/KIFXOO_clean)

==============================
*** Open Babel Warning  in PerceiveBondOrders
  Failed to kekulize aromatic bonds in OBMol::PerceiveBondOrders (title is /home/zhangsd/repos/MOFSNN/CGCNN_MT/data/CoREMOF2019/clean_cifs/MIJFIU_clean)

==============================
*** Open Babel Warning  in PerceiveBondOrders
  Failed to kekulize aromatic bonds in OBMol::PerceiveBondOrders (title is /home/zhangsd/repos/MOFSNN/CGCNN_MT/data/CoREMOF2019/clean_cifs/RUSSAA_clean)

/opt/share/miniconda3/envs/mofmthnn/lib/python3.9/site-packages/pymatgen/io/cif.py:1229: UserWarning: Issues encountered while parsing CIF: 8 fractional coordinates rounded to ideal values to avoid issues with finite precision.
  warnings.warn("Issues encountered while parsing CIF: " + "\n".join(self.warnings))
==============================
*** Open Babel Warning  in PerceiveBondOrders
  Failed to kekulize aromatic bonds in OBMol::PerceiveBondOrders (title is /home/zhangsd/repos/MOFSNN/CGCNN_MT/data/CoREMOF2019/clean_cifs/ROCZAM_clean)

==============================
*** Open Babel Warning  in PerceiveBondOrders
  Failed to kekulize aromatic bonds in OBMol::PerceiveBondOrders (title is /home/zhangsd/repos/MOFSNN/CGCNN_MT/data/CoREMOF2019/clean_cifs/HOWQAM_clean)

==============================
*** Open Babel Warning  in PerceiveBondOrders
  Failed to kekulize aromatic bonds in OBMol::PerceiveBondOrders (title is /home/zhangsd/repos/MOFSNN/CGCNN_MT/data/CoREMOF2019/clean_cifs/IDAHAY_clean)

==============================
*** Open Babel Warning  in PerceiveBondOrders
  Failed to kekulize aromatic bonds in OBMol::PerceiveBondOrders (title is /home/zhangsd/repos/MOFSNN/CGCNN_MT/data/CoREMOF2019/clean_cifs/ja5b02999_si_007_clean)

/opt/share/miniconda3/envs/mofmthnn/lib/python3.9/site-packages/pymatgen/io/cif.py:1229: UserWarning: Issues encountered while parsing CIF: 96 fractional coordinates rounded to ideal values to avoid issues with finite precision.
  warnings.warn("Issues encountered while parsing CIF: " + "\n".join(self.warnings))
==============================
*** Open Babel Warning  in PerceiveBondOrders
  Failed to kekulize aromatic bonds in OBMol::PerceiveBondOrders (title is /home/zhangsd/repos/MOFSNN/CGCNN_MT/data/CoREMOF2019/clean_cifs/REHVEH_clean)

==============================
*** Open Babel Warning  in PerceiveBondOrders
  Failed to kekulize aromatic bonds in OBMol::PerceiveBondOrders (title is /home/zhangsd/repos/MOFSNN/CGCNN_MT/data/CoREMOF2019/clean_cifs/IPIDUH_clean)

/opt/share/miniconda3/envs/mofmthnn/lib/python3.9/site-packages/pymatgen/io/cif.py:1229: UserWarning: Issues encountered while parsing CIF: 2 fractional coordinates rounded to ideal values to avoid issues with finite precision.
  warnings.warn("Issues encountered while parsing CIF: " + "\n".join(self.warnings))
==============================
*** Open Babel Warning  in PerceiveBondOrders
  Failed to kekulize aromatic bonds in OBMol::PerceiveBondOrders (title is /home/zhangsd/repos/MOFSNN/CGCNN_MT/data/CoREMOF2019/clean_cifs/DUYREV_clean)

==============================
*** Open Babel Warning  in PerceiveBondOrders
  Failed to kekulize aromatic bonds in OBMol::PerceiveBondOrders (title is /home/zhangsd/repos/MOFSNN/CGCNN_MT/data/CoREMOF2019/clean_cifs/ASINAT_clean)

/opt/share/miniconda3/envs/mofmthnn/lib/python3.9/site-packages/pymatgen/io/cif.py:1229: UserWarning: Issues encountered while parsing CIF: 8 fractional coordinates rounded to ideal values to avoid issues with finite precision.
  warnings.warn("Issues encountered while parsing CIF: " + "\n".join(self.warnings))
==============================
*** Open Babel Warning  in PerceiveBondOrders
  Failed to kekulize aromatic bonds in OBMol::PerceiveBondOrders (title is /home/zhangsd/repos/MOFSNN/CGCNN_MT/data/CoREMOF2019/clean_cifs/PALTON_clean)

/opt/share/miniconda3/envs/mofmthnn/lib/python3.9/site-packages/ase/io/cif.py:401: UserWarning: crystal system 'triclinic' is not interpreted for space group Spacegroup(1, setting=1). This may result in wrong setting!
  warnings.warn(
==============================
*** Open Babel Warning  in PerceiveBondOrders
  Failed to kekulize aromatic bonds in OBMol::PerceiveBondOrders (title is /home/zhangsd/repos/MOFSNN/CGCNN_MT/data/CoREMOF2019/clean_cifs/MOYMUJ_clean)

/opt/share/miniconda3/envs/mofmthnn/lib/python3.9/site-packages/pymatgen/io/cif.py:1229: UserWarning: Issues encountered while parsing CIF: 4 fractional coordinates rounded to ideal values to avoid issues with finite precision.
  warnings.warn("Issues encountered while parsing CIF: " + "\n".join(self.warnings))
/opt/share/miniconda3/envs/mofmthnn/lib/python3.9/site-packages/pymatgen/io/cif.py:1229: UserWarning: Issues encountered while parsing CIF: 2 fractional coordinates rounded to ideal values to avoid issues with finite precision.
  warnings.warn("Issues encountered while parsing CIF: " + "\n".join(self.warnings))
==============================
*** Open Babel Warning  in PerceiveBondOrders
  Failed to kekulize aromatic bonds in OBMol::PerceiveBondOrders (title is /home/zhangsd/repos/MOFSNN/CGCNN_MT/data/CoREMOF2019/clean_cifs/OGOWAJ_clean)

/opt/share/miniconda3/envs/mofmthnn/lib/python3.9/site-packages/pymatgen/io/cif.py:1229: UserWarning: Issues encountered while parsing CIF: 2 fractional coordinates rounded to ideal values to avoid issues with finite precision.
  warnings.warn("Issues encountered while parsing CIF: " + "\n".join(self.warnings))
==============================
*** Open Babel Warning  in PerceiveBondOrders
  Failed to kekulize aromatic bonds in OBMol::PerceiveBondOrders (title is /home/zhangsd/repos/MOFSNN/CGCNN_MT/data/CoREMOF2019/clean_cifs/MIFNUM_clean)

/opt/share/miniconda3/envs/mofmthnn/lib/python3.9/site-packages/pymatgen/io/cif.py:1229: UserWarning: Issues encountered while parsing CIF: 2 fractional coordinates rounded to ideal values to avoid issues with finite precision.
  warnings.warn("Issues encountered while parsing CIF: " + "\n".join(self.warnings))
==============================
*** Open Babel Warning  in PerceiveBondOrders
  Failed to kekulize aromatic bonds in OBMol::PerceiveBondOrders (title is /home/zhangsd/repos/MOFSNN/CGCNN_MT/data/CoREMOF2019/clean_cifs/GALCAZ_clean)

==============================
*** Open Babel Warning  in PerceiveBondOrders
  Failed to kekulize aromatic bonds in OBMol::PerceiveBondOrders (title is /home/zhangsd/repos/MOFSNN/CGCNN_MT/data/CoREMOF2019/clean_cifs/HORCOH_clean)

/opt/share/miniconda3/envs/mofmthnn/lib/python3.9/site-packages/pymatgen/io/cif.py:1229: UserWarning: Issues encountered while parsing CIF: 14 fractional coordinates rounded to ideal values to avoid issues with finite precision.
  warnings.warn("Issues encountered while parsing CIF: " + "\n".join(self.warnings))
==============================
*** Open Babel Warning  in PerceiveBondOrders
  Failed to kekulize aromatic bonds in OBMol::PerceiveBondOrders (title is /home/zhangsd/repos/MOFSNN/CGCNN_MT/data/CoREMOF2019/clean_cifs/SOPLIU_clean)

==============================
*** Open Babel Warning  in PerceiveBondOrders
  Failed to kekulize aromatic bonds in OBMol::PerceiveBondOrders (title is /home/zhangsd/repos/MOFSNN/CGCNN_MT/data/CoREMOF2019/clean_cifs/UQOWUU_clean)

==============================
*** Open Babel Warning  in PerceiveBondOrders
  Failed to kekulize aromatic bonds in OBMol::PerceiveBondOrders (title is /home/zhangsd/repos/MOFSNN/CGCNN_MT/data/CoREMOF2019/clean_cifs/GEVYEN_clean)

==============================
*** Open Babel Warning  in PerceiveBondOrders
  Failed to kekulize aromatic bonds in OBMol::PerceiveBondOrders (title is /home/zhangsd/repos/MOFSNN/CGCNN_MT/data/CoREMOF2019/clean_cifs/FOFTIF_clean)

==============================
*** Open Babel Warning  in PerceiveBondOrders
  Failed to kekulize aromatic bonds in OBMol::PerceiveBondOrders (title is /home/zhangsd/repos/MOFSNN/CGCNN_MT/data/CoREMOF2019/clean_cifs/TIJPOT_clean)

==============================
*** Open Babel Warning  in PerceiveBondOrders
  Failed to kekulize aromatic bonds in OBMol::PerceiveBondOrders (title is /home/zhangsd/repos/MOFSNN/CGCNN_MT/data/CoREMOF2019/clean_cifs/QEFWUV_clean)

==============================
*** Open Babel Warning  in PerceiveBondOrders
  Failed to kekulize aromatic bonds in OBMol::PerceiveBondOrders (title is /home/zhangsd/repos/MOFSNN/CGCNN_MT/data/CoREMOF2019/clean_cifs/UXUZAP_clean)

/opt/share/miniconda3/envs/mofmthnn/lib/python3.9/site-packages/pymatgen/io/cif.py:1229: UserWarning: Issues encountered while parsing CIF: 16 fractional coordinates rounded to ideal values to avoid issues with finite precision.
  warnings.warn("Issues encountered while parsing CIF: " + "\n".join(self.warnings))
==============================
*** Open Babel Warning  in PerceiveBondOrders
  Failed to kekulize aromatic bonds in OBMol::PerceiveBondOrders (title is /home/zhangsd/repos/MOFSNN/CGCNN_MT/data/CoREMOF2019/clean_cifs/BIZMII_clean)

/opt/share/miniconda3/envs/mofmthnn/lib/python3.9/site-packages/pymatgen/io/cif.py:1229: UserWarning: Issues encountered while parsing CIF: 2 fractional coordinates rounded to ideal values to avoid issues with finite precision.
  warnings.warn("Issues encountered while parsing CIF: " + "\n".join(self.warnings))
==============================
*** Open Babel Warning  in PerceiveBondOrders
  Failed to kekulize aromatic bonds in OBMol::PerceiveBondOrders (title is /home/zhangsd/repos/MOFSNN/CGCNN_MT/data/CoREMOF2019/clean_cifs/WAHKUO_clean)

/opt/share/miniconda3/envs/mofmthnn/lib/python3.9/site-packages/pymatgen/io/cif.py:1229: UserWarning: Issues encountered while parsing CIF: 1 fractional coordinates rounded to ideal values to avoid issues with finite precision.
  warnings.warn("Issues encountered while parsing CIF: " + "\n".join(self.warnings))
==============================
*** Open Babel Warning  in PerceiveBondOrders
  Failed to kekulize aromatic bonds in OBMol::PerceiveBondOrders (title is /home/zhangsd/repos/MOFSNN/CGCNN_MT/data/CoREMOF2019/clean_cifs/CUMKIG03_clean)

==============================
*** Open Babel Warning  in PerceiveBondOrders
  Failed to kekulize aromatic bonds in OBMol::PerceiveBondOrders (title is /home/zhangsd/repos/MOFSNN/CGCNN_MT/data/CoREMOF2019/clean_cifs/FATVOM_clean)

/opt/share/miniconda3/envs/mofmthnn/lib/python3.9/site-packages/pymatgen/io/cif.py:1229: UserWarning: Issues encountered while parsing CIF: 6 fractional coordinates rounded to ideal values to avoid issues with finite precision.
  warnings.warn("Issues encountered while parsing CIF: " + "\n".join(self.warnings))
==============================
*** Open Babel Warning  in PerceiveBondOrders
  Failed to kekulize aromatic bonds in OBMol::PerceiveBondOrders (title is /home/zhangsd/repos/MOFSNN/CGCNN_MT/data/CoREMOF2019/clean_cifs/ROSCEH_clean)

/opt/share/miniconda3/envs/mofmthnn/lib/python3.9/site-packages/pymatgen/io/cif.py:1229: UserWarning: Issues encountered while parsing CIF: 2 fractional coordinates rounded to ideal values to avoid issues with finite precision.
  warnings.warn("Issues encountered while parsing CIF: " + "\n".join(self.warnings))
==============================
*** Open Babel Warning  in PerceiveBondOrders
  Failed to kekulize aromatic bonds in OBMol::PerceiveBondOrders (title is /home/zhangsd/repos/MOFSNN/CGCNN_MT/data/CoREMOF2019/clean_cifs/CIPCUB_clean)

==============================
*** Open Babel Warning  in PerceiveBondOrders
  Failed to kekulize aromatic bonds in OBMol::PerceiveBondOrders (title is /home/zhangsd/repos/MOFSNN/CGCNN_MT/data/CoREMOF2019/clean_cifs/LIFSEA_clean)

==============================
*** Open Babel Warning  in PerceiveBondOrders
  Failed to kekulize aromatic bonds in OBMol::PerceiveBondOrders (title is /home/zhangsd/repos/MOFSNN/CGCNN_MT/data/CoREMOF2019/clean_cifs/OKIVAG_charged)

/opt/share/miniconda3/envs/mofmthnn/lib/python3.9/site-packages/ase/io/cif.py:401: UserWarning: crystal system 'triclinic' is not interpreted for space group Spacegroup(1, setting=1). This may result in wrong setting!
  warnings.warn(
==============================
*** Open Babel Warning  in PerceiveBondOrders
  Failed to kekulize aromatic bonds in OBMol::PerceiveBondOrders (title is /home/zhangsd/repos/MOFSNN/CGCNN_MT/data/CoREMOF2019/clean_cifs/WAJLEA_charged)

/opt/share/miniconda3/envs/mofmthnn/lib/python3.9/site-packages/pymatgen/io/cif.py:1229: UserWarning: Issues encountered while parsing CIF: 1 fractional coordinates rounded to ideal values to avoid issues with finite precision.
  warnings.warn("Issues encountered while parsing CIF: " + "\n".join(self.warnings))
==============================
*** Open Babel Warning  in PerceiveBondOrders
  Failed to kekulize aromatic bonds in OBMol::PerceiveBondOrders (title is /home/zhangsd/repos/MOFSNN/CGCNN_MT/data/CoREMOF2019/clean_cifs/LECFAC_clean)

==============================
*** Open Babel Warning  in PerceiveBondOrders
  Failed to kekulize aromatic bonds in OBMol::PerceiveBondOrders (title is /home/zhangsd/repos/MOFSNN/CGCNN_MT/data/CoREMOF2019/clean_cifs/VUGXUS_clean)

==============================
*** Open Babel Warning  in PerceiveBondOrders
  Failed to kekulize aromatic bonds in OBMol::PerceiveBondOrders (title is /home/zhangsd/repos/MOFSNN/CGCNN_MT/data/CoREMOF2019/clean_cifs/BAQWOI_clean)

==============================
*** Open Babel Warning  in PerceiveBondOrders
  Failed to kekulize aromatic bonds in OBMol::PerceiveBondOrders (title is /home/zhangsd/repos/MOFSNN/CGCNN_MT/data/CoREMOF2019/clean_cifs/VAHJIA_clean)

==============================
*** Open Babel Warning  in PerceiveBondOrders
  Failed to kekulize aromatic bonds in OBMol::PerceiveBondOrders (title is /home/zhangsd/repos/MOFSNN/CGCNN_MT/data/CoREMOF2019/clean_cifs/GIWBIY_charged)

==============================
*** Open Babel Warning  in PerceiveBondOrders
  Failed to kekulize aromatic bonds in OBMol::PerceiveBondOrders (title is /home/zhangsd/repos/MOFSNN/CGCNN_MT/data/CoREMOF2019/clean_cifs/VUGXIG_clean)

==============================
*** Open Babel Warning  in PerceiveBondOrders
  Failed to kekulize aromatic bonds in OBMol::PerceiveBondOrders (title is /home/zhangsd/repos/MOFSNN/CGCNN_MT/data/CoREMOF2019/clean_cifs/COTYIV_clean)

==============================
*** Open Babel Warning  in PerceiveBondOrders
  Failed to kekulize aromatic bonds in OBMol::PerceiveBondOrders (title is /home/zhangsd/repos/MOFSNN/CGCNN_MT/data/CoREMOF2019/clean_cifs/HEBKEG_clean)

==============================
*** Open Babel Warning  in PerceiveBondOrders
  Failed to kekulize aromatic bonds in OBMol::PerceiveBondOrders (title is /home/zhangsd/repos/MOFSNN/CGCNN_MT/data/CoREMOF2019/clean_cifs/cm0623918si20061006_115210_clean)

==============================
*** Open Babel Warning  in PerceiveBondOrders
  Failed to kekulize aromatic bonds in OBMol::PerceiveBondOrders (title is /home/zhangsd/repos/MOFSNN/CGCNN_MT/data/CoREMOF2019/clean_cifs/REDYEG_clean)

==============================
*** Open Babel Warning  in PerceiveBondOrders
  Failed to kekulize aromatic bonds in OBMol::PerceiveBondOrders (title is /home/zhangsd/repos/MOFSNN/CGCNN_MT/data/CoREMOF2019/clean_cifs/FUSQUH_clean)

==============================
*** Open Babel Warning  in PerceiveBondOrders
  Failed to kekulize aromatic bonds in OBMol::PerceiveBondOrders (title is /home/zhangsd/repos/MOFSNN/CGCNN_MT/data/CoREMOF2019/clean_cifs/IBAQEJ_clean)

==============================
*** Open Babel Warning  in PerceiveBondOrders
  Failed to kekulize aromatic bonds in OBMol::PerceiveBondOrders (title is /home/zhangsd/repos/MOFSNN/CGCNN_MT/data/CoREMOF2019/clean_cifs/OSIXEU_clean)

==============================
*** Open Babel Warning  in PerceiveBondOrders
  Failed to kekulize aromatic bonds in OBMol::PerceiveBondOrders (title is /home/zhangsd/repos/MOFSNN/CGCNN_MT/data/CoREMOF2019/clean_cifs/TOZFOF_clean)

/opt/share/miniconda3/envs/mofmthnn/lib/python3.9/site-packages/pymatgen/io/cif.py:1229: UserWarning: Issues encountered while parsing CIF: 16 fractional coordinates rounded to ideal values to avoid issues with finite precision.
  warnings.warn("Issues encountered while parsing CIF: " + "\n".join(self.warnings))
==============================
*** Open Babel Warning  in PerceiveBondOrders
  Failed to kekulize aromatic bonds in OBMol::PerceiveBondOrders (title is /home/zhangsd/repos/MOFSNN/CGCNN_MT/data/CoREMOF2019/clean_cifs/INAMUG_clean)

==============================
*** Open Babel Warning  in PerceiveBondOrders
  Failed to kekulize aromatic bonds in OBMol::PerceiveBondOrders (title is /home/zhangsd/repos/MOFSNN/CGCNN_MT/data/CoREMOF2019/clean_cifs/VAHQAY_clean)

==============================
*** Open Babel Warning  in PerceiveBondOrders
  Failed to kekulize aromatic bonds in OBMol::PerceiveBondOrders (title is /home/zhangsd/repos/MOFSNN/CGCNN_MT/data/CoREMOF2019/clean_cifs/VEDFUH_clean)

==============================
*** Open Babel Warning  in PerceiveBondOrders
  Failed to kekulize aromatic bonds in OBMol::PerceiveBondOrders (title is /home/zhangsd/repos/MOFSNN/CGCNN_MT/data/CoREMOF2019/clean_cifs/PUMGIP_clean)

/opt/share/miniconda3/envs/mofmthnn/lib/python3.9/site-packages/pymatgen/io/cif.py:1229: UserWarning: Issues encountered while parsing CIF: 1 fractional coordinates rounded to ideal values to avoid issues with finite precision.
  warnings.warn("Issues encountered while parsing CIF: " + "\n".join(self.warnings))
==============================
*** Open Babel Warning  in PerceiveBondOrders
  Failed to kekulize aromatic bonds in OBMol::PerceiveBondOrders (title is /home/zhangsd/repos/MOFSNN/CGCNN_MT/data/CoREMOF2019/clean_cifs/KAHYUP_clean)

==============================
*** Open Babel Warning  in PerceiveBondOrders
  Failed to kekulize aromatic bonds in OBMol::PerceiveBondOrders (title is /home/zhangsd/repos/MOFSNN/CGCNN_MT/data/CoREMOF2019/clean_cifs/OVIZID_clean)

/opt/share/miniconda3/envs/mofmthnn/lib/python3.9/site-packages/pymatgen/io/cif.py:1229: UserWarning: Issues encountered while parsing CIF: 3 fractional coordinates rounded to ideal values to avoid issues with finite precision.
  warnings.warn("Issues encountered while parsing CIF: " + "\n".join(self.warnings))
==============================
*** Open Babel Warning  in PerceiveBondOrders
  Failed to kekulize aromatic bonds in OBMol::PerceiveBondOrders (title is /home/zhangsd/repos/MOFSNN/CGCNN_MT/data/CoREMOF2019/clean_cifs/XANXUF_clean)

/opt/share/miniconda3/envs/mofmthnn/lib/python3.9/site-packages/pymatgen/io/cif.py:1229: UserWarning: Issues encountered while parsing CIF: 3 fractional coordinates rounded to ideal values to avoid issues with finite precision.
  warnings.warn("Issues encountered while parsing CIF: " + "\n".join(self.warnings))
==============================
*** Open Babel Warning  in PerceiveBondOrders
  Failed to kekulize aromatic bonds in OBMol::PerceiveBondOrders (title is /home/zhangsd/repos/MOFSNN/CGCNN_MT/data/CoREMOF2019/clean_cifs/VUDXID_clean)

==============================
*** Open Babel Warning  in PerceiveBondOrders
  Failed to kekulize aromatic bonds in OBMol::PerceiveBondOrders (title is /home/zhangsd/repos/MOFSNN/CGCNN_MT/data/CoREMOF2019/clean_cifs/SAKDAM01_clean)

==============================
*** Open Babel Warning  in PerceiveBondOrders
  Failed to kekulize aromatic bonds in OBMol::PerceiveBondOrders (title is /home/zhangsd/repos/MOFSNN/CGCNN_MT/data/CoREMOF2019/clean_cifs/RIZNIY01_clean)

==============================
*** Open Babel Warning  in PerceiveBondOrders
  Failed to kekulize aromatic bonds in OBMol::PerceiveBondOrders (title is /home/zhangsd/repos/MOFSNN/CGCNN_MT/data/CoREMOF2019/clean_cifs/FAHQEN_clean)

==============================
*** Open Babel Warning  in PerceiveBondOrders
  Failed to kekulize aromatic bonds in OBMol::PerceiveBondOrders (title is /home/zhangsd/repos/MOFSNN/CGCNN_MT/data/CoREMOF2019/clean_cifs/SEHMUO_clean)

==============================
*** Open Babel Warning  in PerceiveBondOrders
  Failed to kekulize aromatic bonds in OBMol::PerceiveBondOrders (title is /home/zhangsd/repos/MOFSNN/CGCNN_MT/data/CoREMOF2019/clean_cifs/FIMYUX_clean)

==============================
*** Open Babel Warning  in PerceiveBondOrders
  Failed to kekulize aromatic bonds in OBMol::PerceiveBondOrders (title is /home/zhangsd/repos/MOFSNN/CGCNN_MT/data/CoREMOF2019/clean_cifs/VACFUB01_clean)

==============================
*** Open Babel Warning  in PerceiveBondOrders
  Failed to kekulize aromatic bonds in OBMol::PerceiveBondOrders (title is /home/zhangsd/repos/MOFSNN/CGCNN_MT/data/CoREMOF2019/clean_cifs/MOSGIM_clean)

==============================
*** Open Babel Warning  in PerceiveBondOrders
  Failed to kekulize aromatic bonds in OBMol::PerceiveBondOrders (title is /home/zhangsd/repos/MOFSNN/CGCNN_MT/data/CoREMOF2019/clean_cifs/MIHHOA_clean)

==============================
*** Open Babel Warning  in PerceiveBondOrders
  Failed to kekulize aromatic bonds in OBMol::PerceiveBondOrders (title is /home/zhangsd/repos/MOFSNN/CGCNN_MT/data/CoREMOF2019/clean_cifs/HUZXIL_clean)

==============================
*** Open Babel Warning  in PerceiveBondOrders
  Failed to kekulize aromatic bonds in OBMol::PerceiveBondOrders (title is /home/zhangsd/repos/MOFSNN/CGCNN_MT/data/CoREMOF2019/clean_cifs/MOHSEJ_clean)

/opt/share/miniconda3/envs/mofmthnn/lib/python3.9/site-packages/pymatgen/io/cif.py:1229: UserWarning: Issues encountered while parsing CIF: 1 fractional coordinates rounded to ideal values to avoid issues with finite precision.
  warnings.warn("Issues encountered while parsing CIF: " + "\n".join(self.warnings))
/opt/share/miniconda3/envs/mofmthnn/lib/python3.9/site-packages/pymatgen/io/cif.py:1229: UserWarning: Issues encountered while parsing CIF: 30 fractional coordinates rounded to ideal values to avoid issues with finite precision.
  warnings.warn("Issues encountered while parsing CIF: " + "\n".join(self.warnings))
==============================
*** Open Babel Warning  in PerceiveBondOrders
  Failed to kekulize aromatic bonds in OBMol::PerceiveBondOrders (title is /home/zhangsd/repos/MOFSNN/CGCNN_MT/data/CoREMOF2019/clean_cifs/WOLRIZ_clean)

==============================
*** Open Babel Warning  in PerceiveBondOrders
  Failed to kekulize aromatic bonds in OBMol::PerceiveBondOrders (title is /home/zhangsd/repos/MOFSNN/CGCNN_MT/data/CoREMOF2019/clean_cifs/PAVLOO_clean)

==============================
*** Open Babel Warning  in PerceiveBondOrders
  Failed to kekulize aromatic bonds in OBMol::PerceiveBondOrders (title is /home/zhangsd/repos/MOFSNN/CGCNN_MT/data/CoREMOF2019/clean_cifs/WIKYAQ_clean)

==============================
*** Open Babel Warning  in PerceiveBondOrders
  Failed to kekulize aromatic bonds in OBMol::PerceiveBondOrders (title is /home/zhangsd/repos/MOFSNN/CGCNN_MT/data/CoREMOF2019/clean_cifs/VIZMUO_clean)

==============================
*** Open Babel Warning  in PerceiveBondOrders
  Failed to kekulize aromatic bonds in OBMol::PerceiveBondOrders (title is /home/zhangsd/repos/MOFSNN/CGCNN_MT/data/CoREMOF2019/clean_cifs/acs.inorgchem.6b01740_ic6b01740_si_002_clean)

==============================
*** Open Babel Warning  in PerceiveBondOrders
  Failed to kekulize aromatic bonds in OBMol::PerceiveBondOrders (title is /home/zhangsd/repos/MOFSNN/CGCNN_MT/data/CoREMOF2019/clean_cifs/IDAGOL_clean)

==============================
*** Open Babel Warning  in PerceiveBondOrders
  Failed to kekulize aromatic bonds in OBMol::PerceiveBondOrders (title is /home/zhangsd/repos/MOFSNN/CGCNN_MT/data/CoREMOF2019/clean_cifs/FARFUA_clean)

==============================
*** Open Babel Warning  in PerceiveBondOrders
  Failed to kekulize aromatic bonds in OBMol::PerceiveBondOrders (title is /home/zhangsd/repos/MOFSNN/CGCNN_MT/data/CoREMOF2019/clean_cifs/JUGLAA_clean)

==============================
*** Open Babel Warning  in PerceiveBondOrders
  Failed to kekulize aromatic bonds in OBMol::PerceiveBondOrders (title is /home/zhangsd/repos/MOFSNN/CGCNN_MT/data/CoREMOF2019/clean_cifs/c5dt00281h_c5dt00281h2_clean)

==============================
*** Open Babel Warning  in PerceiveBondOrders
  Failed to kekulize aromatic bonds in OBMol::PerceiveBondOrders (title is /home/zhangsd/repos/MOFSNN/CGCNN_MT/data/CoREMOF2019/clean_cifs/OLODEA_clean)

/opt/share/miniconda3/envs/mofmthnn/lib/python3.9/site-packages/pymatgen/io/cif.py:1229: UserWarning: Issues encountered while parsing CIF: 2 fractional coordinates rounded to ideal values to avoid issues with finite precision.
  warnings.warn("Issues encountered while parsing CIF: " + "\n".join(self.warnings))
==============================
*** Open Babel Warning  in PerceiveBondOrders
  Failed to kekulize aromatic bonds in OBMol::PerceiveBondOrders (title is /home/zhangsd/repos/MOFSNN/CGCNN_MT/data/CoREMOF2019/clean_cifs/IHUTIQ_clean)

==============================
*** Open Babel Warning  in PerceiveBondOrders
  Failed to kekulize aromatic bonds in OBMol::PerceiveBondOrders (title is /home/zhangsd/repos/MOFSNN/CGCNN_MT/data/CoREMOF2019/clean_cifs/QIFLIC_clean)

/opt/share/miniconda3/envs/mofmthnn/lib/python3.9/site-packages/pymatgen/io/cif.py:1229: UserWarning: Issues encountered while parsing CIF: 16 fractional coordinates rounded to ideal values to avoid issues with finite precision.
  warnings.warn("Issues encountered while parsing CIF: " + "\n".join(self.warnings))
/opt/share/miniconda3/envs/mofmthnn/lib/python3.9/site-packages/pymatgen/io/cif.py:1229: UserWarning: Issues encountered while parsing CIF: 2 fractional coordinates rounded to ideal values to avoid issues with finite precision.
  warnings.warn("Issues encountered while parsing CIF: " + "\n".join(self.warnings))
==============================
*** Open Babel Warning  in PerceiveBondOrders
  Failed to kekulize aromatic bonds in OBMol::PerceiveBondOrders (title is /home/zhangsd/repos/MOFSNN/CGCNN_MT/data/CoREMOF2019/clean_cifs/REJLAU_clean)

==============================
*** Open Babel Warning  in PerceiveBondOrders
  Failed to kekulize aromatic bonds in OBMol::PerceiveBondOrders (title is /home/zhangsd/repos/MOFSNN/CGCNN_MT/data/CoREMOF2019/clean_cifs/CAVREY_clean)

/opt/share/miniconda3/envs/mofmthnn/lib/python3.9/site-packages/pymatgen/io/cif.py:1229: UserWarning: Issues encountered while parsing CIF: 2 fractional coordinates rounded to ideal values to avoid issues with finite precision.
  warnings.warn("Issues encountered while parsing CIF: " + "\n".join(self.warnings))
==============================
*** Open Babel Warning  in PerceiveBondOrders
  Failed to kekulize aromatic bonds in OBMol::PerceiveBondOrders (title is /home/zhangsd/repos/MOFSNN/CGCNN_MT/data/CoREMOF2019/clean_cifs/QOZPOM_clean)

/opt/share/miniconda3/envs/mofmthnn/lib/python3.9/site-packages/pymatgen/io/cif.py:1229: UserWarning: Issues encountered while parsing CIF: 2 fractional coordinates rounded to ideal values to avoid issues with finite precision.
  warnings.warn("Issues encountered while parsing CIF: " + "\n".join(self.warnings))
==============================
*** Open Babel Warning  in PerceiveBondOrders
  Failed to kekulize aromatic bonds in OBMol::PerceiveBondOrders (title is /home/zhangsd/repos/MOFSNN/CGCNN_MT/data/CoREMOF2019/clean_cifs/LUXFEQ_charged)

==============================
*** Open Babel Warning  in PerceiveBondOrders
  Failed to kekulize aromatic bonds in OBMol::PerceiveBondOrders (title is /home/zhangsd/repos/MOFSNN/CGCNN_MT/data/CoREMOF2019/clean_cifs/ETIXIQ_clean)

==============================
*** Open Babel Warning  in PerceiveBondOrders
  Failed to kekulize aromatic bonds in OBMol::PerceiveBondOrders (title is /home/zhangsd/repos/MOFSNN/CGCNN_MT/data/CoREMOF2019/clean_cifs/NAVJAW_clean)

==============================
*** Open Babel Warning  in PerceiveBondOrders
  Failed to kekulize aromatic bonds in OBMol::PerceiveBondOrders (title is /home/zhangsd/repos/MOFSNN/CGCNN_MT/data/CoREMOF2019/clean_cifs/HOYROE_clean)

==============================
*** Open Babel Warning  in PerceiveBondOrders
  Failed to kekulize aromatic bonds in OBMol::PerceiveBondOrders (title is /home/zhangsd/repos/MOFSNN/CGCNN_MT/data/CoREMOF2019/clean_cifs/WEFCAN_clean)

/opt/share/miniconda3/envs/mofmthnn/lib/python3.9/site-packages/pymatgen/io/cif.py:1229: UserWarning: Issues encountered while parsing CIF: 1 fractional coordinates rounded to ideal values to avoid issues with finite precision.
  warnings.warn("Issues encountered while parsing CIF: " + "\n".join(self.warnings))
/opt/share/miniconda3/envs/mofmthnn/lib/python3.9/site-packages/pymatgen/io/cif.py:1229: UserWarning: Issues encountered while parsing CIF: 4 fractional coordinates rounded to ideal values to avoid issues with finite precision.
  warnings.warn("Issues encountered while parsing CIF: " + "\n".join(self.warnings))
==============================
*** Open Babel Warning  in PerceiveBondOrders
  Failed to kekulize aromatic bonds in OBMol::PerceiveBondOrders (title is /home/zhangsd/repos/MOFSNN/CGCNN_MT/data/CoREMOF2019/clean_cifs/SUXYOA_clean)

==============================
*** Open Babel Warning  in PerceiveBondOrders
  Failed to kekulize aromatic bonds in OBMol::PerceiveBondOrders (title is /home/zhangsd/repos/MOFSNN/CGCNN_MT/data/CoREMOF2019/clean_cifs/SODXUG_clean)

==============================
*** Open Babel Warning  in PerceiveBondOrders
  Failed to kekulize aromatic bonds in OBMol::PerceiveBondOrders (title is /home/zhangsd/repos/MOFSNN/CGCNN_MT/data/CoREMOF2019/clean_cifs/BIWSOQ_clean)

==============================
*** Open Babel Warning  in PerceiveBondOrders
  Failed to kekulize aromatic bonds in OBMol::PerceiveBondOrders (title is /home/zhangsd/repos/MOFSNN/CGCNN_MT/data/CoREMOF2019/clean_cifs/NUDLEF_clean)

==============================
*** Open Babel Warning  in PerceiveBondOrders
  Failed to kekulize aromatic bonds in OBMol::PerceiveBondOrders (title is /home/zhangsd/repos/MOFSNN/CGCNN_MT/data/CoREMOF2019/clean_cifs/XAPCUN_clean)

==============================
*** Open Babel Warning  in PerceiveBondOrders
  Failed to kekulize aromatic bonds in OBMol::PerceiveBondOrders (title is /home/zhangsd/repos/MOFSNN/CGCNN_MT/data/CoREMOF2019/clean_cifs/NOHHID_clean)

==============================
*** Open Babel Warning  in PerceiveBondOrders
  Failed to kekulize aromatic bonds in OBMol::PerceiveBondOrders (title is /home/zhangsd/repos/MOFSNN/CGCNN_MT/data/CoREMOF2019/clean_cifs/RUPNEW_clean)

/opt/share/miniconda3/envs/mofmthnn/lib/python3.9/site-packages/pymatgen/io/cif.py:1229: UserWarning: Issues encountered while parsing CIF: 4 fractional coordinates rounded to ideal values to avoid issues with finite precision.
  warnings.warn("Issues encountered while parsing CIF: " + "\n".join(self.warnings))
==============================
*** Open Babel Warning  in PerceiveBondOrders
  Failed to kekulize aromatic bonds in OBMol::PerceiveBondOrders (title is /home/zhangsd/repos/MOFSNN/CGCNN_MT/data/CoREMOF2019/clean_cifs/IZISEQ_clean)

==============================
*** Open Babel Warning  in PerceiveBondOrders
  Failed to kekulize aromatic bonds in OBMol::PerceiveBondOrders (title is /home/zhangsd/repos/MOFSNN/CGCNN_MT/data/CoREMOF2019/clean_cifs/KONSAJ_clean)

/opt/share/miniconda3/envs/mofmthnn/lib/python3.9/site-packages/pymatgen/io/cif.py:1229: UserWarning: Issues encountered while parsing CIF: 4 fractional coordinates rounded to ideal values to avoid issues with finite precision.
  warnings.warn("Issues encountered while parsing CIF: " + "\n".join(self.warnings))
==============================
*** Open Babel Warning  in PerceiveBondOrders
  Failed to kekulize aromatic bonds in OBMol::PerceiveBondOrders (title is /home/zhangsd/repos/MOFSNN/CGCNN_MT/data/CoREMOF2019/clean_cifs/VAMYEQ_clean)

==============================
*** Open Babel Warning  in PerceiveBondOrders
  Failed to kekulize aromatic bonds in OBMol::PerceiveBondOrders (title is /home/zhangsd/repos/MOFSNN/CGCNN_MT/data/CoREMOF2019/clean_cifs/FORQAF_clean)

==============================
*** Open Babel Warning  in PerceiveBondOrders
  Failed to kekulize aromatic bonds in OBMol::PerceiveBondOrders (title is /home/zhangsd/repos/MOFSNN/CGCNN_MT/data/CoREMOF2019/clean_cifs/FUSMOW_clean)

/opt/share/miniconda3/envs/mofmthnn/lib/python3.9/site-packages/pymatgen/io/cif.py:1229: UserWarning: Issues encountered while parsing CIF: 24 fractional coordinates rounded to ideal values to avoid issues with finite precision.
  warnings.warn("Issues encountered while parsing CIF: " + "\n".join(self.warnings))
==============================
*** Open Babel Warning  in PerceiveBondOrders
  Failed to kekulize aromatic bonds in OBMol::PerceiveBondOrders (title is /home/zhangsd/repos/MOFSNN/CGCNN_MT/data/CoREMOF2019/clean_cifs/OCILEU_clean)

==============================
*** Open Babel Warning  in PerceiveBondOrders
  Failed to kekulize aromatic bonds in OBMol::PerceiveBondOrders (title is /home/zhangsd/repos/MOFSNN/CGCNN_MT/data/CoREMOF2019/clean_cifs/JUZSEE_clean)

/opt/share/miniconda3/envs/mofmthnn/lib/python3.9/site-packages/pymatgen/io/cif.py:1229: UserWarning: Issues encountered while parsing CIF: 1 fractional coordinates rounded to ideal values to avoid issues with finite precision.
  warnings.warn("Issues encountered while parsing CIF: " + "\n".join(self.warnings))
==============================
*** Open Babel Warning  in PerceiveBondOrders
  Failed to kekulize aromatic bonds in OBMol::PerceiveBondOrders (title is /home/zhangsd/repos/MOFSNN/CGCNN_MT/data/CoREMOF2019/clean_cifs/INIRII_clean)

==============================
*** Open Babel Warning  in PerceiveBondOrders
  Failed to kekulize aromatic bonds in OBMol::PerceiveBondOrders (title is /home/zhangsd/repos/MOFSNN/CGCNN_MT/data/CoREMOF2019/clean_cifs/HOMRIL_clean)

/opt/share/miniconda3/envs/mofmthnn/lib/python3.9/site-packages/pymatgen/io/cif.py:1229: UserWarning: Issues encountered while parsing CIF: 40 fractional coordinates rounded to ideal values to avoid issues with finite precision.
  warnings.warn("Issues encountered while parsing CIF: " + "\n".join(self.warnings))
==============================
*** Open Babel Warning  in PerceiveBondOrders
  Failed to kekulize aromatic bonds in OBMol::PerceiveBondOrders (title is /home/zhangsd/repos/MOFSNN/CGCNN_MT/data/CoREMOF2019/clean_cifs/MATBEQ_clean)

==============================
*** Open Babel Warning  in PerceiveBondOrders
  Failed to kekulize aromatic bonds in OBMol::PerceiveBondOrders (title is /home/zhangsd/repos/MOFSNN/CGCNN_MT/data/CoREMOF2019/clean_cifs/HIWXER_clean)

==============================
*** Open Babel Warning  in PerceiveBondOrders
  Failed to kekulize aromatic bonds in OBMol::PerceiveBondOrders (title is /home/zhangsd/repos/MOFSNN/CGCNN_MT/data/CoREMOF2019/clean_cifs/EMAPAK_clean)

==============================
*** Open Babel Warning  in PerceiveBondOrders
  Failed to kekulize aromatic bonds in OBMol::PerceiveBondOrders (title is /home/zhangsd/repos/MOFSNN/CGCNN_MT/data/CoREMOF2019/clean_cifs/PITRIU_clean)

/opt/share/miniconda3/envs/mofmthnn/lib/python3.9/site-packages/pymatgen/io/cif.py:1229: UserWarning: Issues encountered while parsing CIF: 4 fractional coordinates rounded to ideal values to avoid issues with finite precision.
  warnings.warn("Issues encountered while parsing CIF: " + "\n".join(self.warnings))
/opt/share/miniconda3/envs/mofmthnn/lib/python3.9/site-packages/pymatgen/io/cif.py:1229: UserWarning: Issues encountered while parsing CIF: 8 fractional coordinates rounded to ideal values to avoid issues with finite precision.
  warnings.warn("Issues encountered while parsing CIF: " + "\n".join(self.warnings))
==============================
*** Open Babel Warning  in PerceiveBondOrders
  Failed to kekulize aromatic bonds in OBMol::PerceiveBondOrders (title is /home/zhangsd/repos/MOFSNN/CGCNN_MT/data/CoREMOF2019/clean_cifs/WANBOE_clean)

==============================
*** Open Babel Warning  in PerceiveBondOrders
  Failed to kekulize aromatic bonds in OBMol::PerceiveBondOrders (title is /home/zhangsd/repos/MOFSNN/CGCNN_MT/data/CoREMOF2019/clean_cifs/YOYVOZ_clean)

==============================
*** Open Babel Warning  in PerceiveBondOrders
  Failed to kekulize aromatic bonds in OBMol::PerceiveBondOrders (title is /home/zhangsd/repos/MOFSNN/CGCNN_MT/data/CoREMOF2019/clean_cifs/NISBEX_clean)

==============================
*** Open Babel Warning  in PerceiveBondOrders
  Failed to kekulize aromatic bonds in OBMol::PerceiveBondOrders (title is /home/zhangsd/repos/MOFSNN/CGCNN_MT/data/CoREMOF2019/clean_cifs/GIKQIC_clean)

==============================
*** Open Babel Warning  in PerceiveBondOrders
  Failed to kekulize aromatic bonds in OBMol::PerceiveBondOrders (title is /home/zhangsd/repos/MOFSNN/CGCNN_MT/data/CoREMOF2019/clean_cifs/GITVEL_clean)

==============================
*** Open Babel Warning  in PerceiveBondOrders
  Failed to kekulize aromatic bonds in OBMol::PerceiveBondOrders (title is /home/zhangsd/repos/MOFSNN/CGCNN_MT/data/CoREMOF2019/clean_cifs/ANEPIT_clean)

==============================
*** Open Babel Warning  in PerceiveBondOrders
  Failed to kekulize aromatic bonds in OBMol::PerceiveBondOrders (title is /home/zhangsd/repos/MOFSNN/CGCNN_MT/data/CoREMOF2019/clean_cifs/PAFNAO_clean)

==============================
*** Open Babel Warning  in PerceiveBondOrders
  Failed to kekulize aromatic bonds in OBMol::PerceiveBondOrders (title is /home/zhangsd/repos/MOFSNN/CGCNN_MT/data/CoREMOF2019/clean_cifs/NUDMEG_clean)

==============================
*** Open Babel Warning  in PerceiveBondOrders
  Failed to kekulize aromatic bonds in OBMol::PerceiveBondOrders (title is /home/zhangsd/repos/MOFSNN/CGCNN_MT/data/CoREMOF2019/clean_cifs/VOPHUF_clean)

==============================
*** Open Babel Warning  in PerceiveBondOrders
  Failed to kekulize aromatic bonds in OBMol::PerceiveBondOrders (title is /home/zhangsd/repos/MOFSNN/CGCNN_MT/data/CoREMOF2019/clean_cifs/HUFJID_clean)

==============================
*** Open Babel Warning  in PerceiveBondOrders
  Failed to kekulize aromatic bonds in OBMol::PerceiveBondOrders (title is /home/zhangsd/repos/MOFSNN/CGCNN_MT/data/CoREMOF2019/clean_cifs/YUVGOL_SL)

==============================
*** Open Babel Warning  in PerceiveBondOrders
  Failed to kekulize aromatic bonds in OBMol::PerceiveBondOrders (title is /home/zhangsd/repos/MOFSNN/CGCNN_MT/data/CoREMOF2019/clean_cifs/GOSKEG_clean)

==============================
*** Open Babel Warning  in PerceiveBondOrders
  Failed to kekulize aromatic bonds in OBMol::PerceiveBondOrders (title is /home/zhangsd/repos/MOFSNN/CGCNN_MT/data/CoREMOF2019/clean_cifs/DORFUM_clean)

==============================
*** Open Babel Warning  in PerceiveBondOrders
  Failed to kekulize aromatic bonds in OBMol::PerceiveBondOrders (title is /home/zhangsd/repos/MOFSNN/CGCNN_MT/data/CoREMOF2019/clean_cifs/YEGYIU_clean)

==============================
*** Open Babel Warning  in PerceiveBondOrders
  Failed to kekulize aromatic bonds in OBMol::PerceiveBondOrders (title is /home/zhangsd/repos/MOFSNN/CGCNN_MT/data/CoREMOF2019/clean_cifs/GORJEE_clean)

==============================
*** Open Babel Warning  in PerceiveBondOrders
  Failed to kekulize aromatic bonds in OBMol::PerceiveBondOrders (title is /home/zhangsd/repos/MOFSNN/CGCNN_MT/data/CoREMOF2019/clean_cifs/POSFIO_clean)

==============================
*** Open Babel Warning  in PerceiveBondOrders
  Failed to kekulize aromatic bonds in OBMol::PerceiveBondOrders (title is /home/zhangsd/repos/MOFSNN/CGCNN_MT/data/CoREMOF2019/clean_cifs/AWASOI_clean)

==============================
*** Open Babel Warning  in PerceiveBondOrders
  Failed to kekulize aromatic bonds in OBMol::PerceiveBondOrders (title is /home/zhangsd/repos/MOFSNN/CGCNN_MT/data/CoREMOF2019/clean_cifs/TANNUT_clean)

==============================
*** Open Babel Warning  in PerceiveBondOrders
  Failed to kekulize aromatic bonds in OBMol::PerceiveBondOrders (title is /home/zhangsd/repos/MOFSNN/CGCNN_MT/data/CoREMOF2019/clean_cifs/OPIPUZ_clean)

==============================
*** Open Babel Warning  in PerceiveBondOrders
  Failed to kekulize aromatic bonds in OBMol::PerceiveBondOrders (title is /home/zhangsd/repos/MOFSNN/CGCNN_MT/data/CoREMOF2019/clean_cifs/BEXSEE_clean)

/opt/share/miniconda3/envs/mofmthnn/lib/python3.9/site-packages/ase/io/cif.py:401: UserWarning: crystal system 'triclinic' is not interpreted for space group Spacegroup(1, setting=1). This may result in wrong setting!
  warnings.warn(
==============================
*** Open Babel Warning  in PerceiveBondOrders
  Failed to kekulize aromatic bonds in OBMol::PerceiveBondOrders (title is /home/zhangsd/repos/MOFSNN/CGCNN_MT/data/CoREMOF2019/clean_cifs/FEVDIV_clean)

==============================
*** Open Babel Warning  in PerceiveBondOrders
  Failed to kekulize aromatic bonds in OBMol::PerceiveBondOrders (title is /home/zhangsd/repos/MOFSNN/CGCNN_MT/data/CoREMOF2019/clean_cifs/VOZVAJ01_clean)

/opt/share/miniconda3/envs/mofmthnn/lib/python3.9/site-packages/pymatgen/io/cif.py:1229: UserWarning: Issues encountered while parsing CIF: 1 fractional coordinates rounded to ideal values to avoid issues with finite precision.
  warnings.warn("Issues encountered while parsing CIF: " + "\n".join(self.warnings))
==============================
*** Open Babel Warning  in PerceiveBondOrders
  Failed to kekulize aromatic bonds in OBMol::PerceiveBondOrders (title is /home/zhangsd/repos/MOFSNN/CGCNN_MT/data/CoREMOF2019/clean_cifs/TUBWEU_clean)

==============================
*** Open Babel Warning  in PerceiveBondOrders
  Failed to kekulize aromatic bonds in OBMol::PerceiveBondOrders (title is /home/zhangsd/repos/MOFSNN/CGCNN_MT/data/CoREMOF2019/clean_cifs/WIPZEC_clean)

==============================
*** Open Babel Warning  in PerceiveBondOrders
  Failed to kekulize aromatic bonds in OBMol::PerceiveBondOrders (title is /home/zhangsd/repos/MOFSNN/CGCNN_MT/data/CoREMOF2019/clean_cifs/OSOMIT_clean)

==============================
*** Open Babel Warning  in PerceiveBondOrders
  Failed to kekulize aromatic bonds in OBMol::PerceiveBondOrders (title is /home/zhangsd/repos/MOFSNN/CGCNN_MT/data/CoREMOF2019/clean_cifs/XEKDUO_clean)

==============================
*** Open Babel Warning  in PerceiveBondOrders
  Failed to kekulize aromatic bonds in OBMol::PerceiveBondOrders (title is /home/zhangsd/repos/MOFSNN/CGCNN_MT/data/CoREMOF2019/clean_cifs/OCIMEV_clean)

==============================
*** Open Babel Warning  in PerceiveBondOrders
  Failed to kekulize aromatic bonds in OBMol::PerceiveBondOrders (title is /home/zhangsd/repos/MOFSNN/CGCNN_MT/data/CoREMOF2019/clean_cifs/EXUSAT_clean)

==============================
*** Open Babel Warning  in PerceiveBondOrders
  Failed to kekulize aromatic bonds in OBMol::PerceiveBondOrders (title is /home/zhangsd/repos/MOFSNN/CGCNN_MT/data/CoREMOF2019/clean_cifs/EJULUS_clean)

==============================
*** Open Babel Warning  in PerceiveBondOrders
  Failed to kekulize aromatic bonds in OBMol::PerceiveBondOrders (title is /home/zhangsd/repos/MOFSNN/CGCNN_MT/data/CoREMOF2019/clean_cifs/acs.inorgchem.6b02514_ic6b02514_si_002_clean)

==============================
*** Open Babel Warning  in PerceiveBondOrders
  Failed to kekulize aromatic bonds in OBMol::PerceiveBondOrders (title is /home/zhangsd/repos/MOFSNN/CGCNN_MT/data/CoREMOF2019/clean_cifs/BUSTAM_clean)

==============================
*** Open Babel Warning  in PerceiveBondOrders
  Failed to kekulize aromatic bonds in OBMol::PerceiveBondOrders (title is /home/zhangsd/repos/MOFSNN/CGCNN_MT/data/CoREMOF2019/clean_cifs/COPXOV_clean)

==============================
*** Open Babel Warning  in PerceiveBondOrders
  Failed to kekulize aromatic bonds in OBMol::PerceiveBondOrders (title is /home/zhangsd/repos/MOFSNN/CGCNN_MT/data/CoREMOF2019/clean_cifs/COXCUP_clean)

==============================
*** Open Babel Warning  in PerceiveBondOrders
  Failed to kekulize aromatic bonds in OBMol::PerceiveBondOrders (title is /home/zhangsd/repos/MOFSNN/CGCNN_MT/data/CoREMOF2019/clean_cifs/XATZUQ_clean)

==============================
*** Open Babel Warning  in PerceiveBondOrders
  Failed to kekulize aromatic bonds in OBMol::PerceiveBondOrders (title is /home/zhangsd/repos/MOFSNN/CGCNN_MT/data/CoREMOF2019/clean_cifs/SOYFUJ_clean)

==============================
*** Open Babel Warning  in PerceiveBondOrders
  Failed to kekulize aromatic bonds in OBMol::PerceiveBondOrders (title is /home/zhangsd/repos/MOFSNN/CGCNN_MT/data/CoREMOF2019/clean_cifs/BARZUR_clean)

==============================
*** Open Babel Warning  in PerceiveBondOrders
  Failed to kekulize aromatic bonds in OBMol::PerceiveBondOrders (title is /home/zhangsd/repos/MOFSNN/CGCNN_MT/data/CoREMOF2019/clean_cifs/ESAROH_clean)

/opt/share/miniconda3/envs/mofmthnn/lib/python3.9/site-packages/pymatgen/io/cif.py:1229: UserWarning: Issues encountered while parsing CIF: 32 fractional coordinates rounded to ideal values to avoid issues with finite precision.
  warnings.warn("Issues encountered while parsing CIF: " + "\n".join(self.warnings))
/opt/share/miniconda3/envs/mofmthnn/lib/python3.9/site-packages/pymatgen/io/cif.py:1229: UserWarning: Issues encountered while parsing CIF: 4 fractional coordinates rounded to ideal values to avoid issues with finite precision.
  warnings.warn("Issues encountered while parsing CIF: " + "\n".join(self.warnings))
==============================
*** Open Babel Warning  in PerceiveBondOrders
  Failed to kekulize aromatic bonds in OBMol::PerceiveBondOrders (title is /home/zhangsd/repos/MOFSNN/CGCNN_MT/data/CoREMOF2019/clean_cifs/ZEFLAZ01_clean)

==============================
*** Open Babel Warning  in PerceiveBondOrders
  Failed to kekulize aromatic bonds in OBMol::PerceiveBondOrders (title is /home/zhangsd/repos/MOFSNN/CGCNN_MT/data/CoREMOF2019/clean_cifs/LUQGAG_clean)

==============================
*** Open Babel Warning  in PerceiveBondOrders
  Failed to kekulize aromatic bonds in OBMol::PerceiveBondOrders (title is /home/zhangsd/repos/MOFSNN/CGCNN_MT/data/CoREMOF2019/clean_cifs/UGOFED_clean)

/opt/share/miniconda3/envs/mofmthnn/lib/python3.9/site-packages/pymatgen/io/cif.py:1229: UserWarning: Issues encountered while parsing CIF: 4 fractional coordinates rounded to ideal values to avoid issues with finite precision.
  warnings.warn("Issues encountered while parsing CIF: " + "\n".join(self.warnings))
==============================
*** Open Babel Warning  in PerceiveBondOrders
  Failed to kekulize aromatic bonds in OBMol::PerceiveBondOrders (title is /home/zhangsd/repos/MOFSNN/CGCNN_MT/data/CoREMOF2019/clean_cifs/BASSUL_clean)

==============================
*** Open Babel Warning  in PerceiveBondOrders
  Failed to kekulize aromatic bonds in OBMol::PerceiveBondOrders (title is /home/zhangsd/repos/MOFSNN/CGCNN_MT/data/CoREMOF2019/clean_cifs/PEGCAH_clean)

==============================
*** Open Babel Warning  in PerceiveBondOrders
  Failed to kekulize aromatic bonds in OBMol::PerceiveBondOrders (title is /home/zhangsd/repos/MOFSNN/CGCNN_MT/data/CoREMOF2019/clean_cifs/VEHNAZ_charged)

==============================
*** Open Babel Warning  in PerceiveBondOrders
  Failed to kekulize aromatic bonds in OBMol::PerceiveBondOrders (title is /home/zhangsd/repos/MOFSNN/CGCNN_MT/data/CoREMOF2019/clean_cifs/WUDQIW_clean)

==============================
*** Open Babel Warning  in PerceiveBondOrders
  Failed to kekulize aromatic bonds in OBMol::PerceiveBondOrders (title is /home/zhangsd/repos/MOFSNN/CGCNN_MT/data/CoREMOF2019/clean_cifs/QODHUO06_clean)

==============================
*** Open Babel Warning  in PerceiveBondOrders
  Failed to kekulize aromatic bonds in OBMol::PerceiveBondOrders (title is /home/zhangsd/repos/MOFSNN/CGCNN_MT/data/CoREMOF2019/clean_cifs/EBIDIE_charged)

==============================
*** Open Babel Warning  in PerceiveBondOrders
  Failed to kekulize aromatic bonds in OBMol::PerceiveBondOrders (title is /home/zhangsd/repos/MOFSNN/CGCNN_MT/data/CoREMOF2019/clean_cifs/EVOMOR01_clean)

==============================
*** Open Babel Warning  in PerceiveBondOrders
  Failed to kekulize aromatic bonds in OBMol::PerceiveBondOrders (title is /home/zhangsd/repos/MOFSNN/CGCNN_MT/data/CoREMOF2019/clean_cifs/BUXTUL_clean)

/opt/share/miniconda3/envs/mofmthnn/lib/python3.9/site-packages/pymatgen/io/cif.py:1229: UserWarning: Issues encountered while parsing CIF: 12 fractional coordinates rounded to ideal values to avoid issues with finite precision.
  warnings.warn("Issues encountered while parsing CIF: " + "\n".join(self.warnings))
/opt/share/miniconda3/envs/mofmthnn/lib/python3.9/site-packages/pymatgen/io/cif.py:1229: UserWarning: Issues encountered while parsing CIF: 8 fractional coordinates rounded to ideal values to avoid issues with finite precision.
  warnings.warn("Issues encountered while parsing CIF: " + "\n".join(self.warnings))
==============================
*** Open Babel Warning  in PerceiveBondOrders
  Failed to kekulize aromatic bonds in OBMol::PerceiveBondOrders (title is /home/zhangsd/repos/MOFSNN/CGCNN_MT/data/CoREMOF2019/clean_cifs/ADOBOL_charged)

==============================
*** Open Babel Warning  in PerceiveBondOrders
  Failed to kekulize aromatic bonds in OBMol::PerceiveBondOrders (title is /home/zhangsd/repos/MOFSNN/CGCNN_MT/data/CoREMOF2019/clean_cifs/PIGHIX01_clean)

==============================
*** Open Babel Warning  in PerceiveBondOrders
  Failed to kekulize aromatic bonds in OBMol::PerceiveBondOrders (title is /home/zhangsd/repos/MOFSNN/CGCNN_MT/data/CoREMOF2019/clean_cifs/EZESAF_clean)

==============================
*** Open Babel Warning  in PerceiveBondOrders
  Failed to kekulize aromatic bonds in OBMol::PerceiveBondOrders (title is /home/zhangsd/repos/MOFSNN/CGCNN_MT/data/CoREMOF2019/clean_cifs/NARNUS_clean)

/opt/share/miniconda3/envs/mofmthnn/lib/python3.9/site-packages/pymatgen/io/cif.py:1229: UserWarning: Issues encountered while parsing CIF: 1 fractional coordinates rounded to ideal values to avoid issues with finite precision.
  warnings.warn("Issues encountered while parsing CIF: " + "\n".join(self.warnings))
==============================
*** Open Babel Warning  in PerceiveBondOrders
  Failed to kekulize aromatic bonds in OBMol::PerceiveBondOrders (title is /home/zhangsd/repos/MOFSNN/CGCNN_MT/data/CoREMOF2019/clean_cifs/SOCNAB_clean)

==============================
*** Open Babel Warning  in PerceiveBondOrders
  Failed to kekulize aromatic bonds in OBMol::PerceiveBondOrders (title is /home/zhangsd/repos/MOFSNN/CGCNN_MT/data/CoREMOF2019/clean_cifs/DEYJOI_clean)

==============================
*** Open Babel Warning  in PerceiveBondOrders
  Failed to kekulize aromatic bonds in OBMol::PerceiveBondOrders (title is /home/zhangsd/repos/MOFSNN/CGCNN_MT/data/CoREMOF2019/clean_cifs/ic060030osi20060309_091447_clean)

==============================
*** Open Babel Warning  in PerceiveBondOrders
  Failed to kekulize aromatic bonds in OBMol::PerceiveBondOrders (title is /home/zhangsd/repos/MOFSNN/CGCNN_MT/data/CoREMOF2019/clean_cifs/BEGDEY_clean)

==============================
*** Open Babel Warning  in PerceiveBondOrders
  Failed to kekulize aromatic bonds in OBMol::PerceiveBondOrders (title is /home/zhangsd/repos/MOFSNN/CGCNN_MT/data/CoREMOF2019/clean_cifs/TIDKAS_clean)

==============================
*** Open Babel Warning  in PerceiveBondOrders
  Failed to kekulize aromatic bonds in OBMol::PerceiveBondOrders (title is /home/zhangsd/repos/MOFSNN/CGCNN_MT/data/CoREMOF2019/clean_cifs/BUXNOZ_clean)

==============================
*** Open Babel Warning  in PerceiveBondOrders
  Failed to kekulize aromatic bonds in OBMol::PerceiveBondOrders (title is /home/zhangsd/repos/MOFSNN/CGCNN_MT/data/CoREMOF2019/clean_cifs/BUSQEM_clean)

==============================
*** Open Babel Warning  in PerceiveBondOrders
  Failed to kekulize aromatic bonds in OBMol::PerceiveBondOrders (title is /home/zhangsd/repos/MOFSNN/CGCNN_MT/data/CoREMOF2019/clean_cifs/HABCIZ_clean)

==============================
*** Open Babel Warning  in PerceiveBondOrders
  Failed to kekulize aromatic bonds in OBMol::PerceiveBondOrders (title is /home/zhangsd/repos/MOFSNN/CGCNN_MT/data/CoREMOF2019/clean_cifs/WAKSOT_clean)

==============================
*** Open Babel Warning  in PerceiveBondOrders
  Failed to kekulize aromatic bonds in OBMol::PerceiveBondOrders (title is /home/zhangsd/repos/MOFSNN/CGCNN_MT/data/CoREMOF2019/clean_cifs/WOTLOI_clean)

==============================
*** Open Babel Warning  in PerceiveBondOrders
  Failed to kekulize aromatic bonds in OBMol::PerceiveBondOrders (title is /home/zhangsd/repos/MOFSNN/CGCNN_MT/data/CoREMOF2019/clean_cifs/FAGMEI_clean)

==============================
*** Open Babel Warning  in PerceiveBondOrders
  Failed to kekulize aromatic bonds in OBMol::PerceiveBondOrders (title is /home/zhangsd/repos/MOFSNN/CGCNN_MT/data/CoREMOF2019/clean_cifs/MIMKIE_clean)

/opt/share/miniconda3/envs/mofmthnn/lib/python3.9/site-packages/pymatgen/io/cif.py:1229: UserWarning: Issues encountered while parsing CIF: 1 fractional coordinates rounded to ideal values to avoid issues with finite precision.
  warnings.warn("Issues encountered while parsing CIF: " + "\n".join(self.warnings))
/opt/share/miniconda3/envs/mofmthnn/lib/python3.9/site-packages/pymatgen/io/cif.py:1229: UserWarning: Issues encountered while parsing CIF: 2 fractional coordinates rounded to ideal values to avoid issues with finite precision.
  warnings.warn("Issues encountered while parsing CIF: " + "\n".join(self.warnings))
==============================
*** Open Babel Warning  in PerceiveBondOrders
  Failed to kekulize aromatic bonds in OBMol::PerceiveBondOrders (title is /home/zhangsd/repos/MOFSNN/CGCNN_MT/data/CoREMOF2019/clean_cifs/DOHYIJ01_clean)

==============================
*** Open Babel Warning  in PerceiveBondOrders
  Failed to kekulize aromatic bonds in OBMol::PerceiveBondOrders (title is /home/zhangsd/repos/MOFSNN/CGCNN_MT/data/CoREMOF2019/clean_cifs/VEDFAN_clean)

==============================
*** Open Babel Warning  in PerceiveBondOrders
  Failed to kekulize aromatic bonds in OBMol::PerceiveBondOrders (title is /home/zhangsd/repos/MOFSNN/CGCNN_MT/data/CoREMOF2019/clean_cifs/HUQHUY_clean)

/opt/share/miniconda3/envs/mofmthnn/lib/python3.9/site-packages/pymatgen/io/cif.py:1229: UserWarning: Issues encountered while parsing CIF: 24 fractional coordinates rounded to ideal values to avoid issues with finite precision.
  warnings.warn("Issues encountered while parsing CIF: " + "\n".join(self.warnings))
==============================
*** Open Babel Warning  in PerceiveBondOrders
  Failed to kekulize aromatic bonds in OBMol::PerceiveBondOrders (title is /home/zhangsd/repos/MOFSNN/CGCNN_MT/data/CoREMOF2019/clean_cifs/YUZBUS_clean)

==============================
*** Open Babel Warning  in PerceiveBondOrders
  Failed to kekulize aromatic bonds in OBMol::PerceiveBondOrders (title is /home/zhangsd/repos/MOFSNN/CGCNN_MT/data/CoREMOF2019/clean_cifs/REHRON_clean)

==============================
*** Open Babel Warning  in PerceiveBondOrders
  Failed to kekulize aromatic bonds in OBMol::PerceiveBondOrders (title is /home/zhangsd/repos/MOFSNN/CGCNN_MT/data/CoREMOF2019/clean_cifs/OJIWAG_clean)

==============================
*** Open Babel Warning  in PerceiveBondOrders
  Failed to kekulize aromatic bonds in OBMol::PerceiveBondOrders (title is /home/zhangsd/repos/MOFSNN/CGCNN_MT/data/CoREMOF2019/clean_cifs/MIHHIV_clean)

/opt/share/miniconda3/envs/mofmthnn/lib/python3.9/site-packages/pymatgen/io/cif.py:1229: UserWarning: Issues encountered while parsing CIF: 1 fractional coordinates rounded to ideal values to avoid issues with finite precision.
  warnings.warn("Issues encountered while parsing CIF: " + "\n".join(self.warnings))
==============================
*** Open Babel Warning  in PerceiveBondOrders
  Failed to kekulize aromatic bonds in OBMol::PerceiveBondOrders (title is /home/zhangsd/repos/MOFSNN/CGCNN_MT/data/CoREMOF2019/clean_cifs/QADWEA_clean)

==============================
*** Open Babel Warning  in PerceiveBondOrders
  Failed to kekulize aromatic bonds in OBMol::PerceiveBondOrders (title is /home/zhangsd/repos/MOFSNN/CGCNN_MT/data/CoREMOF2019/clean_cifs/VAGBUD_clean)

==============================
*** Open Babel Warning  in PerceiveBondOrders
  Failed to kekulize aromatic bonds in OBMol::PerceiveBondOrders (title is /home/zhangsd/repos/MOFSNN/CGCNN_MT/data/CoREMOF2019/clean_cifs/KUVMUL_clean)

==============================
*** Open Babel Warning  in PerceiveBondOrders
  Failed to kekulize aromatic bonds in OBMol::PerceiveBondOrders (title is /home/zhangsd/repos/MOFSNN/CGCNN_MT/data/CoREMOF2019/clean_cifs/MUVROM_clean)

==============================
*** Open Babel Warning  in PerceiveBondOrders
  Failed to kekulize aromatic bonds in OBMol::PerceiveBondOrders (title is /home/zhangsd/repos/MOFSNN/CGCNN_MT/data/CoREMOF2019/clean_cifs/HUSGAE_clean)

==============================
*** Open Babel Warning  in PerceiveBondOrders
  Failed to kekulize aromatic bonds in OBMol::PerceiveBondOrders (title is /home/zhangsd/repos/MOFSNN/CGCNN_MT/data/CoREMOF2019/clean_cifs/VEYREY_clean)

==============================
*** Open Babel Warning  in PerceiveBondOrders
  Failed to kekulize aromatic bonds in OBMol::PerceiveBondOrders (title is /home/zhangsd/repos/MOFSNN/CGCNN_MT/data/CoREMOF2019/clean_cifs/LOVNIV_charged)

==============================
*** Open Babel Warning  in PerceiveBondOrders
  Failed to kekulize aromatic bonds in OBMol::PerceiveBondOrders (title is /home/zhangsd/repos/MOFSNN/CGCNN_MT/data/CoREMOF2019/clean_cifs/YOYPUZ_clean)

==============================
*** Open Babel Warning  in PerceiveBondOrders
  Failed to kekulize aromatic bonds in OBMol::PerceiveBondOrders (title is /home/zhangsd/repos/MOFSNN/CGCNN_MT/data/CoREMOF2019/clean_cifs/HEXNII_clean)

==============================
*** Open Babel Warning  in PerceiveBondOrders
  Failed to kekulize aromatic bonds in OBMol::PerceiveBondOrders (title is /home/zhangsd/repos/MOFSNN/CGCNN_MT/data/CoREMOF2019/clean_cifs/POMMAH_clean)

==============================
*** Open Babel Warning  in PerceiveBondOrders
  Failed to kekulize aromatic bonds in OBMol::PerceiveBondOrders (title is /home/zhangsd/repos/MOFSNN/CGCNN_MT/data/CoREMOF2019/clean_cifs/DIMQOH_clean)

==============================
*** Open Babel Warning  in PerceiveBondOrders
  Failed to kekulize aromatic bonds in OBMol::PerceiveBondOrders (title is /home/zhangsd/repos/MOFSNN/CGCNN_MT/data/CoREMOF2019/clean_cifs/OKIYAJ_charged)

==============================
*** Open Babel Warning  in PerceiveBondOrders
  Failed to kekulize aromatic bonds in OBMol::PerceiveBondOrders (title is /home/zhangsd/repos/MOFSNN/CGCNN_MT/data/CoREMOF2019/clean_cifs/HIQNIG_clean)

==============================
*** Open Babel Warning  in PerceiveBondOrders
  Failed to kekulize aromatic bonds in OBMol::PerceiveBondOrders (title is /home/zhangsd/repos/MOFSNN/CGCNN_MT/data/CoREMOF2019/clean_cifs/FATQID_clean)

==============================
*** Open Babel Warning  in PerceiveBondOrders
  Failed to kekulize aromatic bonds in OBMol::PerceiveBondOrders (title is /home/zhangsd/repos/MOFSNN/CGCNN_MT/data/CoREMOF2019/clean_cifs/EXAXAE01_clean)

==============================
*** Open Babel Warning  in PerceiveBondOrders
  Failed to kekulize aromatic bonds in OBMol::PerceiveBondOrders (title is /home/zhangsd/repos/MOFSNN/CGCNN_MT/data/CoREMOF2019/clean_cifs/GOQSIQ_clean)

==============================
*** Open Babel Warning  in PerceiveBondOrders
  Failed to kekulize aromatic bonds in OBMol::PerceiveBondOrders (title is /home/zhangsd/repos/MOFSNN/CGCNN_MT/data/CoREMOF2019/clean_cifs/KAPHOB_clean)

==============================
*** Open Babel Warning  in PerceiveBondOrders
  Failed to kekulize aromatic bonds in OBMol::PerceiveBondOrders (title is /home/zhangsd/repos/MOFSNN/CGCNN_MT/data/CoREMOF2019/clean_cifs/EVOMOR_clean)

==============================
*** Open Babel Warning  in PerceiveBondOrders
  Failed to kekulize aromatic bonds in OBMol::PerceiveBondOrders (title is /home/zhangsd/repos/MOFSNN/CGCNN_MT/data/CoREMOF2019/clean_cifs/MECWEX_manual)

==============================
*** Open Babel Warning  in PerceiveBondOrders
  Failed to kekulize aromatic bonds in OBMol::PerceiveBondOrders (title is /home/zhangsd/repos/MOFSNN/CGCNN_MT/data/CoREMOF2019/clean_cifs/YUMKAU_clean)

/opt/share/miniconda3/envs/mofmthnn/lib/python3.9/site-packages/pymatgen/io/cif.py:1229: UserWarning: Issues encountered while parsing CIF: 8 fractional coordinates rounded to ideal values to avoid issues with finite precision.
  warnings.warn("Issues encountered while parsing CIF: " + "\n".join(self.warnings))
/opt/share/miniconda3/envs/mofmthnn/lib/python3.9/site-packages/pymatgen/io/cif.py:1229: UserWarning: Issues encountered while parsing CIF: 2 fractional coordinates rounded to ideal values to avoid issues with finite precision.
  warnings.warn("Issues encountered while parsing CIF: " + "\n".join(self.warnings))
==============================
*** Open Babel Warning  in PerceiveBondOrders
  Failed to kekulize aromatic bonds in OBMol::PerceiveBondOrders (title is /home/zhangsd/repos/MOFSNN/CGCNN_MT/data/CoREMOF2019/clean_cifs/HAQKES_clean)

/opt/share/miniconda3/envs/mofmthnn/lib/python3.9/site-packages/pymatgen/io/cif.py:1229: UserWarning: Issues encountered while parsing CIF: 2 fractional coordinates rounded to ideal values to avoid issues with finite precision.
  warnings.warn("Issues encountered while parsing CIF: " + "\n".join(self.warnings))
==============================
*** Open Babel Warning  in PerceiveBondOrders
  Failed to kekulize aromatic bonds in OBMol::PerceiveBondOrders (title is /home/zhangsd/repos/MOFSNN/CGCNN_MT/data/CoREMOF2019/clean_cifs/VEZWEE_clean)

/opt/share/miniconda3/envs/mofmthnn/lib/python3.9/site-packages/pymatgen/io/cif.py:1229: UserWarning: Issues encountered while parsing CIF: 4 fractional coordinates rounded to ideal values to avoid issues with finite precision.
  warnings.warn("Issues encountered while parsing CIF: " + "\n".join(self.warnings))
==============================
*** Open Babel Warning  in PerceiveBondOrders
  Failed to kekulize aromatic bonds in OBMol::PerceiveBondOrders (title is /home/zhangsd/repos/MOFSNN/CGCNN_MT/data/CoREMOF2019/clean_cifs/XADGAM_clean)

==============================
*** Open Babel Warning  in PerceiveBondOrders
  Failed to kekulize aromatic bonds in OBMol::PerceiveBondOrders (title is /home/zhangsd/repos/MOFSNN/CGCNN_MT/data/CoREMOF2019/clean_cifs/PEDMOB_clean)

==============================
*** Open Babel Warning  in PerceiveBondOrders
  Failed to kekulize aromatic bonds in OBMol::PerceiveBondOrders (title is /home/zhangsd/repos/MOFSNN/CGCNN_MT/data/CoREMOF2019/clean_cifs/BIBMEG_clean)

==============================
*** Open Babel Warning  in PerceiveBondOrders
  Failed to kekulize aromatic bonds in OBMol::PerceiveBondOrders (title is /home/zhangsd/repos/MOFSNN/CGCNN_MT/data/CoREMOF2019/clean_cifs/IFENOY02_SL)

==============================
*** Open Babel Warning  in PerceiveBondOrders
  Failed to kekulize aromatic bonds in OBMol::PerceiveBondOrders (title is /home/zhangsd/repos/MOFSNN/CGCNN_MT/data/CoREMOF2019/clean_cifs/UKULOB01_clean)

==============================
*** Open Babel Warning  in PerceiveBondOrders
  Failed to kekulize aromatic bonds in OBMol::PerceiveBondOrders (title is /home/zhangsd/repos/MOFSNN/CGCNN_MT/data/CoREMOF2019/clean_cifs/KUJPAH_clean)

/opt/share/miniconda3/envs/mofmthnn/lib/python3.9/site-packages/pymatgen/io/cif.py:1229: UserWarning: Issues encountered while parsing CIF: 2 fractional coordinates rounded to ideal values to avoid issues with finite precision.
  warnings.warn("Issues encountered while parsing CIF: " + "\n".join(self.warnings))
==============================
*** Open Babel Warning  in PerceiveBondOrders
  Failed to kekulize aromatic bonds in OBMol::PerceiveBondOrders (title is /home/zhangsd/repos/MOFSNN/CGCNN_MT/data/CoREMOF2019/clean_cifs/ja5b00365_si_002_clean)

/opt/share/miniconda3/envs/mofmthnn/lib/python3.9/site-packages/ase/io/cif.py:401: UserWarning: crystal system 'triclinic' is not interpreted for space group Spacegroup(1, setting=1). This may result in wrong setting!
  warnings.warn(
==============================
*** Open Babel Warning  in PerceiveBondOrders
  Failed to kekulize aromatic bonds in OBMol::PerceiveBondOrders (title is /home/zhangsd/repos/MOFSNN/CGCNN_MT/data/CoREMOF2019/clean_cifs/OXAPEJ_charged)

/opt/share/miniconda3/envs/mofmthnn/lib/python3.9/site-packages/pymatgen/io/cif.py:1229: UserWarning: Issues encountered while parsing CIF: 10 fractional coordinates rounded to ideal values to avoid issues with finite precision.
  warnings.warn("Issues encountered while parsing CIF: " + "\n".join(self.warnings))
/opt/share/miniconda3/envs/mofmthnn/lib/python3.9/site-packages/ase/io/cif.py:401: UserWarning: crystal system 'triclinic' is not interpreted for space group Spacegroup(1, setting=1). This may result in wrong setting!
  warnings.warn(
==============================
*** Open Babel Warning  in PerceiveBondOrders
  Failed to kekulize aromatic bonds in OBMol::PerceiveBondOrders (title is /home/zhangsd/repos/MOFSNN/CGCNN_MT/data/CoREMOF2019/clean_cifs/POXHUG_clean)

==============================
*** Open Babel Warning  in PerceiveBondOrders
  Failed to kekulize aromatic bonds in OBMol::PerceiveBondOrders (title is /home/zhangsd/repos/MOFSNN/CGCNN_MT/data/CoREMOF2019/clean_cifs/WILGEE_charged)

==============================
*** Open Babel Warning  in PerceiveBondOrders
  Failed to kekulize aromatic bonds in OBMol::PerceiveBondOrders (title is /home/zhangsd/repos/MOFSNN/CGCNN_MT/data/CoREMOF2019/clean_cifs/EKEVAT_clean)

/opt/share/miniconda3/envs/mofmthnn/lib/python3.9/site-packages/pymatgen/io/cif.py:1229: UserWarning: Issues encountered while parsing CIF: 2 fractional coordinates rounded to ideal values to avoid issues with finite precision.
  warnings.warn("Issues encountered while parsing CIF: " + "\n".join(self.warnings))
==============================
*** Open Babel Warning  in PerceiveBondOrders
  Failed to kekulize aromatic bonds in OBMol::PerceiveBondOrders (title is /home/zhangsd/repos/MOFSNN/CGCNN_MT/data/CoREMOF2019/clean_cifs/HABZEQ_clean)

==============================
*** Open Babel Warning  in PerceiveBondOrders
  Failed to kekulize aromatic bonds in OBMol::PerceiveBondOrders (title is /home/zhangsd/repos/MOFSNN/CGCNN_MT/data/CoREMOF2019/clean_cifs/BIQVII_clean)

/opt/share/miniconda3/envs/mofmthnn/lib/python3.9/site-packages/pymatgen/io/cif.py:1229: UserWarning: Issues encountered while parsing CIF: 1 fractional coordinates rounded to ideal values to avoid issues with finite precision.
  warnings.warn("Issues encountered while parsing CIF: " + "\n".join(self.warnings))
==============================
*** Open Babel Warning  in PerceiveBondOrders
  Failed to kekulize aromatic bonds in OBMol::PerceiveBondOrders (title is /home/zhangsd/repos/MOFSNN/CGCNN_MT/data/CoREMOF2019/clean_cifs/EBEZUI_ion_b)

/opt/share/miniconda3/envs/mofmthnn/lib/python3.9/site-packages/pymatgen/io/cif.py:1229: UserWarning: Issues encountered while parsing CIF: 2 fractional coordinates rounded to ideal values to avoid issues with finite precision.
  warnings.warn("Issues encountered while parsing CIF: " + "\n".join(self.warnings))
==============================
*** Open Babel Warning  in PerceiveBondOrders
  Failed to kekulize aromatic bonds in OBMol::PerceiveBondOrders (title is /home/zhangsd/repos/MOFSNN/CGCNN_MT/data/CoREMOF2019/clean_cifs/WOHSOB_clean)

==============================
*** Open Babel Warning  in PerceiveBondOrders
  Failed to kekulize aromatic bonds in OBMol::PerceiveBondOrders (title is /home/zhangsd/repos/MOFSNN/CGCNN_MT/data/CoREMOF2019/clean_cifs/CUGVUW_clean)

==============================
*** Open Babel Warning  in PerceiveBondOrders
  Failed to kekulize aromatic bonds in OBMol::PerceiveBondOrders (title is /home/zhangsd/repos/MOFSNN/CGCNN_MT/data/CoREMOF2019/clean_cifs/ZEXKUK_clean)

==============================
*** Open Babel Warning  in PerceiveBondOrders
  Failed to kekulize aromatic bonds in OBMol::PerceiveBondOrders (title is /home/zhangsd/repos/MOFSNN/CGCNN_MT/data/CoREMOF2019/clean_cifs/HAJLOU_clean)

/opt/share/miniconda3/envs/mofmthnn/lib/python3.9/site-packages/pymatgen/io/cif.py:1229: UserWarning: Issues encountered while parsing CIF: 4 fractional coordinates rounded to ideal values to avoid issues with finite precision.
  warnings.warn("Issues encountered while parsing CIF: " + "\n".join(self.warnings))
/opt/share/miniconda3/envs/mofmthnn/lib/python3.9/site-packages/pymatgen/io/cif.py:1229: UserWarning: Issues encountered while parsing CIF: 4 fractional coordinates rounded to ideal values to avoid issues with finite precision.
  warnings.warn("Issues encountered while parsing CIF: " + "\n".join(self.warnings))
==============================
*** Open Babel Warning  in PerceiveBondOrders
  Failed to kekulize aromatic bonds in OBMol::PerceiveBondOrders (title is /home/zhangsd/repos/MOFSNN/CGCNN_MT/data/CoREMOF2019/clean_cifs/KUYPIF_clean)

==============================
*** Open Babel Warning  in PerceiveBondOrders
  Failed to kekulize aromatic bonds in OBMol::PerceiveBondOrders (title is /home/zhangsd/repos/MOFSNN/CGCNN_MT/data/CoREMOF2019/clean_cifs/TAQGUQ_clean)

==============================
*** Open Babel Warning  in PerceiveBondOrders
  Failed to kekulize aromatic bonds in OBMol::PerceiveBondOrders (title is /home/zhangsd/repos/MOFSNN/CGCNN_MT/data/CoREMOF2019/clean_cifs/ILOSOS_clean)

==============================
*** Open Babel Warning  in PerceiveBondOrders
  Failed to kekulize aromatic bonds in OBMol::PerceiveBondOrders (title is /home/zhangsd/repos/MOFSNN/CGCNN_MT/data/CoREMOF2019/clean_cifs/FIRNOL_clean)

==============================
*** Open Babel Warning  in PerceiveBondOrders
  Failed to kekulize aromatic bonds in OBMol::PerceiveBondOrders (title is /home/zhangsd/repos/MOFSNN/CGCNN_MT/data/CoREMOF2019/clean_cifs/ECASAD_clean)

==============================
*** Open Babel Warning  in PerceiveBondOrders
  Failed to kekulize aromatic bonds in OBMol::PerceiveBondOrders (title is /home/zhangsd/repos/MOFSNN/CGCNN_MT/data/CoREMOF2019/clean_cifs/OKIWUB01_charged)

==============================
*** Open Babel Warning  in PerceiveBondOrders
  Failed to kekulize aromatic bonds in OBMol::PerceiveBondOrders (title is /home/zhangsd/repos/MOFSNN/CGCNN_MT/data/CoREMOF2019/clean_cifs/QAPPON_clean)

==============================
*** Open Babel Warning  in PerceiveBondOrders
  Failed to kekulize aromatic bonds in OBMol::PerceiveBondOrders (title is /home/zhangsd/repos/MOFSNN/CGCNN_MT/data/CoREMOF2019/clean_cifs/ITIBET_clean)

/opt/share/miniconda3/envs/mofmthnn/lib/python3.9/site-packages/pymatgen/io/cif.py:1229: UserWarning: Issues encountered while parsing CIF: 6 fractional coordinates rounded to ideal values to avoid issues with finite precision.
  warnings.warn("Issues encountered while parsing CIF: " + "\n".join(self.warnings))
==============================
*** Open Babel Warning  in PerceiveBondOrders
  Failed to kekulize aromatic bonds in OBMol::PerceiveBondOrders (title is /home/zhangsd/repos/MOFSNN/CGCNN_MT/data/CoREMOF2019/clean_cifs/NIJSAC_clean)

/opt/share/miniconda3/envs/mofmthnn/lib/python3.9/site-packages/pymatgen/io/cif.py:1229: UserWarning: Issues encountered while parsing CIF: 4 fractional coordinates rounded to ideal values to avoid issues with finite precision.
  warnings.warn("Issues encountered while parsing CIF: " + "\n".join(self.warnings))
==============================
*** Open Babel Warning  in PerceiveBondOrders
  Failed to kekulize aromatic bonds in OBMol::PerceiveBondOrders (title is /home/zhangsd/repos/MOFSNN/CGCNN_MT/data/CoREMOF2019/clean_cifs/IVILEG_clean)

==============================
*** Open Babel Warning  in PerceiveBondOrders
  Failed to kekulize aromatic bonds in OBMol::PerceiveBondOrders (title is /home/zhangsd/repos/MOFSNN/CGCNN_MT/data/CoREMOF2019/clean_cifs/KIYJAF_clean)

==============================
*** Open Babel Warning  in PerceiveBondOrders
  Failed to kekulize aromatic bonds in OBMol::PerceiveBondOrders (title is /home/zhangsd/repos/MOFSNN/CGCNN_MT/data/CoREMOF2019/clean_cifs/GUXJUF_clean)

==============================
*** Open Babel Warning  in PerceiveBondOrders
  Failed to kekulize aromatic bonds in OBMol::PerceiveBondOrders (title is /home/zhangsd/repos/MOFSNN/CGCNN_MT/data/CoREMOF2019/clean_cifs/PIWDAC_clean)

==============================
*** Open Babel Warning  in PerceiveBondOrders
  Failed to kekulize aromatic bonds in OBMol::PerceiveBondOrders (title is /home/zhangsd/repos/MOFSNN/CGCNN_MT/data/CoREMOF2019/clean_cifs/jacs.6b08724_ja6b08724_si_009_clean)

==============================
*** Open Babel Warning  in PerceiveBondOrders
  Failed to kekulize aromatic bonds in OBMol::PerceiveBondOrders (title is /home/zhangsd/repos/MOFSNN/CGCNN_MT/data/CoREMOF2019/clean_cifs/WAGQAY_clean)

==============================
*** Open Babel Warning  in PerceiveBondOrders
  Failed to kekulize aromatic bonds in OBMol::PerceiveBondOrders (title is /home/zhangsd/repos/MOFSNN/CGCNN_MT/data/CoREMOF2019/clean_cifs/DUWFOS_clean)

==============================
*** Open Babel Warning  in PerceiveBondOrders
  Failed to kekulize aromatic bonds in OBMol::PerceiveBondOrders (title is /home/zhangsd/repos/MOFSNN/CGCNN_MT/data/CoREMOF2019/clean_cifs/XAMDOF_clean)

==============================
*** Open Babel Warning  in PerceiveBondOrders
  Failed to kekulize aromatic bonds in OBMol::PerceiveBondOrders (title is /home/zhangsd/repos/MOFSNN/CGCNN_MT/data/CoREMOF2019/clean_cifs/KEBFII_clean)

==============================
*** Open Babel Warning  in PerceiveBondOrders
  Failed to kekulize aromatic bonds in OBMol::PerceiveBondOrders (title is /home/zhangsd/repos/MOFSNN/CGCNN_MT/data/CoREMOF2019/clean_cifs/CIWZEP_clean)

/opt/share/miniconda3/envs/mofmthnn/lib/python3.9/site-packages/pymatgen/io/cif.py:1229: UserWarning: Issues encountered while parsing CIF: 4 fractional coordinates rounded to ideal values to avoid issues with finite precision.
  warnings.warn("Issues encountered while parsing CIF: " + "\n".join(self.warnings))
==============================
*** Open Babel Warning  in PerceiveBondOrders
  Failed to kekulize aromatic bonds in OBMol::PerceiveBondOrders (title is /home/zhangsd/repos/MOFSNN/CGCNN_MT/data/CoREMOF2019/clean_cifs/VOSVAC_clean)

==============================
*** Open Babel Warning  in PerceiveBondOrders
  Failed to kekulize aromatic bonds in OBMol::PerceiveBondOrders (title is /home/zhangsd/repos/MOFSNN/CGCNN_MT/data/CoREMOF2019/clean_cifs/QOZDOY_clean)

==============================
*** Open Babel Warning  in PerceiveBondOrders
  Failed to kekulize aromatic bonds in OBMol::PerceiveBondOrders (title is /home/zhangsd/repos/MOFSNN/CGCNN_MT/data/CoREMOF2019/clean_cifs/CUNFOH_clean)

==============================
*** Open Babel Warning  in PerceiveBondOrders
  Failed to kekulize aromatic bonds in OBMol::PerceiveBondOrders (title is /home/zhangsd/repos/MOFSNN/CGCNN_MT/data/CoREMOF2019/clean_cifs/NUCREJ_clean)

==============================
*** Open Babel Warning  in PerceiveBondOrders
  Failed to kekulize aromatic bonds in OBMol::PerceiveBondOrders (title is /home/zhangsd/repos/MOFSNN/CGCNN_MT/data/CoREMOF2019/clean_cifs/QIRYAS_clean)

/opt/share/miniconda3/envs/mofmthnn/lib/python3.9/site-packages/pymatgen/io/cif.py:1229: UserWarning: Issues encountered while parsing CIF: 4 fractional coordinates rounded to ideal values to avoid issues with finite precision.
  warnings.warn("Issues encountered while parsing CIF: " + "\n".join(self.warnings))
==============================
*** Open Babel Warning  in PerceiveBondOrders
  Failed to kekulize aromatic bonds in OBMol::PerceiveBondOrders (title is /home/zhangsd/repos/MOFSNN/CGCNN_MT/data/CoREMOF2019/clean_cifs/BIZLUT_clean)

==============================
*** Open Babel Warning  in PerceiveBondOrders
  Failed to kekulize aromatic bonds in OBMol::PerceiveBondOrders (title is /home/zhangsd/repos/MOFSNN/CGCNN_MT/data/CoREMOF2019/clean_cifs/IYEPUZ_clean)

==============================
*** Open Babel Warning  in PerceiveBondOrders
  Failed to kekulize aromatic bonds in OBMol::PerceiveBondOrders (title is /home/zhangsd/repos/MOFSNN/CGCNN_MT/data/CoREMOF2019/clean_cifs/OFERUN02_clean_h)

==============================
*** Open Babel Warning  in PerceiveBondOrders
  Failed to kekulize aromatic bonds in OBMol::PerceiveBondOrders (title is /home/zhangsd/repos/MOFSNN/CGCNN_MT/data/CoREMOF2019/clean_cifs/c5cc09432a_c5cc09432a2_clean)

/opt/share/miniconda3/envs/mofmthnn/lib/python3.9/site-packages/pymatgen/io/cif.py:1229: UserWarning: Issues encountered while parsing CIF: 8 fractional coordinates rounded to ideal values to avoid issues with finite precision.
  warnings.warn("Issues encountered while parsing CIF: " + "\n".join(self.warnings))
==============================
*** Open Babel Warning  in PerceiveBondOrders
  Failed to kekulize aromatic bonds in OBMol::PerceiveBondOrders (title is /home/zhangsd/repos/MOFSNN/CGCNN_MT/data/CoREMOF2019/clean_cifs/WUBHEI_clean)

==============================
*** Open Babel Warning  in PerceiveBondOrders
  Failed to kekulize aromatic bonds in OBMol::PerceiveBondOrders (title is /home/zhangsd/repos/MOFSNN/CGCNN_MT/data/CoREMOF2019/clean_cifs/CUQTAL_clean)

==============================
*** Open Babel Warning  in PerceiveBondOrders
  Failed to kekulize aromatic bonds in OBMol::PerceiveBondOrders (title is /home/zhangsd/repos/MOFSNN/CGCNN_MT/data/CoREMOF2019/clean_cifs/RUDPOW_clean)

/opt/share/miniconda3/envs/mofmthnn/lib/python3.9/site-packages/pymatgen/io/cif.py:1229: UserWarning: Issues encountered while parsing CIF: 4 fractional coordinates rounded to ideal values to avoid issues with finite precision.
  warnings.warn("Issues encountered while parsing CIF: " + "\n".join(self.warnings))
==============================
*** Open Babel Warning  in PerceiveBondOrders
  Failed to kekulize aromatic bonds in OBMol::PerceiveBondOrders (title is /home/zhangsd/repos/MOFSNN/CGCNN_MT/data/CoREMOF2019/clean_cifs/GAWKAS_clean)

/opt/share/miniconda3/envs/mofmthnn/lib/python3.9/site-packages/pymatgen/io/cif.py:1229: UserWarning: Issues encountered while parsing CIF: 2 fractional coordinates rounded to ideal values to avoid issues with finite precision.
  warnings.warn("Issues encountered while parsing CIF: " + "\n".join(self.warnings))
==============================
*** Open Babel Warning  in PerceiveBondOrders
  Failed to kekulize aromatic bonds in OBMol::PerceiveBondOrders (title is /home/zhangsd/repos/MOFSNN/CGCNN_MT/data/CoREMOF2019/clean_cifs/ALONEV_clean)

/opt/share/miniconda3/envs/mofmthnn/lib/python3.9/site-packages/pymatgen/io/cif.py:1229: UserWarning: Issues encountered while parsing CIF: 4 fractional coordinates rounded to ideal values to avoid issues with finite precision.
  warnings.warn("Issues encountered while parsing CIF: " + "\n".join(self.warnings))
/opt/share/miniconda3/envs/mofmthnn/lib/python3.9/site-packages/pymatgen/io/cif.py:1229: UserWarning: Issues encountered while parsing CIF: 8 fractional coordinates rounded to ideal values to avoid issues with finite precision.
  warnings.warn("Issues encountered while parsing CIF: " + "\n".join(self.warnings))
==============================
*** Open Babel Warning  in PerceiveBondOrders
  Failed to kekulize aromatic bonds in OBMol::PerceiveBondOrders (title is /home/zhangsd/repos/MOFSNN/CGCNN_MT/data/CoREMOF2019/clean_cifs/SEHLIC_clean)

/opt/share/miniconda3/envs/mofmthnn/lib/python3.9/site-packages/pymatgen/io/cif.py:1229: UserWarning: Issues encountered while parsing CIF: 8 fractional coordinates rounded to ideal values to avoid issues with finite precision.
  warnings.warn("Issues encountered while parsing CIF: " + "\n".join(self.warnings))
==============================
*** Open Babel Warning  in PerceiveBondOrders
  Failed to kekulize aromatic bonds in OBMol::PerceiveBondOrders (title is /home/zhangsd/repos/MOFSNN/CGCNN_MT/data/CoREMOF2019/clean_cifs/OBAHIL_clean)

==============================
*** Open Babel Warning  in PerceiveBondOrders
  Failed to kekulize aromatic bonds in OBMol::PerceiveBondOrders (title is /home/zhangsd/repos/MOFSNN/CGCNN_MT/data/CoREMOF2019/clean_cifs/ja203898s_si_004_clean)

/opt/share/miniconda3/envs/mofmthnn/lib/python3.9/site-packages/pymatgen/io/cif.py:1229: UserWarning: Issues encountered while parsing CIF: 2 fractional coordinates rounded to ideal values to avoid issues with finite precision.
  warnings.warn("Issues encountered while parsing CIF: " + "\n".join(self.warnings))
==============================
*** Open Babel Warning  in PerceiveBondOrders
  Failed to kekulize aromatic bonds in OBMol::PerceiveBondOrders (title is /home/zhangsd/repos/MOFSNN/CGCNN_MT/data/CoREMOF2019/clean_cifs/DUBJUH_clean)

/opt/share/miniconda3/envs/mofmthnn/lib/python3.9/site-packages/pymatgen/io/cif.py:1229: UserWarning: Issues encountered while parsing CIF: 4 fractional coordinates rounded to ideal values to avoid issues with finite precision.
  warnings.warn("Issues encountered while parsing CIF: " + "\n".join(self.warnings))
==============================
*** Open Babel Warning  in PerceiveBondOrders
  Failed to kekulize aromatic bonds in OBMol::PerceiveBondOrders (title is /home/zhangsd/repos/MOFSNN/CGCNN_MT/data/CoREMOF2019/clean_cifs/RIYBAE_clean)

/opt/share/miniconda3/envs/mofmthnn/lib/python3.9/site-packages/ase/io/cif.py:401: UserWarning: crystal system 'triclinic' is not interpreted for space group Spacegroup(1, setting=1). This may result in wrong setting!
  warnings.warn(
==============================
*** Open Babel Warning  in PerceiveBondOrders
  Failed to kekulize aromatic bonds in OBMol::PerceiveBondOrders (title is /home/zhangsd/repos/MOFSNN/CGCNN_MT/data/CoREMOF2019/clean_cifs/QUVDOB_clean)

==============================
*** Open Babel Warning  in PerceiveBondOrders
  Failed to kekulize aromatic bonds in OBMol::PerceiveBondOrders (title is /home/zhangsd/repos/MOFSNN/CGCNN_MT/data/CoREMOF2019/clean_cifs/MOXPIZ_charged)

/opt/share/miniconda3/envs/mofmthnn/lib/python3.9/site-packages/pymatgen/io/cif.py:1229: UserWarning: Issues encountered while parsing CIF: 2 fractional coordinates rounded to ideal values to avoid issues with finite precision.
  warnings.warn("Issues encountered while parsing CIF: " + "\n".join(self.warnings))
==============================
*** Open Babel Warning  in PerceiveBondOrders
  Failed to kekulize aromatic bonds in OBMol::PerceiveBondOrders (title is /home/zhangsd/repos/MOFSNN/CGCNN_MT/data/CoREMOF2019/clean_cifs/XUHCAG_clean)

==============================
*** Open Babel Warning  in PerceiveBondOrders
  Failed to kekulize aromatic bonds in OBMol::PerceiveBondOrders (title is /home/zhangsd/repos/MOFSNN/CGCNN_MT/data/CoREMOF2019/clean_cifs/jacs.6b08724_ja6b08724_si_016_clean)

/opt/share/miniconda3/envs/mofmthnn/lib/python3.9/site-packages/pymatgen/io/cif.py:1229: UserWarning: Issues encountered while parsing CIF: 8 fractional coordinates rounded to ideal values to avoid issues with finite precision.
  warnings.warn("Issues encountered while parsing CIF: " + "\n".join(self.warnings))
/opt/share/miniconda3/envs/mofmthnn/lib/python3.9/site-packages/ase/io/cif.py:401: UserWarning: crystal system 'triclinic' is not interpreted for space group Spacegroup(1, setting=1). This may result in wrong setting!
  warnings.warn(
==============================
*** Open Babel Warning  in PerceiveBondOrders
  Failed to kekulize aromatic bonds in OBMol::PerceiveBondOrders (title is /home/zhangsd/repos/MOFSNN/CGCNN_MT/data/CoREMOF2019/clean_cifs/ja512137t_si_002_clean)

/opt/share/miniconda3/envs/mofmthnn/lib/python3.9/site-packages/pymatgen/io/cif.py:1229: UserWarning: Issues encountered while parsing CIF: 6 fractional coordinates rounded to ideal values to avoid issues with finite precision.
  warnings.warn("Issues encountered while parsing CIF: " + "\n".join(self.warnings))
/opt/share/miniconda3/envs/mofmthnn/lib/python3.9/site-packages/pymatgen/io/cif.py:1229: UserWarning: Issues encountered while parsing CIF: 42 fractional coordinates rounded to ideal values to avoid issues with finite precision.
  warnings.warn("Issues encountered while parsing CIF: " + "\n".join(self.warnings))
==============================
*** Open Babel Warning  in PerceiveBondOrders
  Failed to kekulize aromatic bonds in OBMol::PerceiveBondOrders (title is /home/zhangsd/repos/MOFSNN/CGCNN_MT/data/CoREMOF2019/clean_cifs/BUVWOF03_clean)

==============================
*** Open Babel Warning  in PerceiveBondOrders
  Failed to kekulize aromatic bonds in OBMol::PerceiveBondOrders (title is /home/zhangsd/repos/MOFSNN/CGCNN_MT/data/CoREMOF2019/clean_cifs/GEGBOL_clean)

==============================
*** Open Babel Warning  in PerceiveBondOrders
  Failed to kekulize aromatic bonds in OBMol::PerceiveBondOrders (title is /home/zhangsd/repos/MOFSNN/CGCNN_MT/data/CoREMOF2019/clean_cifs/XULRIH_clean)

==============================
*** Open Babel Warning  in PerceiveBondOrders
  Failed to kekulize aromatic bonds in OBMol::PerceiveBondOrders (title is /home/zhangsd/repos/MOFSNN/CGCNN_MT/data/CoREMOF2019/clean_cifs/VUZNOV_clean)

==============================
*** Open Babel Warning  in PerceiveBondOrders
  Failed to kekulize aromatic bonds in OBMol::PerceiveBondOrders (title is /home/zhangsd/repos/MOFSNN/CGCNN_MT/data/CoREMOF2019/clean_cifs/TENLIJ_clean)

/opt/share/miniconda3/envs/mofmthnn/lib/python3.9/site-packages/pymatgen/io/cif.py:1229: UserWarning: Issues encountered while parsing CIF: 14 fractional coordinates rounded to ideal values to avoid issues with finite precision.
  warnings.warn("Issues encountered while parsing CIF: " + "\n".join(self.warnings))
==============================
*** Open Babel Warning  in PerceiveBondOrders
  Failed to kekulize aromatic bonds in OBMol::PerceiveBondOrders (title is /home/zhangsd/repos/MOFSNN/CGCNN_MT/data/CoREMOF2019/clean_cifs/GEFFUT_clean)

/opt/share/miniconda3/envs/mofmthnn/lib/python3.9/site-packages/pymatgen/io/cif.py:1229: UserWarning: Issues encountered while parsing CIF: 3 fractional coordinates rounded to ideal values to avoid issues with finite precision.
  warnings.warn("Issues encountered while parsing CIF: " + "\n".join(self.warnings))
==============================
*** Open Babel Warning  in PerceiveBondOrders
  Failed to kekulize aromatic bonds in OBMol::PerceiveBondOrders (title is /home/zhangsd/repos/MOFSNN/CGCNN_MT/data/CoREMOF2019/clean_cifs/IXISOX_clean)

/opt/share/miniconda3/envs/mofmthnn/lib/python3.9/site-packages/pymatgen/io/cif.py:1229: UserWarning: Issues encountered while parsing CIF: 1 fractional coordinates rounded to ideal values to avoid issues with finite precision.
  warnings.warn("Issues encountered while parsing CIF: " + "\n".join(self.warnings))
==============================
*** Open Babel Warning  in PerceiveBondOrders
  Failed to kekulize aromatic bonds in OBMol::PerceiveBondOrders (title is /home/zhangsd/repos/MOFSNN/CGCNN_MT/data/CoREMOF2019/clean_cifs/YORSOP_clean)

/opt/share/miniconda3/envs/mofmthnn/lib/python3.9/site-packages/pymatgen/io/cif.py:1229: UserWarning: Issues encountered while parsing CIF: 1 fractional coordinates rounded to ideal values to avoid issues with finite precision.
  warnings.warn("Issues encountered while parsing CIF: " + "\n".join(self.warnings))
==============================
*** Open Babel Warning  in PerceiveBondOrders
  Failed to kekulize aromatic bonds in OBMol::PerceiveBondOrders (title is /home/zhangsd/repos/MOFSNN/CGCNN_MT/data/CoREMOF2019/clean_cifs/WOVDES_clean)

==============================
*** Open Babel Warning  in PerceiveBondOrders
  Failed to kekulize aromatic bonds in OBMol::PerceiveBondOrders (title is /home/zhangsd/repos/MOFSNN/CGCNN_MT/data/CoREMOF2019/clean_cifs/EXIDEV_clean)

/opt/share/miniconda3/envs/mofmthnn/lib/python3.9/site-packages/pymatgen/io/cif.py:1229: UserWarning: Issues encountered while parsing CIF: 8 fractional coordinates rounded to ideal values to avoid issues with finite precision.
  warnings.warn("Issues encountered while parsing CIF: " + "\n".join(self.warnings))
==============================
*** Open Babel Warning  in PerceiveBondOrders
  Failed to kekulize aromatic bonds in OBMol::PerceiveBondOrders (title is /home/zhangsd/repos/MOFSNN/CGCNN_MT/data/CoREMOF2019/clean_cifs/CUXFUX_clean)

==============================
*** Open Babel Warning  in PerceiveBondOrders
  Failed to kekulize aromatic bonds in OBMol::PerceiveBondOrders (title is /home/zhangsd/repos/MOFSNN/CGCNN_MT/data/CoREMOF2019/clean_cifs/OQUWUU_clean)

==============================
*** Open Babel Warning  in PerceiveBondOrders
  Failed to kekulize aromatic bonds in OBMol::PerceiveBondOrders (title is /home/zhangsd/repos/MOFSNN/CGCNN_MT/data/CoREMOF2019/clean_cifs/cg301577a_si_002_clean)

==============================
*** Open Babel Warning  in PerceiveBondOrders
  Failed to kekulize aromatic bonds in OBMol::PerceiveBondOrders (title is /home/zhangsd/repos/MOFSNN/CGCNN_MT/data/CoREMOF2019/clean_cifs/ERUNUC_clean)

/opt/share/miniconda3/envs/mofmthnn/lib/python3.9/site-packages/pymatgen/io/cif.py:1229: UserWarning: Issues encountered while parsing CIF: 4 fractional coordinates rounded to ideal values to avoid issues with finite precision.
  warnings.warn("Issues encountered while parsing CIF: " + "\n".join(self.warnings))
==============================
*** Open Babel Warning  in PerceiveBondOrders
  Failed to kekulize aromatic bonds in OBMol::PerceiveBondOrders (title is /home/zhangsd/repos/MOFSNN/CGCNN_MT/data/CoREMOF2019/clean_cifs/DOQRUW_clean)

/opt/share/miniconda3/envs/mofmthnn/lib/python3.9/site-packages/pymatgen/io/cif.py:1229: UserWarning: Issues encountered while parsing CIF: 2 fractional coordinates rounded to ideal values to avoid issues with finite precision.
  warnings.warn("Issues encountered while parsing CIF: " + "\n".join(self.warnings))
==============================
*** Open Babel Warning  in PerceiveBondOrders
  Failed to kekulize aromatic bonds in OBMol::PerceiveBondOrders (title is /home/zhangsd/repos/MOFSNN/CGCNN_MT/data/CoREMOF2019/clean_cifs/FEVREF_clean)

==============================
*** Open Babel Warning  in PerceiveBondOrders
  Failed to kekulize aromatic bonds in OBMol::PerceiveBondOrders (title is /home/zhangsd/repos/MOFSNN/CGCNN_MT/data/CoREMOF2019/clean_cifs/VAKQAC_clean)

==============================
*** Open Babel Warning  in PerceiveBondOrders
  Failed to kekulize aromatic bonds in OBMol::PerceiveBondOrders (title is /home/zhangsd/repos/MOFSNN/CGCNN_MT/data/CoREMOF2019/clean_cifs/HAFFAY_clean)

==============================
*** Open Babel Warning  in PerceiveBondOrders
  Failed to kekulize aromatic bonds in OBMol::PerceiveBondOrders (title is /home/zhangsd/repos/MOFSNN/CGCNN_MT/data/CoREMOF2019/clean_cifs/GOPTIQ_clean)

==============================
*** Open Babel Warning  in PerceiveBondOrders
  Failed to kekulize aromatic bonds in OBMol::PerceiveBondOrders (title is /home/zhangsd/repos/MOFSNN/CGCNN_MT/data/CoREMOF2019/clean_cifs/XANZAQ08_clean)

==============================
*** Open Babel Warning  in PerceiveBondOrders
  Failed to kekulize aromatic bonds in OBMol::PerceiveBondOrders (title is /home/zhangsd/repos/MOFSNN/CGCNN_MT/data/CoREMOF2019/clean_cifs/LUFNAC05_clean)

==============================
*** Open Babel Warning  in PerceiveBondOrders
  Failed to kekulize aromatic bonds in OBMol::PerceiveBondOrders (title is /home/zhangsd/repos/MOFSNN/CGCNN_MT/data/CoREMOF2019/clean_cifs/FUVGAG_clean)

==============================
*** Open Babel Warning  in PerceiveBondOrders
  Failed to kekulize aromatic bonds in OBMol::PerceiveBondOrders (title is /home/zhangsd/repos/MOFSNN/CGCNN_MT/data/CoREMOF2019/clean_cifs/AHUFIU_clean)

==============================
*** Open Babel Warning  in PerceiveBondOrders
  Failed to kekulize aromatic bonds in OBMol::PerceiveBondOrders (title is /home/zhangsd/repos/MOFSNN/CGCNN_MT/data/CoREMOF2019/clean_cifs/XUGDOU_clean)

/opt/share/miniconda3/envs/mofmthnn/lib/python3.9/site-packages/pymatgen/io/cif.py:1229: UserWarning: Issues encountered while parsing CIF: 16 fractional coordinates rounded to ideal values to avoid issues with finite precision.
  warnings.warn("Issues encountered while parsing CIF: " + "\n".join(self.warnings))
/opt/share/miniconda3/envs/mofmthnn/lib/python3.9/site-packages/pymatgen/io/cif.py:1229: UserWarning: Issues encountered while parsing CIF: 2 fractional coordinates rounded to ideal values to avoid issues with finite precision.
  warnings.warn("Issues encountered while parsing CIF: " + "\n".join(self.warnings))
==============================
*** Open Babel Warning  in PerceiveBondOrders
  Failed to kekulize aromatic bonds in OBMol::PerceiveBondOrders (title is /home/zhangsd/repos/MOFSNN/CGCNN_MT/data/CoREMOF2019/clean_cifs/FOXNIQ_clean)

==============================
*** Open Babel Warning  in PerceiveBondOrders
  Failed to kekulize aromatic bonds in OBMol::PerceiveBondOrders (title is /home/zhangsd/repos/MOFSNN/CGCNN_MT/data/CoREMOF2019/clean_cifs/EQEROJ_clean)

==============================
*** Open Babel Warning  in PerceiveBondOrders
  Failed to kekulize aromatic bonds in OBMol::PerceiveBondOrders (title is /home/zhangsd/repos/MOFSNN/CGCNN_MT/data/CoREMOF2019/clean_cifs/QOVWOP_clean)

==============================
*** Open Babel Warning  in PerceiveBondOrders
  Failed to kekulize aromatic bonds in OBMol::PerceiveBondOrders (title is /home/zhangsd/repos/MOFSNN/CGCNN_MT/data/CoREMOF2019/clean_cifs/ALURIJ_clean)

==============================
*** Open Babel Warning  in PerceiveBondOrders
  Failed to kekulize aromatic bonds in OBMol::PerceiveBondOrders (title is /home/zhangsd/repos/MOFSNN/CGCNN_MT/data/CoREMOF2019/clean_cifs/LACBID_clean)

/opt/share/miniconda3/envs/mofmthnn/lib/python3.9/site-packages/pymatgen/io/cif.py:1229: UserWarning: Issues encountered while parsing CIF: 1 fractional coordinates rounded to ideal values to avoid issues with finite precision.
  warnings.warn("Issues encountered while parsing CIF: " + "\n".join(self.warnings))
==============================
*** Open Babel Warning  in PerceiveBondOrders
  Failed to kekulize aromatic bonds in OBMol::PerceiveBondOrders (title is /home/zhangsd/repos/MOFSNN/CGCNN_MT/data/CoREMOF2019/clean_cifs/FIMZAE_clean)

==============================
*** Open Babel Warning  in PerceiveBondOrders
  Failed to kekulize aromatic bonds in OBMol::PerceiveBondOrders (title is /home/zhangsd/repos/MOFSNN/CGCNN_MT/data/CoREMOF2019/clean_cifs/QODSUZ_clean)

==============================
*** Open Babel Warning  in PerceiveBondOrders
  Failed to kekulize aromatic bonds in OBMol::PerceiveBondOrders (title is /home/zhangsd/repos/MOFSNN/CGCNN_MT/data/CoREMOF2019/clean_cifs/VEHROR_charged)

/opt/share/miniconda3/envs/mofmthnn/lib/python3.9/site-packages/pymatgen/io/cif.py:1229: UserWarning: Issues encountered while parsing CIF: 4 fractional coordinates rounded to ideal values to avoid issues with finite precision.
  warnings.warn("Issues encountered while parsing CIF: " + "\n".join(self.warnings))
/opt/share/miniconda3/envs/mofmthnn/lib/python3.9/site-packages/pymatgen/io/cif.py:1229: UserWarning: Issues encountered while parsing CIF: 4 fractional coordinates rounded to ideal values to avoid issues with finite precision.
  warnings.warn("Issues encountered while parsing CIF: " + "\n".join(self.warnings))
==============================
*** Open Babel Warning  in PerceiveBondOrders
  Failed to kekulize aromatic bonds in OBMol::PerceiveBondOrders (title is /home/zhangsd/repos/MOFSNN/CGCNN_MT/data/CoREMOF2019/clean_cifs/SINLAE_clean)

==============================
*** Open Babel Warning  in PerceiveBondOrders
  Failed to kekulize aromatic bonds in OBMol::PerceiveBondOrders (title is /home/zhangsd/repos/MOFSNN/CGCNN_MT/data/CoREMOF2019/clean_cifs/UXUPIN_clean)

==============================
*** Open Babel Warning  in PerceiveBondOrders
  Failed to kekulize aromatic bonds in OBMol::PerceiveBondOrders (title is /home/zhangsd/repos/MOFSNN/CGCNN_MT/data/CoREMOF2019/clean_cifs/LAZPUZ_clean)

==============================
*** Open Babel Warning  in PerceiveBondOrders
  Failed to kekulize aromatic bonds in OBMol::PerceiveBondOrders (title is /home/zhangsd/repos/MOFSNN/CGCNN_MT/data/CoREMOF2019/clean_cifs/CIWRIK_clean)

==============================
*** Open Babel Warning  in PerceiveBondOrders
  Failed to kekulize aromatic bonds in OBMol::PerceiveBondOrders (title is /home/zhangsd/repos/MOFSNN/CGCNN_MT/data/CoREMOF2019/clean_cifs/RONZOJ_clean)

==============================
*** Open Babel Warning  in PerceiveBondOrders
  Failed to kekulize aromatic bonds in OBMol::PerceiveBondOrders (title is /home/zhangsd/repos/MOFSNN/CGCNN_MT/data/CoREMOF2019/clean_cifs/BIJDUV_clean)

==============================
*** Open Babel Warning  in PerceiveBondOrders
  Failed to kekulize aromatic bonds in OBMol::PerceiveBondOrders (title is /home/zhangsd/repos/MOFSNN/CGCNN_MT/data/CoREMOF2019/clean_cifs/CEMKOV_clean)

==============================
*** Open Babel Warning  in PerceiveBondOrders
  Failed to kekulize aromatic bonds in OBMol::PerceiveBondOrders (title is /home/zhangsd/repos/MOFSNN/CGCNN_MT/data/CoREMOF2019/clean_cifs/ONAWEG01_clean)

==============================
*** Open Babel Warning  in PerceiveBondOrders
  Failed to kekulize aromatic bonds in OBMol::PerceiveBondOrders (title is /home/zhangsd/repos/MOFSNN/CGCNN_MT/data/CoREMOF2019/clean_cifs/PIZRAT_clean)

==============================
*** Open Babel Warning  in PerceiveBondOrders
  Failed to kekulize aromatic bonds in OBMol::PerceiveBondOrders (title is /home/zhangsd/repos/MOFSNN/CGCNN_MT/data/CoREMOF2019/clean_cifs/TOHDAX_clean)

/opt/share/miniconda3/envs/mofmthnn/lib/python3.9/site-packages/pymatgen/io/cif.py:1229: UserWarning: Issues encountered while parsing CIF: 2 fractional coordinates rounded to ideal values to avoid issues with finite precision.
  warnings.warn("Issues encountered while parsing CIF: " + "\n".join(self.warnings))
==============================
*** Open Babel Warning  in PerceiveBondOrders
  Failed to kekulize aromatic bonds in OBMol::PerceiveBondOrders (title is /home/zhangsd/repos/MOFSNN/CGCNN_MT/data/CoREMOF2019/clean_cifs/XEXLIX_clean)

==============================
*** Open Babel Warning  in PerceiveBondOrders
  Failed to kekulize aromatic bonds in OBMol::PerceiveBondOrders (title is /home/zhangsd/repos/MOFSNN/CGCNN_MT/data/CoREMOF2019/clean_cifs/CEYPUT_clean)

/opt/share/miniconda3/envs/mofmthnn/lib/python3.9/site-packages/pymatgen/io/cif.py:1229: UserWarning: Issues encountered while parsing CIF: 10 fractional coordinates rounded to ideal values to avoid issues with finite precision.
  warnings.warn("Issues encountered while parsing CIF: " + "\n".join(self.warnings))
/opt/share/miniconda3/envs/mofmthnn/lib/python3.9/site-packages/pymatgen/io/cif.py:1229: UserWarning: Issues encountered while parsing CIF: 4 fractional coordinates rounded to ideal values to avoid issues with finite precision.
  warnings.warn("Issues encountered while parsing CIF: " + "\n".join(self.warnings))
/opt/share/miniconda3/envs/mofmthnn/lib/python3.9/site-packages/pymatgen/io/cif.py:1229: UserWarning: Issues encountered while parsing CIF: 10 fractional coordinates rounded to ideal values to avoid issues with finite precision.
  warnings.warn("Issues encountered while parsing CIF: " + "\n".join(self.warnings))
==============================
*** Open Babel Warning  in PerceiveBondOrders
  Failed to kekulize aromatic bonds in OBMol::PerceiveBondOrders (title is /home/zhangsd/repos/MOFSNN/CGCNN_MT/data/CoREMOF2019/clean_cifs/CIZLEE_clean)

==============================
*** Open Babel Warning  in PerceiveBondOrders
  Failed to kekulize aromatic bonds in OBMol::PerceiveBondOrders (title is /home/zhangsd/repos/MOFSNN/CGCNN_MT/data/CoREMOF2019/clean_cifs/KOZQIB_clean)

==============================
*** Open Babel Warning  in PerceiveBondOrders
  Failed to kekulize aromatic bonds in OBMol::PerceiveBondOrders (title is /home/zhangsd/repos/MOFSNN/CGCNN_MT/data/CoREMOF2019/clean_cifs/HOZTOG_clean)

==============================
*** Open Babel Warning  in PerceiveBondOrders
  Failed to kekulize aromatic bonds in OBMol::PerceiveBondOrders (title is /home/zhangsd/repos/MOFSNN/CGCNN_MT/data/CoREMOF2019/clean_cifs/WUNSEE01_charged)

==============================
*** Open Babel Warning  in PerceiveBondOrders
  Failed to kekulize aromatic bonds in OBMol::PerceiveBondOrders (title is /home/zhangsd/repos/MOFSNN/CGCNN_MT/data/CoREMOF2019/clean_cifs/ZIMLAK_clean)

==============================
*** Open Babel Warning  in PerceiveBondOrders
  Failed to kekulize aromatic bonds in OBMol::PerceiveBondOrders (title is /home/zhangsd/repos/MOFSNN/CGCNN_MT/data/CoREMOF2019/clean_cifs/QUSSOO_clean)

==============================
*** Open Babel Warning  in PerceiveBondOrders
  Failed to kekulize aromatic bonds in OBMol::PerceiveBondOrders (title is /home/zhangsd/repos/MOFSNN/CGCNN_MT/data/CoREMOF2019/clean_cifs/EXECAN_clean)

/opt/share/miniconda3/envs/mofmthnn/lib/python3.9/site-packages/pymatgen/io/cif.py:1229: UserWarning: Issues encountered while parsing CIF: 1 fractional coordinates rounded to ideal values to avoid issues with finite precision.
  warnings.warn("Issues encountered while parsing CIF: " + "\n".join(self.warnings))
/opt/share/miniconda3/envs/mofmthnn/lib/python3.9/site-packages/pymatgen/io/cif.py:1229: UserWarning: Issues encountered while parsing CIF: 1 fractional coordinates rounded to ideal values to avoid issues with finite precision.
  warnings.warn("Issues encountered while parsing CIF: " + "\n".join(self.warnings))
==============================
*** Open Babel Warning  in PerceiveBondOrders
  Failed to kekulize aromatic bonds in OBMol::PerceiveBondOrders (title is /home/zhangsd/repos/MOFSNN/CGCNN_MT/data/CoREMOF2019/clean_cifs/HEHCOO_clean)

==============================
*** Open Babel Warning  in PerceiveBondOrders
  Failed to kekulize aromatic bonds in OBMol::PerceiveBondOrders (title is /home/zhangsd/repos/MOFSNN/CGCNN_MT/data/CoREMOF2019/clean_cifs/WUDZAY_clean)

/opt/share/miniconda3/envs/mofmthnn/lib/python3.9/site-packages/pymatgen/io/cif.py:1229: UserWarning: Issues encountered while parsing CIF: 30 fractional coordinates rounded to ideal values to avoid issues with finite precision.
  warnings.warn("Issues encountered while parsing CIF: " + "\n".join(self.warnings))
==============================
*** Open Babel Warning  in PerceiveBondOrders
  Failed to kekulize aromatic bonds in OBMol::PerceiveBondOrders (title is /home/zhangsd/repos/MOFSNN/CGCNN_MT/data/CoREMOF2019/clean_cifs/DIBJEF_clean)

==============================
*** Open Babel Warning  in PerceiveBondOrders
  Failed to kekulize aromatic bonds in OBMol::PerceiveBondOrders (title is /home/zhangsd/repos/MOFSNN/CGCNN_MT/data/CoREMOF2019/clean_cifs/GOQWOY_clean)

==============================
*** Open Babel Warning  in PerceiveBondOrders
  Failed to kekulize aromatic bonds in OBMol::PerceiveBondOrders (title is /home/zhangsd/repos/MOFSNN/CGCNN_MT/data/CoREMOF2019/clean_cifs/CAYDIR_clean)

==============================
*** Open Babel Warning  in PerceiveBondOrders
  Failed to kekulize aromatic bonds in OBMol::PerceiveBondOrders (title is /home/zhangsd/repos/MOFSNN/CGCNN_MT/data/CoREMOF2019/clean_cifs/OKIPUU_clean)

==============================
*** Open Babel Warning  in PerceiveBondOrders
  Failed to kekulize aromatic bonds in OBMol::PerceiveBondOrders (title is /home/zhangsd/repos/MOFSNN/CGCNN_MT/data/CoREMOF2019/clean_cifs/FURRIU_clean)

/opt/share/miniconda3/envs/mofmthnn/lib/python3.9/site-packages/pymatgen/io/cif.py:1229: UserWarning: Issues encountered while parsing CIF: 38 fractional coordinates rounded to ideal values to avoid issues with finite precision.
  warnings.warn("Issues encountered while parsing CIF: " + "\n".join(self.warnings))
/opt/share/miniconda3/envs/mofmthnn/lib/python3.9/site-packages/pymatgen/io/cif.py:1229: UserWarning: Issues encountered while parsing CIF: 8 fractional coordinates rounded to ideal values to avoid issues with finite precision.
  warnings.warn("Issues encountered while parsing CIF: " + "\n".join(self.warnings))
==============================
*** Open Babel Warning  in PerceiveBondOrders
  Failed to kekulize aromatic bonds in OBMol::PerceiveBondOrders (title is /home/zhangsd/repos/MOFSNN/CGCNN_MT/data/CoREMOF2019/clean_cifs/EXALAR_clean)

==============================
*** Open Babel Warning  in PerceiveBondOrders
  Failed to kekulize aromatic bonds in OBMol::PerceiveBondOrders (title is /home/zhangsd/repos/MOFSNN/CGCNN_MT/data/CoREMOF2019/clean_cifs/FEBPUY_clean)

==============================
*** Open Babel Warning  in PerceiveBondOrders
  Failed to kekulize aromatic bonds in OBMol::PerceiveBondOrders (title is /home/zhangsd/repos/MOFSNN/CGCNN_MT/data/CoREMOF2019/clean_cifs/IYEQUA_clean)

==============================
*** Open Babel Warning  in PerceiveBondOrders
  Failed to kekulize aromatic bonds in OBMol::PerceiveBondOrders (title is /home/zhangsd/repos/MOFSNN/CGCNN_MT/data/CoREMOF2019/clean_cifs/RAKDEN_clean)

==============================
*** Open Babel Warning  in PerceiveBondOrders
  Failed to kekulize aromatic bonds in OBMol::PerceiveBondOrders (title is /home/zhangsd/repos/MOFSNN/CGCNN_MT/data/CoREMOF2019/clean_cifs/NIFYOS_charged)

==============================
*** Open Babel Warning  in PerceiveBondOrders
  Failed to kekulize aromatic bonds in OBMol::PerceiveBondOrders (title is /home/zhangsd/repos/MOFSNN/CGCNN_MT/data/CoREMOF2019/clean_cifs/FUNCAT_clean)

==============================
*** Open Babel Warning  in PerceiveBondOrders
  Failed to kekulize aromatic bonds in OBMol::PerceiveBondOrders (title is /home/zhangsd/repos/MOFSNN/CGCNN_MT/data/CoREMOF2019/clean_cifs/ja907023c_si_004_clean)

==============================
*** Open Babel Warning  in PerceiveBondOrders
  Failed to kekulize aromatic bonds in OBMol::PerceiveBondOrders (title is /home/zhangsd/repos/MOFSNN/CGCNN_MT/data/CoREMOF2019/clean_cifs/TETWUM_clean)

/opt/share/miniconda3/envs/mofmthnn/lib/python3.9/site-packages/pymatgen/io/cif.py:1229: UserWarning: Issues encountered while parsing CIF: 16 fractional coordinates rounded to ideal values to avoid issues with finite precision.
  warnings.warn("Issues encountered while parsing CIF: " + "\n".join(self.warnings))
==============================
*** Open Babel Warning  in PerceiveBondOrders
  Failed to kekulize aromatic bonds in OBMol::PerceiveBondOrders (title is /home/zhangsd/repos/MOFSNN/CGCNN_MT/data/CoREMOF2019/clean_cifs/ASUKEE_clean)

==============================
*** Open Babel Warning  in PerceiveBondOrders
  Failed to kekulize aromatic bonds in OBMol::PerceiveBondOrders (title is /home/zhangsd/repos/MOFSNN/CGCNN_MT/data/CoREMOF2019/clean_cifs/VINHEH_charged)

==============================
*** Open Babel Warning  in PerceiveBondOrders
  Failed to kekulize aromatic bonds in OBMol::PerceiveBondOrders (title is /home/zhangsd/repos/MOFSNN/CGCNN_MT/data/CoREMOF2019/clean_cifs/LEJZOQ_clean)

==============================
*** Open Babel Warning  in PerceiveBondOrders
  Failed to kekulize aromatic bonds in OBMol::PerceiveBondOrders (title is /home/zhangsd/repos/MOFSNN/CGCNN_MT/data/CoREMOF2019/clean_cifs/JOWFOQ_clean)

==============================
*** Open Babel Warning  in PerceiveBondOrders
  Failed to kekulize aromatic bonds in OBMol::PerceiveBondOrders (title is /home/zhangsd/repos/MOFSNN/CGCNN_MT/data/CoREMOF2019/clean_cifs/IXEBEU_clean)

==============================
*** Open Babel Warning  in PerceiveBondOrders
  Failed to kekulize aromatic bonds in OBMol::PerceiveBondOrders (title is /home/zhangsd/repos/MOFSNN/CGCNN_MT/data/CoREMOF2019/clean_cifs/QUFXIZ_clean)

==============================
*** Open Babel Warning  in PerceiveBondOrders
  Failed to kekulize aromatic bonds in OBMol::PerceiveBondOrders (title is /home/zhangsd/repos/MOFSNN/CGCNN_MT/data/CoREMOF2019/clean_cifs/OSIKIL_clean)

==============================
*** Open Babel Warning  in PerceiveBondOrders
  Failed to kekulize aromatic bonds in OBMol::PerceiveBondOrders (title is /home/zhangsd/repos/MOFSNN/CGCNN_MT/data/CoREMOF2019/clean_cifs/QAGDIO_clean)

==============================
*** Open Babel Warning  in PerceiveBondOrders
  Failed to kekulize aromatic bonds in OBMol::PerceiveBondOrders (title is /home/zhangsd/repos/MOFSNN/CGCNN_MT/data/CoREMOF2019/clean_cifs/ADATOQ_clean)

==============================
*** Open Babel Warning  in PerceiveBondOrders
  Failed to kekulize aromatic bonds in OBMol::PerceiveBondOrders (title is /home/zhangsd/repos/MOFSNN/CGCNN_MT/data/CoREMOF2019/clean_cifs/FAGMAE_clean)

==============================
*** Open Babel Warning  in PerceiveBondOrders
  Failed to kekulize aromatic bonds in OBMol::PerceiveBondOrders (title is /home/zhangsd/repos/MOFSNN/CGCNN_MT/data/CoREMOF2019/clean_cifs/PAKFEP_clean)

==============================
*** Open Babel Warning  in PerceiveBondOrders
  Failed to kekulize aromatic bonds in OBMol::PerceiveBondOrders (title is /home/zhangsd/repos/MOFSNN/CGCNN_MT/data/CoREMOF2019/clean_cifs/BAKJII_clean)

==============================
*** Open Babel Warning  in PerceiveBondOrders
  Failed to kekulize aromatic bonds in OBMol::PerceiveBondOrders (title is /home/zhangsd/repos/MOFSNN/CGCNN_MT/data/CoREMOF2019/clean_cifs/GUVCOP_clean)

==============================
*** Open Babel Warning  in PerceiveBondOrders
  Failed to kekulize aromatic bonds in OBMol::PerceiveBondOrders (title is /home/zhangsd/repos/MOFSNN/CGCNN_MT/data/CoREMOF2019/clean_cifs/IGUVIR01_clean)

==============================
*** Open Babel Warning  in PerceiveBondOrders
  Failed to kekulize aromatic bonds in OBMol::PerceiveBondOrders (title is /home/zhangsd/repos/MOFSNN/CGCNN_MT/data/CoREMOF2019/clean_cifs/DITPED_clean)

==============================
*** Open Babel Warning  in PerceiveBondOrders
  Failed to kekulize aromatic bonds in OBMol::PerceiveBondOrders (title is /home/zhangsd/repos/MOFSNN/CGCNN_MT/data/CoREMOF2019/clean_cifs/BEPPOD_clean)

==============================
*** Open Babel Warning  in PerceiveBondOrders
  Failed to kekulize aromatic bonds in OBMol::PerceiveBondOrders (title is /home/zhangsd/repos/MOFSNN/CGCNN_MT/data/CoREMOF2019/clean_cifs/IYOCIK_clean)

==============================
*** Open Babel Warning  in PerceiveBondOrders
  Failed to kekulize aromatic bonds in OBMol::PerceiveBondOrders (title is /home/zhangsd/repos/MOFSNN/CGCNN_MT/data/CoREMOF2019/clean_cifs/FUBDEM_clean)

/opt/share/miniconda3/envs/mofmthnn/lib/python3.9/site-packages/pymatgen/io/cif.py:1229: UserWarning: Issues encountered while parsing CIF: 8 fractional coordinates rounded to ideal values to avoid issues with finite precision.
  warnings.warn("Issues encountered while parsing CIF: " + "\n".join(self.warnings))
==============================
*** Open Babel Warning  in PerceiveBondOrders
  Failed to kekulize aromatic bonds in OBMol::PerceiveBondOrders (title is /home/zhangsd/repos/MOFSNN/CGCNN_MT/data/CoREMOF2019/clean_cifs/RIPNOV_clean)

==============================
*** Open Babel Warning  in PerceiveBondOrders
  Failed to kekulize aromatic bonds in OBMol::PerceiveBondOrders (title is /home/zhangsd/repos/MOFSNN/CGCNN_MT/data/CoREMOF2019/clean_cifs/PAQVEK_clean)

==============================
*** Open Babel Warning  in PerceiveBondOrders
  Failed to kekulize aromatic bonds in OBMol::PerceiveBondOrders (title is /home/zhangsd/repos/MOFSNN/CGCNN_MT/data/CoREMOF2019/clean_cifs/ic501477u_si_002_clean)

==============================
*** Open Babel Warning  in PerceiveBondOrders
  Failed to kekulize aromatic bonds in OBMol::PerceiveBondOrders (title is /home/zhangsd/repos/MOFSNN/CGCNN_MT/data/CoREMOF2019/clean_cifs/YEYLUJ_clean)

==============================
*** Open Babel Warning  in PerceiveBondOrders
  Failed to kekulize aromatic bonds in OBMol::PerceiveBondOrders (title is /home/zhangsd/repos/MOFSNN/CGCNN_MT/data/CoREMOF2019/clean_cifs/YUNJEX_clean)

==============================
*** Open Babel Warning  in PerceiveBondOrders
  Failed to kekulize aromatic bonds in OBMol::PerceiveBondOrders (title is /home/zhangsd/repos/MOFSNN/CGCNN_MT/data/CoREMOF2019/clean_cifs/KAVLID_clean)

==============================
*** Open Babel Warning  in PerceiveBondOrders
  Failed to kekulize aromatic bonds in OBMol::PerceiveBondOrders (title is /home/zhangsd/repos/MOFSNN/CGCNN_MT/data/CoREMOF2019/clean_cifs/ic3019502_si_002_clean)

/opt/share/miniconda3/envs/mofmthnn/lib/python3.9/site-packages/pymatgen/io/cif.py:1229: UserWarning: Issues encountered while parsing CIF: 18 fractional coordinates rounded to ideal values to avoid issues with finite precision.
  warnings.warn("Issues encountered while parsing CIF: " + "\n".join(self.warnings))
/opt/share/miniconda3/envs/mofmthnn/lib/python3.9/site-packages/pymatgen/io/cif.py:1229: UserWarning: Issues encountered while parsing CIF: 10 fractional coordinates rounded to ideal values to avoid issues with finite precision.
  warnings.warn("Issues encountered while parsing CIF: " + "\n".join(self.warnings))
==============================
*** Open Babel Warning  in PerceiveBondOrders
  Failed to kekulize aromatic bonds in OBMol::PerceiveBondOrders (title is /home/zhangsd/repos/MOFSNN/CGCNN_MT/data/CoREMOF2019/clean_cifs/FERVEF_clean)

==============================
*** Open Babel Warning  in PerceiveBondOrders
  Failed to kekulize aromatic bonds in OBMol::PerceiveBondOrders (title is /home/zhangsd/repos/MOFSNN/CGCNN_MT/data/CoREMOF2019/clean_cifs/GUJTOV_clean)

==============================
*** Open Babel Warning  in PerceiveBondOrders
  Failed to kekulize aromatic bonds in OBMol::PerceiveBondOrders (title is /home/zhangsd/repos/MOFSNN/CGCNN_MT/data/CoREMOF2019/clean_cifs/GUVLAL_clean)

==============================
*** Open Babel Warning  in PerceiveBondOrders
  Failed to kekulize aromatic bonds in OBMol::PerceiveBondOrders (title is /home/zhangsd/repos/MOFSNN/CGCNN_MT/data/CoREMOF2019/clean_cifs/FIRNIF_clean)

==============================
*** Open Babel Warning  in PerceiveBondOrders
  Failed to kekulize aromatic bonds in OBMol::PerceiveBondOrders (title is /home/zhangsd/repos/MOFSNN/CGCNN_MT/data/CoREMOF2019/clean_cifs/GOLYUD_clean)

==============================
*** Open Babel Warning  in PerceiveBondOrders
  Failed to kekulize aromatic bonds in OBMol::PerceiveBondOrders (title is /home/zhangsd/repos/MOFSNN/CGCNN_MT/data/CoREMOF2019/clean_cifs/NAGQET_clean)

==============================
*** Open Babel Warning  in PerceiveBondOrders
  Failed to kekulize aromatic bonds in OBMol::PerceiveBondOrders (title is /home/zhangsd/repos/MOFSNN/CGCNN_MT/data/CoREMOF2019/clean_cifs/ULOKUD_clean)

==============================
*** Open Babel Warning  in PerceiveBondOrders
  Failed to kekulize aromatic bonds in OBMol::PerceiveBondOrders (title is /home/zhangsd/repos/MOFSNN/CGCNN_MT/data/CoREMOF2019/clean_cifs/COQJOJ_clean)

==============================
*** Open Babel Warning  in PerceiveBondOrders
  Failed to kekulize aromatic bonds in OBMol::PerceiveBondOrders (title is /home/zhangsd/repos/MOFSNN/CGCNN_MT/data/CoREMOF2019/clean_cifs/XANLEE_clean)

==============================
*** Open Babel Warning  in PerceiveBondOrders
  Failed to kekulize aromatic bonds in OBMol::PerceiveBondOrders (title is /home/zhangsd/repos/MOFSNN/CGCNN_MT/data/CoREMOF2019/clean_cifs/WERKUZ_clean)

==============================
*** Open Babel Warning  in PerceiveBondOrders
  Failed to kekulize aromatic bonds in OBMol::PerceiveBondOrders (title is /home/zhangsd/repos/MOFSNN/CGCNN_MT/data/CoREMOF2019/clean_cifs/LUSJOZ_clean)

/opt/share/miniconda3/envs/mofmthnn/lib/python3.9/site-packages/ase/io/cif.py:401: UserWarning: crystal system 'triclinic' is not interpreted for space group Spacegroup(1, setting=1). This may result in wrong setting!
  warnings.warn(
/opt/share/miniconda3/envs/mofmthnn/lib/python3.9/site-packages/pymatgen/io/cif.py:1229: UserWarning: Issues encountered while parsing CIF: 1 fractional coordinates rounded to ideal values to avoid issues with finite precision.
  warnings.warn("Issues encountered while parsing CIF: " + "\n".join(self.warnings))
==============================
*** Open Babel Warning  in PerceiveBondOrders
  Failed to kekulize aromatic bonds in OBMol::PerceiveBondOrders (title is /home/zhangsd/repos/MOFSNN/CGCNN_MT/data/CoREMOF2019/clean_cifs/XAPDAU_clean)

==============================
*** Open Babel Warning  in PerceiveBondOrders
  Failed to kekulize aromatic bonds in OBMol::PerceiveBondOrders (title is /home/zhangsd/repos/MOFSNN/CGCNN_MT/data/CoREMOF2019/clean_cifs/WEBKIX_charged)

/opt/share/miniconda3/envs/mofmthnn/lib/python3.9/site-packages/pymatgen/io/cif.py:1229: UserWarning: Issues encountered while parsing CIF: 12 fractional coordinates rounded to ideal values to avoid issues with finite precision.
  warnings.warn("Issues encountered while parsing CIF: " + "\n".join(self.warnings))
/opt/share/miniconda3/envs/mofmthnn/lib/python3.9/site-packages/pymatgen/io/cif.py:1229: UserWarning: Issues encountered while parsing CIF: 32 fractional coordinates rounded to ideal values to avoid issues with finite precision.
  warnings.warn("Issues encountered while parsing CIF: " + "\n".join(self.warnings))
==============================
*** Open Babel Warning  in PerceiveBondOrders
  Failed to kekulize aromatic bonds in OBMol::PerceiveBondOrders (title is /home/zhangsd/repos/MOFSNN/CGCNN_MT/data/CoREMOF2019/clean_cifs/MIHMEW_clean)

==============================
*** Open Babel Warning  in PerceiveBondOrders
  Failed to kekulize aromatic bonds in OBMol::PerceiveBondOrders (title is /home/zhangsd/repos/MOFSNN/CGCNN_MT/data/CoREMOF2019/clean_cifs/BIBBUL_clean)

==============================
*** Open Babel Warning  in PerceiveBondOrders
  Failed to kekulize aromatic bonds in OBMol::PerceiveBondOrders (title is /home/zhangsd/repos/MOFSNN/CGCNN_MT/data/CoREMOF2019/clean_cifs/LENKIA_clean)

==============================
*** Open Babel Warning  in PerceiveBondOrders
  Failed to kekulize aromatic bonds in OBMol::PerceiveBondOrders (title is /home/zhangsd/repos/MOFSNN/CGCNN_MT/data/CoREMOF2019/clean_cifs/RIPKIM01_clean)

==============================
*** Open Babel Warning  in PerceiveBondOrders
  Failed to kekulize aromatic bonds in OBMol::PerceiveBondOrders (title is /home/zhangsd/repos/MOFSNN/CGCNN_MT/data/CoREMOF2019/clean_cifs/DAWWIJ_clean)

==============================
*** Open Babel Warning  in PerceiveBondOrders
  Failed to kekulize aromatic bonds in OBMol::PerceiveBondOrders (title is /home/zhangsd/repos/MOFSNN/CGCNN_MT/data/CoREMOF2019/clean_cifs/GUFBOA_clean)

==============================
*** Open Babel Warning  in PerceiveBondOrders
  Failed to kekulize aromatic bonds in OBMol::PerceiveBondOrders (title is /home/zhangsd/repos/MOFSNN/CGCNN_MT/data/CoREMOF2019/clean_cifs/FUWFUA_clean)

/opt/share/miniconda3/envs/mofmthnn/lib/python3.9/site-packages/pymatgen/io/cif.py:1229: UserWarning: Issues encountered while parsing CIF: 8 fractional coordinates rounded to ideal values to avoid issues with finite precision.
  warnings.warn("Issues encountered while parsing CIF: " + "\n".join(self.warnings))
==============================
*** Open Babel Warning  in PerceiveBondOrders
  Failed to kekulize aromatic bonds in OBMol::PerceiveBondOrders (title is /home/zhangsd/repos/MOFSNN/CGCNN_MT/data/CoREMOF2019/clean_cifs/KOXFUA_clean)

==============================
*** Open Babel Warning  in PerceiveBondOrders
  Failed to kekulize aromatic bonds in OBMol::PerceiveBondOrders (title is /home/zhangsd/repos/MOFSNN/CGCNN_MT/data/CoREMOF2019/clean_cifs/BUVYEX_clean)

==============================
*** Open Babel Warning  in PerceiveBondOrders
  Failed to kekulize aromatic bonds in OBMol::PerceiveBondOrders (title is /home/zhangsd/repos/MOFSNN/CGCNN_MT/data/CoREMOF2019/clean_cifs/QUSFEP_charged)

==============================
*** Open Babel Warning  in PerceiveBondOrders
  Failed to kekulize aromatic bonds in OBMol::PerceiveBondOrders (title is /home/zhangsd/repos/MOFSNN/CGCNN_MT/data/CoREMOF2019/clean_cifs/GUQWOG_clean)

==============================
*** Open Babel Warning  in PerceiveBondOrders
  Failed to kekulize aromatic bonds in OBMol::PerceiveBondOrders (title is /home/zhangsd/repos/MOFSNN/CGCNN_MT/data/CoREMOF2019/clean_cifs/SEFSOM_clean)

==============================
*** Open Babel Warning  in PerceiveBondOrders
  Failed to kekulize aromatic bonds in OBMol::PerceiveBondOrders (title is /home/zhangsd/repos/MOFSNN/CGCNN_MT/data/CoREMOF2019/clean_cifs/HABRIN_clean)

==============================
*** Open Babel Warning  in PerceiveBondOrders
  Failed to kekulize aromatic bonds in OBMol::PerceiveBondOrders (title is /home/zhangsd/repos/MOFSNN/CGCNN_MT/data/CoREMOF2019/clean_cifs/QIVYUR_clean)

==============================
*** Open Babel Warning  in PerceiveBondOrders
  Failed to kekulize aromatic bonds in OBMol::PerceiveBondOrders (title is /home/zhangsd/repos/MOFSNN/CGCNN_MT/data/CoREMOF2019/clean_cifs/MICNES_clean)

/opt/share/miniconda3/envs/mofmthnn/lib/python3.9/site-packages/pymatgen/io/cif.py:1229: UserWarning: Issues encountered while parsing CIF: 2 fractional coordinates rounded to ideal values to avoid issues with finite precision.
  warnings.warn("Issues encountered while parsing CIF: " + "\n".join(self.warnings))
==============================
*** Open Babel Warning  in PerceiveBondOrders
  Failed to kekulize aromatic bonds in OBMol::PerceiveBondOrders (title is /home/zhangsd/repos/MOFSNN/CGCNN_MT/data/CoREMOF2019/clean_cifs/BIQHEQ_clean)

==============================
*** Open Babel Warning  in PerceiveBondOrders
  Failed to kekulize aromatic bonds in OBMol::PerceiveBondOrders (title is /home/zhangsd/repos/MOFSNN/CGCNN_MT/data/CoREMOF2019/clean_cifs/XANMIJ_clean)

==============================
*** Open Babel Warning  in PerceiveBondOrders
  Failed to kekulize aromatic bonds in OBMol::PerceiveBondOrders (title is /home/zhangsd/repos/MOFSNN/CGCNN_MT/data/CoREMOF2019/clean_cifs/ICAGOK_clean)

==============================
*** Open Babel Warning  in PerceiveBondOrders
  Failed to kekulize aromatic bonds in OBMol::PerceiveBondOrders (title is /home/zhangsd/repos/MOFSNN/CGCNN_MT/data/CoREMOF2019/clean_cifs/QODHUO07_clean)

==============================
*** Open Babel Warning  in PerceiveBondOrders
  Failed to kekulize aromatic bonds in OBMol::PerceiveBondOrders (title is /home/zhangsd/repos/MOFSNN/CGCNN_MT/data/CoREMOF2019/clean_cifs/LODPUR_clean)

==============================
*** Open Babel Warning  in PerceiveBondOrders
  Failed to kekulize aromatic bonds in OBMol::PerceiveBondOrders (title is /home/zhangsd/repos/MOFSNN/CGCNN_MT/data/CoREMOF2019/clean_cifs/JUSHIQ_clean)

/opt/share/miniconda3/envs/mofmthnn/lib/python3.9/site-packages/pymatgen/io/cif.py:1229: UserWarning: Issues encountered while parsing CIF: 44 fractional coordinates rounded to ideal values to avoid issues with finite precision.
  warnings.warn("Issues encountered while parsing CIF: " + "\n".join(self.warnings))
==============================
*** Open Babel Warning  in PerceiveBondOrders
  Failed to kekulize aromatic bonds in OBMol::PerceiveBondOrders (title is /home/zhangsd/repos/MOFSNN/CGCNN_MT/data/CoREMOF2019/clean_cifs/TUYHOL_clean)

==============================
*** Open Babel Warning  in PerceiveBondOrders
  Failed to kekulize aromatic bonds in OBMol::PerceiveBondOrders (title is /home/zhangsd/repos/MOFSNN/CGCNN_MT/data/CoREMOF2019/clean_cifs/GEGBEB_clean)

/opt/share/miniconda3/envs/mofmthnn/lib/python3.9/site-packages/pymatgen/io/cif.py:1229: UserWarning: Issues encountered while parsing CIF: 1 fractional coordinates rounded to ideal values to avoid issues with finite precision.
  warnings.warn("Issues encountered while parsing CIF: " + "\n".join(self.warnings))
==============================
*** Open Babel Warning  in PerceiveBondOrders
  Failed to kekulize aromatic bonds in OBMol::PerceiveBondOrders (title is /home/zhangsd/repos/MOFSNN/CGCNN_MT/data/CoREMOF2019/clean_cifs/BUBTUP_clean)

==============================
*** Open Babel Warning  in PerceiveBondOrders
  Failed to kekulize aromatic bonds in OBMol::PerceiveBondOrders (title is /home/zhangsd/repos/MOFSNN/CGCNN_MT/data/CoREMOF2019/clean_cifs/TEBWII_clean)

==============================
*** Open Babel Warning  in PerceiveBondOrders
  Failed to kekulize aromatic bonds in OBMol::PerceiveBondOrders (title is /home/zhangsd/repos/MOFSNN/CGCNN_MT/data/CoREMOF2019/clean_cifs/MIFROK_clean)

==============================
*** Open Babel Warning  in PerceiveBondOrders
  Failed to kekulize aromatic bonds in OBMol::PerceiveBondOrders (title is /home/zhangsd/repos/MOFSNN/CGCNN_MT/data/CoREMOF2019/clean_cifs/HABREJ_clean)

/opt/share/miniconda3/envs/mofmthnn/lib/python3.9/site-packages/pymatgen/io/cif.py:1229: UserWarning: Issues encountered while parsing CIF: 1 fractional coordinates rounded to ideal values to avoid issues with finite precision.
  warnings.warn("Issues encountered while parsing CIF: " + "\n".join(self.warnings))
==============================
*** Open Babel Warning  in PerceiveBondOrders
  Failed to kekulize aromatic bonds in OBMol::PerceiveBondOrders (title is /home/zhangsd/repos/MOFSNN/CGCNN_MT/data/CoREMOF2019/clean_cifs/CISMIC_clean)

==============================
*** Open Babel Warning  in PerceiveBondOrders
  Failed to kekulize aromatic bonds in OBMol::PerceiveBondOrders (title is /home/zhangsd/repos/MOFSNN/CGCNN_MT/data/CoREMOF2019/clean_cifs/NACYOG_clean)

==============================
*** Open Babel Warning  in PerceiveBondOrders
  Failed to kekulize aromatic bonds in OBMol::PerceiveBondOrders (title is /home/zhangsd/repos/MOFSNN/CGCNN_MT/data/CoREMOF2019/clean_cifs/LOVLEP_clean)

/opt/share/miniconda3/envs/mofmthnn/lib/python3.9/site-packages/pymatgen/io/cif.py:1229: UserWarning: Issues encountered while parsing CIF: 1 fractional coordinates rounded to ideal values to avoid issues with finite precision.
  warnings.warn("Issues encountered while parsing CIF: " + "\n".join(self.warnings))
/opt/share/miniconda3/envs/mofmthnn/lib/python3.9/site-packages/pymatgen/io/cif.py:1229: UserWarning: Issues encountered while parsing CIF: 1 fractional coordinates rounded to ideal values to avoid issues with finite precision.
  warnings.warn("Issues encountered while parsing CIF: " + "\n".join(self.warnings))
==============================
*** Open Babel Warning  in PerceiveBondOrders
  Failed to kekulize aromatic bonds in OBMol::PerceiveBondOrders (title is /home/zhangsd/repos/MOFSNN/CGCNN_MT/data/CoREMOF2019/clean_cifs/JOCLOD_clean)

==============================
*** Open Babel Warning  in PerceiveBondOrders
  Failed to kekulize aromatic bonds in OBMol::PerceiveBondOrders (title is /home/zhangsd/repos/MOFSNN/CGCNN_MT/data/CoREMOF2019/clean_cifs/c5ce00010f_c5ce00010f2_clean)

==============================
*** Open Babel Warning  in PerceiveBondOrders
  Failed to kekulize aromatic bonds in OBMol::PerceiveBondOrders (title is /home/zhangsd/repos/MOFSNN/CGCNN_MT/data/CoREMOF2019/clean_cifs/OBUFEX_clean)

/opt/share/miniconda3/envs/mofmthnn/lib/python3.9/site-packages/pymatgen/io/cif.py:1229: UserWarning: Issues encountered while parsing CIF: 8 fractional coordinates rounded to ideal values to avoid issues with finite precision.
  warnings.warn("Issues encountered while parsing CIF: " + "\n".join(self.warnings))
==============================
*** Open Babel Warning  in PerceiveBondOrders
  Failed to kekulize aromatic bonds in OBMol::PerceiveBondOrders (title is /home/zhangsd/repos/MOFSNN/CGCNN_MT/data/CoREMOF2019/clean_cifs/LIWXOG_clean)

==============================
*** Open Babel Warning  in PerceiveBondOrders
  Failed to kekulize aromatic bonds in OBMol::PerceiveBondOrders (title is /home/zhangsd/repos/MOFSNN/CGCNN_MT/data/CoREMOF2019/clean_cifs/WILHIK_clean)

==============================
*** Open Babel Warning  in PerceiveBondOrders
  Failed to kekulize aromatic bonds in OBMol::PerceiveBondOrders (title is /home/zhangsd/repos/MOFSNN/CGCNN_MT/data/CoREMOF2019/clean_cifs/FOXPUE_clean)

==============================
*** Open Babel Warning  in PerceiveBondOrders
  Failed to kekulize aromatic bonds in OBMol::PerceiveBondOrders (title is /home/zhangsd/repos/MOFSNN/CGCNN_MT/data/CoREMOF2019/clean_cifs/c6ce00407e_c6ce00407e4_clean)

==============================
*** Open Babel Warning  in PerceiveBondOrders
  Failed to kekulize aromatic bonds in OBMol::PerceiveBondOrders (title is /home/zhangsd/repos/MOFSNN/CGCNN_MT/data/CoREMOF2019/clean_cifs/PETWES_clean)

/opt/share/miniconda3/envs/mofmthnn/lib/python3.9/site-packages/pymatgen/io/cif.py:1229: UserWarning: Issues encountered while parsing CIF: 2 fractional coordinates rounded to ideal values to avoid issues with finite precision.
  warnings.warn("Issues encountered while parsing CIF: " + "\n".join(self.warnings))
==============================
*** Open Babel Warning  in PerceiveBondOrders
  Failed to kekulize aromatic bonds in OBMol::PerceiveBondOrders (title is /home/zhangsd/repos/MOFSNN/CGCNN_MT/data/CoREMOF2019/clean_cifs/QUSSII_clean)

/opt/share/miniconda3/envs/mofmthnn/lib/python3.9/site-packages/pymatgen/io/cif.py:1229: UserWarning: Issues encountered while parsing CIF: 10 fractional coordinates rounded to ideal values to avoid issues with finite precision.
  warnings.warn("Issues encountered while parsing CIF: " + "\n".join(self.warnings))
==============================
*** Open Babel Warning  in PerceiveBondOrders
  Failed to kekulize aromatic bonds in OBMol::PerceiveBondOrders (title is /home/zhangsd/repos/MOFSNN/CGCNN_MT/data/CoREMOF2019/clean_cifs/BASJUB_clean)

==============================
*** Open Babel Warning  in PerceiveBondOrders
  Failed to kekulize aromatic bonds in OBMol::PerceiveBondOrders (title is /home/zhangsd/repos/MOFSNN/CGCNN_MT/data/CoREMOF2019/clean_cifs/DOHNUL_clean)

==============================
*** Open Babel Warning  in PerceiveBondOrders
  Failed to kekulize aromatic bonds in OBMol::PerceiveBondOrders (title is /home/zhangsd/repos/MOFSNN/CGCNN_MT/data/CoREMOF2019/clean_cifs/BELJIL_clean)

==============================
*** Open Babel Warning  in PerceiveBondOrders
  Failed to kekulize aromatic bonds in OBMol::PerceiveBondOrders (title is /home/zhangsd/repos/MOFSNN/CGCNN_MT/data/CoREMOF2019/clean_cifs/PEVBUP_clean)

==============================
*** Open Babel Warning  in PerceiveBondOrders
  Failed to kekulize aromatic bonds in OBMol::PerceiveBondOrders (title is /home/zhangsd/repos/MOFSNN/CGCNN_MT/data/CoREMOF2019/clean_cifs/GIWCOF_ion_b)

==============================
*** Open Babel Warning  in PerceiveBondOrders
  Failed to kekulize aromatic bonds in OBMol::PerceiveBondOrders (title is /home/zhangsd/repos/MOFSNN/CGCNN_MT/data/CoREMOF2019/clean_cifs/VIGNOQ_clean)

==============================
*** Open Babel Warning  in PerceiveBondOrders
  Failed to kekulize aromatic bonds in OBMol::PerceiveBondOrders (title is /home/zhangsd/repos/MOFSNN/CGCNN_MT/data/CoREMOF2019/clean_cifs/OXANOR_clean)

==============================
*** Open Babel Warning  in PerceiveBondOrders
  Failed to kekulize aromatic bonds in OBMol::PerceiveBondOrders (title is /home/zhangsd/repos/MOFSNN/CGCNN_MT/data/CoREMOF2019/clean_cifs/XORHET_clean)

==============================
*** Open Babel Warning  in PerceiveBondOrders
  Failed to kekulize aromatic bonds in OBMol::PerceiveBondOrders (title is /home/zhangsd/repos/MOFSNN/CGCNN_MT/data/CoREMOF2019/clean_cifs/GUWDUY_clean)

==============================
*** Open Babel Warning  in PerceiveBondOrders
  Failed to kekulize aromatic bonds in OBMol::PerceiveBondOrders (title is /home/zhangsd/repos/MOFSNN/CGCNN_MT/data/CoREMOF2019/clean_cifs/KIGCEK_clean)

==============================
*** Open Babel Warning  in PerceiveBondOrders
  Failed to kekulize aromatic bonds in OBMol::PerceiveBondOrders (title is /home/zhangsd/repos/MOFSNN/CGCNN_MT/data/CoREMOF2019/clean_cifs/NOWGIR_clean)

==============================
*** Open Babel Warning  in PerceiveBondOrders
  Failed to kekulize aromatic bonds in OBMol::PerceiveBondOrders (title is /home/zhangsd/repos/MOFSNN/CGCNN_MT/data/CoREMOF2019/clean_cifs/GUKXIU_clean)

==============================
*** Open Babel Warning  in PerceiveBondOrders
  Failed to kekulize aromatic bonds in OBMol::PerceiveBondOrders (title is /home/zhangsd/repos/MOFSNN/CGCNN_MT/data/CoREMOF2019/clean_cifs/UVAROZ_clean)

==============================
*** Open Babel Warning  in PerceiveBondOrders
  Failed to kekulize aromatic bonds in OBMol::PerceiveBondOrders (title is /home/zhangsd/repos/MOFSNN/CGCNN_MT/data/CoREMOF2019/clean_cifs/HALQUJ_clean)

==============================
*** Open Babel Warning  in PerceiveBondOrders
  Failed to kekulize aromatic bonds in OBMol::PerceiveBondOrders (title is /home/zhangsd/repos/MOFSNN/CGCNN_MT/data/CoREMOF2019/clean_cifs/MIZKOW_clean)

==============================
*** Open Babel Warning  in PerceiveBondOrders
  Failed to kekulize aromatic bonds in OBMol::PerceiveBondOrders (title is /home/zhangsd/repos/MOFSNN/CGCNN_MT/data/CoREMOF2019/clean_cifs/IHERIY_clean)

==============================
*** Open Babel Warning  in PerceiveBondOrders
  Failed to kekulize aromatic bonds in OBMol::PerceiveBondOrders (title is /home/zhangsd/repos/MOFSNN/CGCNN_MT/data/CoREMOF2019/clean_cifs/HAKCIG_clean)

==============================
*** Open Babel Warning  in PerceiveBondOrders
  Failed to kekulize aromatic bonds in OBMol::PerceiveBondOrders (title is /home/zhangsd/repos/MOFSNN/CGCNN_MT/data/CoREMOF2019/clean_cifs/NANNAU_clean)

/opt/share/miniconda3/envs/mofmthnn/lib/python3.9/site-packages/pymatgen/io/cif.py:1229: UserWarning: Issues encountered while parsing CIF: 2 fractional coordinates rounded to ideal values to avoid issues with finite precision.
  warnings.warn("Issues encountered while parsing CIF: " + "\n".join(self.warnings))
==============================
*** Open Babel Warning  in PerceiveBondOrders
  Failed to kekulize aromatic bonds in OBMol::PerceiveBondOrders (title is /home/zhangsd/repos/MOFSNN/CGCNN_MT/data/CoREMOF2019/clean_cifs/PEFTAX_clean)

==============================
*** Open Babel Warning  in PerceiveBondOrders
  Failed to kekulize aromatic bonds in OBMol::PerceiveBondOrders (title is /home/zhangsd/repos/MOFSNN/CGCNN_MT/data/CoREMOF2019/clean_cifs/YAPLOS_clean)

==============================
*** Open Babel Warning  in PerceiveBondOrders
  Failed to kekulize aromatic bonds in OBMol::PerceiveBondOrders (title is /home/zhangsd/repos/MOFSNN/CGCNN_MT/data/CoREMOF2019/clean_cifs/BOMCOX_clean)

==============================
*** Open Babel Warning  in PerceiveBondOrders
  Failed to kekulize aromatic bonds in OBMol::PerceiveBondOrders (title is /home/zhangsd/repos/MOFSNN/CGCNN_MT/data/CoREMOF2019/clean_cifs/GUFREF_clean)

==============================
*** Open Babel Warning  in PerceiveBondOrders
  Failed to kekulize aromatic bonds in OBMol::PerceiveBondOrders (title is /home/zhangsd/repos/MOFSNN/CGCNN_MT/data/CoREMOF2019/clean_cifs/TAKGUK_clean)

==============================
*** Open Babel Warning  in PerceiveBondOrders
  Failed to kekulize aromatic bonds in OBMol::PerceiveBondOrders (title is /home/zhangsd/repos/MOFSNN/CGCNN_MT/data/CoREMOF2019/clean_cifs/OXEVOE_clean)

==============================
*** Open Babel Warning  in PerceiveBondOrders
  Failed to kekulize aromatic bonds in OBMol::PerceiveBondOrders (title is /home/zhangsd/repos/MOFSNN/CGCNN_MT/data/CoREMOF2019/clean_cifs/KUCDIW_clean)

==============================
*** Open Babel Warning  in PerceiveBondOrders
  Failed to kekulize aromatic bonds in OBMol::PerceiveBondOrders (title is /home/zhangsd/repos/MOFSNN/CGCNN_MT/data/CoREMOF2019/clean_cifs/YOZBIZ01_clean)

==============================
*** Open Babel Warning  in PerceiveBondOrders
  Failed to kekulize aromatic bonds in OBMol::PerceiveBondOrders (title is /home/zhangsd/repos/MOFSNN/CGCNN_MT/data/CoREMOF2019/clean_cifs/NUDLAA_clean)

==============================
*** Open Babel Warning  in PerceiveBondOrders
  Failed to kekulize aromatic bonds in OBMol::PerceiveBondOrders (title is /home/zhangsd/repos/MOFSNN/CGCNN_MT/data/CoREMOF2019/clean_cifs/HOWQEQ_clean)

==============================
*** Open Babel Warning  in PerceiveBondOrders
  Failed to kekulize aromatic bonds in OBMol::PerceiveBondOrders (title is /home/zhangsd/repos/MOFSNN/CGCNN_MT/data/CoREMOF2019/clean_cifs/HUFHEX_clean)

==============================
*** Open Babel Warning  in PerceiveBondOrders
  Failed to kekulize aromatic bonds in OBMol::PerceiveBondOrders (title is /home/zhangsd/repos/MOFSNN/CGCNN_MT/data/CoREMOF2019/clean_cifs/YUZXAT_clean)

==============================
*** Open Babel Warning  in PerceiveBondOrders
  Failed to kekulize aromatic bonds in OBMol::PerceiveBondOrders (title is /home/zhangsd/repos/MOFSNN/CGCNN_MT/data/CoREMOF2019/clean_cifs/IXUHUE_clean)

==============================
*** Open Babel Warning  in PerceiveBondOrders
  Failed to kekulize aromatic bonds in OBMol::PerceiveBondOrders (title is /home/zhangsd/repos/MOFSNN/CGCNN_MT/data/CoREMOF2019/clean_cifs/POSGEL_clean)

==============================
*** Open Babel Warning  in PerceiveBondOrders
  Failed to kekulize aromatic bonds in OBMol::PerceiveBondOrders (title is /home/zhangsd/repos/MOFSNN/CGCNN_MT/data/CoREMOF2019/clean_cifs/acs.jpcc.6b04690_jp6b04690_si_005_clean)

==============================
*** Open Babel Warning  in PerceiveBondOrders
  Failed to kekulize aromatic bonds in OBMol::PerceiveBondOrders (title is /home/zhangsd/repos/MOFSNN/CGCNN_MT/data/CoREMOF2019/clean_cifs/c6ra27069g_c6ra27069g2_clean)

==============================
*** Open Babel Warning  in PerceiveBondOrders
  Failed to kekulize aromatic bonds in OBMol::PerceiveBondOrders (title is /home/zhangsd/repos/MOFSNN/CGCNN_MT/data/CoREMOF2019/clean_cifs/GIJXAA_clean)

==============================
*** Open Babel Warning  in PerceiveBondOrders
  Failed to kekulize aromatic bonds in OBMol::PerceiveBondOrders (title is /home/zhangsd/repos/MOFSNN/CGCNN_MT/data/CoREMOF2019/clean_cifs/DAXJET01_clean)

==============================
*** Open Babel Warning  in PerceiveBondOrders
  Failed to kekulize aromatic bonds in OBMol::PerceiveBondOrders (title is /home/zhangsd/repos/MOFSNN/CGCNN_MT/data/CoREMOF2019/clean_cifs/c5ce00862j_c5ce00862j2_clean)

==============================
*** Open Babel Warning  in PerceiveBondOrders
  Failed to kekulize aromatic bonds in OBMol::PerceiveBondOrders (title is /home/zhangsd/repos/MOFSNN/CGCNN_MT/data/CoREMOF2019/clean_cifs/VIZSOO_clean)

/opt/share/miniconda3/envs/mofmthnn/lib/python3.9/site-packages/pymatgen/io/cif.py:1229: UserWarning: Issues encountered while parsing CIF: 2 fractional coordinates rounded to ideal values to avoid issues with finite precision.
  warnings.warn("Issues encountered while parsing CIF: " + "\n".join(self.warnings))
==============================
*** Open Babel Warning  in PerceiveBondOrders
  Failed to kekulize aromatic bonds in OBMol::PerceiveBondOrders (title is /home/zhangsd/repos/MOFSNN/CGCNN_MT/data/CoREMOF2019/clean_cifs/PUMGIP01_clean)

==============================
*** Open Babel Warning  in PerceiveBondOrders
  Failed to kekulize aromatic bonds in OBMol::PerceiveBondOrders (title is /home/zhangsd/repos/MOFSNN/CGCNN_MT/data/CoREMOF2019/clean_cifs/AQUCOF_clean)

==============================
*** Open Babel Warning  in PerceiveBondOrders
  Failed to kekulize aromatic bonds in OBMol::PerceiveBondOrders (title is /home/zhangsd/repos/MOFSNN/CGCNN_MT/data/CoREMOF2019/clean_cifs/SOHMUY_clean)

==============================
*** Open Babel Warning  in PerceiveBondOrders
  Failed to kekulize aromatic bonds in OBMol::PerceiveBondOrders (title is /home/zhangsd/repos/MOFSNN/CGCNN_MT/data/CoREMOF2019/clean_cifs/ZIDNEH_clean)

==============================
*** Open Babel Warning  in PerceiveBondOrders
  Failed to kekulize aromatic bonds in OBMol::PerceiveBondOrders (title is /home/zhangsd/repos/MOFSNN/CGCNN_MT/data/CoREMOF2019/clean_cifs/DAFSOV_clean)

==============================
*** Open Babel Warning  in PerceiveBondOrders
  Failed to kekulize aromatic bonds in OBMol::PerceiveBondOrders (title is /home/zhangsd/repos/MOFSNN/CGCNN_MT/data/CoREMOF2019/clean_cifs/NIRFIE_clean)

/opt/share/miniconda3/envs/mofmthnn/lib/python3.9/site-packages/pymatgen/io/cif.py:1229: UserWarning: Issues encountered while parsing CIF: 4 fractional coordinates rounded to ideal values to avoid issues with finite precision.
  warnings.warn("Issues encountered while parsing CIF: " + "\n".join(self.warnings))
/opt/share/miniconda3/envs/mofmthnn/lib/python3.9/site-packages/pymatgen/io/cif.py:1229: UserWarning: Issues encountered while parsing CIF: 2 fractional coordinates rounded to ideal values to avoid issues with finite precision.
  warnings.warn("Issues encountered while parsing CIF: " + "\n".join(self.warnings))
==============================
*** Open Babel Warning  in PerceiveBondOrders
  Failed to kekulize aromatic bonds in OBMol::PerceiveBondOrders (title is /home/zhangsd/repos/MOFSNN/CGCNN_MT/data/CoREMOF2019/clean_cifs/RUDQUD01_clean)

==============================
*** Open Babel Warning  in PerceiveBondOrders
  Failed to kekulize aromatic bonds in OBMol::PerceiveBondOrders (title is /home/zhangsd/repos/MOFSNN/CGCNN_MT/data/CoREMOF2019/clean_cifs/COXDIE_clean)

==============================
*** Open Babel Warning  in PerceiveBondOrders
  Failed to kekulize aromatic bonds in OBMol::PerceiveBondOrders (title is /home/zhangsd/repos/MOFSNN/CGCNN_MT/data/CoREMOF2019/clean_cifs/BINDAF_manual)

==============================
*** Open Babel Warning  in PerceiveBondOrders
  Failed to kekulize aromatic bonds in OBMol::PerceiveBondOrders (title is /home/zhangsd/repos/MOFSNN/CGCNN_MT/data/CoREMOF2019/clean_cifs/LIRNOR_clean)

==============================
*** Open Babel Warning  in PerceiveBondOrders
  Failed to kekulize aromatic bonds in OBMol::PerceiveBondOrders (title is /home/zhangsd/repos/MOFSNN/CGCNN_MT/data/CoREMOF2019/clean_cifs/OTUXUX_clean)

==============================
*** Open Babel Warning  in PerceiveBondOrders
  Failed to kekulize aromatic bonds in OBMol::PerceiveBondOrders (title is /home/zhangsd/repos/MOFSNN/CGCNN_MT/data/CoREMOF2019/clean_cifs/DEKHUX_clean)

==============================
*** Open Babel Warning  in PerceiveBondOrders
  Failed to kekulize aromatic bonds in OBMol::PerceiveBondOrders (title is /home/zhangsd/repos/MOFSNN/CGCNN_MT/data/CoREMOF2019/clean_cifs/ESASAU_clean)

==============================
*** Open Babel Warning  in PerceiveBondOrders
  Failed to kekulize aromatic bonds in OBMol::PerceiveBondOrders (title is /home/zhangsd/repos/MOFSNN/CGCNN_MT/data/CoREMOF2019/clean_cifs/IWOKOW_clean)

/opt/share/miniconda3/envs/mofmthnn/lib/python3.9/site-packages/pymatgen/io/cif.py:1229: UserWarning: Issues encountered while parsing CIF: 1 fractional coordinates rounded to ideal values to avoid issues with finite precision.
  warnings.warn("Issues encountered while parsing CIF: " + "\n".join(self.warnings))
==============================
*** Open Babel Warning  in PerceiveBondOrders
  Failed to kekulize aromatic bonds in OBMol::PerceiveBondOrders (title is /home/zhangsd/repos/MOFSNN/CGCNN_MT/data/CoREMOF2019/clean_cifs/TIDLID_clean)

/opt/share/miniconda3/envs/mofmthnn/lib/python3.9/site-packages/pymatgen/io/cif.py:1229: UserWarning: Issues encountered while parsing CIF: 8 fractional coordinates rounded to ideal values to avoid issues with finite precision.
  warnings.warn("Issues encountered while parsing CIF: " + "\n".join(self.warnings))
==============================
*** Open Babel Warning  in PerceiveBondOrders
  Failed to kekulize aromatic bonds in OBMol::PerceiveBondOrders (title is /home/zhangsd/repos/MOFSNN/CGCNN_MT/data/CoREMOF2019/clean_cifs/RIZNIY_clean)

==============================
*** Open Babel Warning  in PerceiveBondOrders
  Failed to kekulize aromatic bonds in OBMol::PerceiveBondOrders (title is /home/zhangsd/repos/MOFSNN/CGCNN_MT/data/CoREMOF2019/clean_cifs/WIKXUJ_charged)

==============================
*** Open Babel Warning  in PerceiveBondOrders
  Failed to kekulize aromatic bonds in OBMol::PerceiveBondOrders (title is /home/zhangsd/repos/MOFSNN/CGCNN_MT/data/CoREMOF2019/clean_cifs/RATVEP_clean)

==============================
*** Open Babel Warning  in PerceiveBondOrders
  Failed to kekulize aromatic bonds in OBMol::PerceiveBondOrders (title is /home/zhangsd/repos/MOFSNN/CGCNN_MT/data/CoREMOF2019/clean_cifs/TIVXOM_charged)

/opt/share/miniconda3/envs/mofmthnn/lib/python3.9/site-packages/pymatgen/io/cif.py:1229: UserWarning: Issues encountered while parsing CIF: 20 fractional coordinates rounded to ideal values to avoid issues with finite precision.
  warnings.warn("Issues encountered while parsing CIF: " + "\n".join(self.warnings))
/opt/share/miniconda3/envs/mofmthnn/lib/python3.9/site-packages/pymatgen/io/cif.py:1229: UserWarning: Issues encountered while parsing CIF: 1 fractional coordinates rounded to ideal values to avoid issues with finite precision.
  warnings.warn("Issues encountered while parsing CIF: " + "\n".join(self.warnings))
==============================
*** Open Babel Warning  in PerceiveBondOrders
  Failed to kekulize aromatic bonds in OBMol::PerceiveBondOrders (title is /home/zhangsd/repos/MOFSNN/CGCNN_MT/data/CoREMOF2019/clean_cifs/BIJFAD_clean)

==============================
*** Open Babel Warning  in PerceiveBondOrders
  Failed to kekulize aromatic bonds in OBMol::PerceiveBondOrders (title is /home/zhangsd/repos/MOFSNN/CGCNN_MT/data/CoREMOF2019/clean_cifs/QUQPIC_clean)

==============================
*** Open Babel Warning  in PerceiveBondOrders
  Failed to kekulize aromatic bonds in OBMol::PerceiveBondOrders (title is /home/zhangsd/repos/MOFSNN/CGCNN_MT/data/CoREMOF2019/clean_cifs/LEVPEJ_clean)

==============================
*** Open Babel Warning  in PerceiveBondOrders
  Failed to kekulize aromatic bonds in OBMol::PerceiveBondOrders (title is /home/zhangsd/repos/MOFSNN/CGCNN_MT/data/CoREMOF2019/clean_cifs/WASMIP_clean)

==============================
*** Open Babel Warning  in PerceiveBondOrders
  Failed to kekulize aromatic bonds in OBMol::PerceiveBondOrders (title is /home/zhangsd/repos/MOFSNN/CGCNN_MT/data/CoREMOF2019/clean_cifs/ZEFVIR_clean)

==============================
*** Open Babel Warning  in PerceiveBondOrders
  Failed to kekulize aromatic bonds in OBMol::PerceiveBondOrders (title is /home/zhangsd/repos/MOFSNN/CGCNN_MT/data/CoREMOF2019/clean_cifs/XEDPUT_clean)

==============================
*** Open Babel Warning  in PerceiveBondOrders
  Failed to kekulize aromatic bonds in OBMol::PerceiveBondOrders (title is /home/zhangsd/repos/MOFSNN/CGCNN_MT/data/CoREMOF2019/clean_cifs/FAYPAY_clean)

==============================
*** Open Babel Warning  in PerceiveBondOrders
  Failed to kekulize aromatic bonds in OBMol::PerceiveBondOrders (title is /home/zhangsd/repos/MOFSNN/CGCNN_MT/data/CoREMOF2019/clean_cifs/ASADAA_clean)

==============================
*** Open Babel Warning  in PerceiveBondOrders
  Failed to kekulize aromatic bonds in OBMol::PerceiveBondOrders (title is /home/zhangsd/repos/MOFSNN/CGCNN_MT/data/CoREMOF2019/clean_cifs/FATKUI_clean)

==============================
*** Open Babel Warning  in PerceiveBondOrders
  Failed to kekulize aromatic bonds in OBMol::PerceiveBondOrders (title is /home/zhangsd/repos/MOFSNN/CGCNN_MT/data/CoREMOF2019/clean_cifs/FUFTUX_clean)

==============================
*** Open Babel Warning  in PerceiveBondOrders
  Failed to kekulize aromatic bonds in OBMol::PerceiveBondOrders (title is /home/zhangsd/repos/MOFSNN/CGCNN_MT/data/CoREMOF2019/clean_cifs/WAHFUJ01_clean)

==============================
*** Open Babel Warning  in PerceiveBondOrders
  Failed to kekulize aromatic bonds in OBMol::PerceiveBondOrders (title is /home/zhangsd/repos/MOFSNN/CGCNN_MT/data/CoREMOF2019/clean_cifs/AYOYEU_clean)

==============================
*** Open Babel Warning  in PerceiveBondOrders
  Failed to kekulize aromatic bonds in OBMol::PerceiveBondOrders (title is /home/zhangsd/repos/MOFSNN/CGCNN_MT/data/CoREMOF2019/clean_cifs/cg500149s_si_002_clean)

==============================
*** Open Babel Warning  in PerceiveBondOrders
  Failed to kekulize aromatic bonds in OBMol::PerceiveBondOrders (title is /home/zhangsd/repos/MOFSNN/CGCNN_MT/data/CoREMOF2019/clean_cifs/PETVER_clean)

/opt/share/miniconda3/envs/mofmthnn/lib/python3.9/site-packages/pymatgen/io/cif.py:1229: UserWarning: Issues encountered while parsing CIF: 16 fractional coordinates rounded to ideal values to avoid issues with finite precision.
  warnings.warn("Issues encountered while parsing CIF: " + "\n".join(self.warnings))
==============================
*** Open Babel Warning  in PerceiveBondOrders
  Failed to kekulize aromatic bonds in OBMol::PerceiveBondOrders (title is /home/zhangsd/repos/MOFSNN/CGCNN_MT/data/CoREMOF2019/clean_cifs/ERULEK_clean)

==============================
*** Open Babel Warning  in PerceiveBondOrders
  Failed to kekulize aromatic bonds in OBMol::PerceiveBondOrders (title is /home/zhangsd/repos/MOFSNN/CGCNN_MT/data/CoREMOF2019/clean_cifs/EMUBOF_clean)

==============================
*** Open Babel Warning  in PerceiveBondOrders
  Failed to kekulize aromatic bonds in OBMol::PerceiveBondOrders (title is /home/zhangsd/repos/MOFSNN/CGCNN_MT/data/CoREMOF2019/clean_cifs/XARPAK_clean)

==============================
*** Open Babel Warning  in PerceiveBondOrders
  Failed to kekulize aromatic bonds in OBMol::PerceiveBondOrders (title is /home/zhangsd/repos/MOFSNN/CGCNN_MT/data/CoREMOF2019/clean_cifs/ja106851d_si_001_clean)

==============================
*** Open Babel Warning  in PerceiveBondOrders
  Failed to kekulize aromatic bonds in OBMol::PerceiveBondOrders (title is /home/zhangsd/repos/MOFSNN/CGCNN_MT/data/CoREMOF2019/clean_cifs/CUSDIE_charged)

/opt/share/miniconda3/envs/mofmthnn/lib/python3.9/site-packages/pymatgen/io/cif.py:1229: UserWarning: Issues encountered while parsing CIF: 2 fractional coordinates rounded to ideal values to avoid issues with finite precision.
  warnings.warn("Issues encountered while parsing CIF: " + "\n".join(self.warnings))
/opt/share/miniconda3/envs/mofmthnn/lib/python3.9/site-packages/pymatgen/io/cif.py:1229: UserWarning: Issues encountered while parsing CIF: 2 fractional coordinates rounded to ideal values to avoid issues with finite precision.
  warnings.warn("Issues encountered while parsing CIF: " + "\n".join(self.warnings))
/opt/share/miniconda3/envs/mofmthnn/lib/python3.9/site-packages/pymatgen/io/cif.py:1229: UserWarning: Issues encountered while parsing CIF: 4 fractional coordinates rounded to ideal values to avoid issues with finite precision.
  warnings.warn("Issues encountered while parsing CIF: " + "\n".join(self.warnings))
==============================
*** Open Babel Warning  in PerceiveBondOrders
  Failed to kekulize aromatic bonds in OBMol::PerceiveBondOrders (title is /home/zhangsd/repos/MOFSNN/CGCNN_MT/data/CoREMOF2019/clean_cifs/ONAWEG02_clean)

==============================
*** Open Babel Warning  in PerceiveBondOrders
  Failed to kekulize aromatic bonds in OBMol::PerceiveBondOrders (title is /home/zhangsd/repos/MOFSNN/CGCNN_MT/data/CoREMOF2019/clean_cifs/MALYIJ_charged)

==============================
*** Open Babel Warning  in PerceiveBondOrders
  Failed to kekulize aromatic bonds in OBMol::PerceiveBondOrders (title is /home/zhangsd/repos/MOFSNN/CGCNN_MT/data/CoREMOF2019/clean_cifs/VAJHIA_clean)

==============================
*** Open Babel Warning  in PerceiveBondOrders
  Failed to kekulize aromatic bonds in OBMol::PerceiveBondOrders (title is /home/zhangsd/repos/MOFSNN/CGCNN_MT/data/CoREMOF2019/clean_cifs/FORTIR_clean)

/opt/share/miniconda3/envs/mofmthnn/lib/python3.9/site-packages/pymatgen/io/cif.py:1229: UserWarning: Issues encountered while parsing CIF: 2 fractional coordinates rounded to ideal values to avoid issues with finite precision.
  warnings.warn("Issues encountered while parsing CIF: " + "\n".join(self.warnings))
==============================
*** Open Babel Warning  in PerceiveBondOrders
  Failed to kekulize aromatic bonds in OBMol::PerceiveBondOrders (title is /home/zhangsd/repos/MOFSNN/CGCNN_MT/data/CoREMOF2019/clean_cifs/LIPQIL_clean)

==============================
*** Open Babel Warning  in PerceiveBondOrders
  Failed to kekulize aromatic bonds in OBMol::PerceiveBondOrders (title is /home/zhangsd/repos/MOFSNN/CGCNN_MT/data/CoREMOF2019/clean_cifs/PUTYEI_clean)

/opt/share/miniconda3/envs/mofmthnn/lib/python3.9/site-packages/pymatgen/io/cif.py:1229: UserWarning: Issues encountered while parsing CIF: 1 fractional coordinates rounded to ideal values to avoid issues with finite precision.
  warnings.warn("Issues encountered while parsing CIF: " + "\n".join(self.warnings))
/opt/share/miniconda3/envs/mofmthnn/lib/python3.9/site-packages/ase/io/cif.py:401: UserWarning: crystal system 'triclinic' is not interpreted for space group Spacegroup(1, setting=1). This may result in wrong setting!
  warnings.warn(
==============================
*** Open Babel Warning  in PerceiveBondOrders
  Failed to kekulize aromatic bonds in OBMol::PerceiveBondOrders (title is /home/zhangsd/repos/MOFSNN/CGCNN_MT/data/CoREMOF2019/clean_cifs/KOMGEZ_clean)

/opt/share/miniconda3/envs/mofmthnn/lib/python3.9/site-packages/pymatgen/io/cif.py:1229: UserWarning: Issues encountered while parsing CIF: 1 fractional coordinates rounded to ideal values to avoid issues with finite precision.
  warnings.warn("Issues encountered while parsing CIF: " + "\n".join(self.warnings))
==============================
*** Open Babel Warning  in PerceiveBondOrders
  Failed to kekulize aromatic bonds in OBMol::PerceiveBondOrders (title is /home/zhangsd/repos/MOFSNN/CGCNN_MT/data/CoREMOF2019/clean_cifs/IQINAZ_clean)

/opt/share/miniconda3/envs/mofmthnn/lib/python3.9/site-packages/pymatgen/io/cif.py:1229: UserWarning: Issues encountered while parsing CIF: 2 fractional coordinates rounded to ideal values to avoid issues with finite precision.
  warnings.warn("Issues encountered while parsing CIF: " + "\n".join(self.warnings))
/opt/share/miniconda3/envs/mofmthnn/lib/python3.9/site-packages/pymatgen/io/cif.py:1229: UserWarning: Issues encountered while parsing CIF: 18 fractional coordinates rounded to ideal values to avoid issues with finite precision.
  warnings.warn("Issues encountered while parsing CIF: " + "\n".join(self.warnings))
==============================
*** Open Babel Warning  in PerceiveBondOrders
  Failed to kekulize aromatic bonds in OBMol::PerceiveBondOrders (title is /home/zhangsd/repos/MOFSNN/CGCNN_MT/data/CoREMOF2019/clean_cifs/RUGPEQ_clean)

/opt/share/miniconda3/envs/mofmthnn/lib/python3.9/site-packages/pymatgen/io/cif.py:1229: UserWarning: Issues encountered while parsing CIF: 8 fractional coordinates rounded to ideal values to avoid issues with finite precision.
  warnings.warn("Issues encountered while parsing CIF: " + "\n".join(self.warnings))
==============================
*** Open Babel Warning  in PerceiveBondOrders
  Failed to kekulize aromatic bonds in OBMol::PerceiveBondOrders (title is /home/zhangsd/repos/MOFSNN/CGCNN_MT/data/CoREMOF2019/clean_cifs/NEDXOL_clean)

==============================
*** Open Babel Warning  in PerceiveBondOrders
  Failed to kekulize aromatic bonds in OBMol::PerceiveBondOrders (title is /home/zhangsd/repos/MOFSNN/CGCNN_MT/data/CoREMOF2019/clean_cifs/KALGEL_clean)

/opt/share/miniconda3/envs/mofmthnn/lib/python3.9/site-packages/pymatgen/io/cif.py:1229: UserWarning: Issues encountered while parsing CIF: 3 fractional coordinates rounded to ideal values to avoid issues with finite precision.
  warnings.warn("Issues encountered while parsing CIF: " + "\n".join(self.warnings))
==============================
*** Open Babel Warning  in PerceiveBondOrders
  Failed to kekulize aromatic bonds in OBMol::PerceiveBondOrders (title is /home/zhangsd/repos/MOFSNN/CGCNN_MT/data/CoREMOF2019/clean_cifs/LIJNOJ_clean)

==============================
*** Open Babel Warning  in PerceiveBondOrders
  Failed to kekulize aromatic bonds in OBMol::PerceiveBondOrders (title is /home/zhangsd/repos/MOFSNN/CGCNN_MT/data/CoREMOF2019/clean_cifs/MUMYAW_clean)

==============================
*** Open Babel Warning  in PerceiveBondOrders
  Failed to kekulize aromatic bonds in OBMol::PerceiveBondOrders (title is /home/zhangsd/repos/MOFSNN/CGCNN_MT/data/CoREMOF2019/clean_cifs/UNABUH01_clean)

==============================
*** Open Babel Warning  in PerceiveBondOrders
  Failed to kekulize aromatic bonds in OBMol::PerceiveBondOrders (title is /home/zhangsd/repos/MOFSNN/CGCNN_MT/data/CoREMOF2019/clean_cifs/EMAGAB_clean)

/opt/share/miniconda3/envs/mofmthnn/lib/python3.9/site-packages/pymatgen/io/cif.py:1229: UserWarning: Issues encountered while parsing CIF: 10 fractional coordinates rounded to ideal values to avoid issues with finite precision.
  warnings.warn("Issues encountered while parsing CIF: " + "\n".join(self.warnings))
==============================
*** Open Babel Warning  in PerceiveBondOrders
  Failed to kekulize aromatic bonds in OBMol::PerceiveBondOrders (title is /home/zhangsd/repos/MOFSNN/CGCNN_MT/data/CoREMOF2019/clean_cifs/SOHMIM_clean)

==============================
*** Open Babel Warning  in PerceiveBondOrders
  Failed to kekulize aromatic bonds in OBMol::PerceiveBondOrders (title is /home/zhangsd/repos/MOFSNN/CGCNN_MT/data/CoREMOF2019/clean_cifs/UZANOZ_clean)

==============================
*** Open Babel Warning  in PerceiveBondOrders
  Failed to kekulize aromatic bonds in OBMol::PerceiveBondOrders (title is /home/zhangsd/repos/MOFSNN/CGCNN_MT/data/CoREMOF2019/clean_cifs/NISCOJ_clean)

==============================
*** Open Babel Warning  in PerceiveBondOrders
  Failed to kekulize aromatic bonds in OBMol::PerceiveBondOrders (title is /home/zhangsd/repos/MOFSNN/CGCNN_MT/data/CoREMOF2019/clean_cifs/FUZPUN_clean)

==============================
*** Open Babel Warning  in PerceiveBondOrders
  Failed to kekulize aromatic bonds in OBMol::PerceiveBondOrders (title is /home/zhangsd/repos/MOFSNN/CGCNN_MT/data/CoREMOF2019/clean_cifs/WUNVEH_charged)

/opt/share/miniconda3/envs/mofmthnn/lib/python3.9/site-packages/pymatgen/io/cif.py:1229: UserWarning: Issues encountered while parsing CIF: 6 fractional coordinates rounded to ideal values to avoid issues with finite precision.
  warnings.warn("Issues encountered while parsing CIF: " + "\n".join(self.warnings))
/opt/share/miniconda3/envs/mofmthnn/lib/python3.9/site-packages/pymatgen/io/cif.py:1229: UserWarning: Issues encountered while parsing CIF: 8 fractional coordinates rounded to ideal values to avoid issues with finite precision.
  warnings.warn("Issues encountered while parsing CIF: " + "\n".join(self.warnings))
==============================
*** Open Babel Warning  in PerceiveBondOrders
  Failed to kekulize aromatic bonds in OBMol::PerceiveBondOrders (title is /home/zhangsd/repos/MOFSNN/CGCNN_MT/data/CoREMOF2019/clean_cifs/TIQGUW_clean)

==============================
*** Open Babel Warning  in PerceiveBondOrders
  Failed to kekulize aromatic bonds in OBMol::PerceiveBondOrders (title is /home/zhangsd/repos/MOFSNN/CGCNN_MT/data/CoREMOF2019/clean_cifs/HABDAS_clean)

==============================
*** Open Babel Warning  in PerceiveBondOrders
  Failed to kekulize aromatic bonds in OBMol::PerceiveBondOrders (title is /home/zhangsd/repos/MOFSNN/CGCNN_MT/data/CoREMOF2019/clean_cifs/NEVJOP_clean)

==============================
*** Open Babel Warning  in PerceiveBondOrders
  Failed to kekulize aromatic bonds in OBMol::PerceiveBondOrders (title is /home/zhangsd/repos/MOFSNN/CGCNN_MT/data/CoREMOF2019/clean_cifs/ITIWUE_charged)

/opt/share/miniconda3/envs/mofmthnn/lib/python3.9/site-packages/pymatgen/io/cif.py:1229: UserWarning: Issues encountered while parsing CIF: 6 fractional coordinates rounded to ideal values to avoid issues with finite precision.
  warnings.warn("Issues encountered while parsing CIF: " + "\n".join(self.warnings))
==============================
*** Open Babel Warning  in PerceiveBondOrders
  Failed to kekulize aromatic bonds in OBMol::PerceiveBondOrders (title is /home/zhangsd/repos/MOFSNN/CGCNN_MT/data/CoREMOF2019/clean_cifs/YOZCAS_manual)

==============================
*** Open Babel Warning  in PerceiveBondOrders
  Failed to kekulize aromatic bonds in OBMol::PerceiveBondOrders (title is /home/zhangsd/repos/MOFSNN/CGCNN_MT/data/CoREMOF2019/clean_cifs/ULOLEO_clean)

/opt/share/miniconda3/envs/mofmthnn/lib/python3.9/site-packages/pymatgen/io/cif.py:1229: UserWarning: Issues encountered while parsing CIF: 4 fractional coordinates rounded to ideal values to avoid issues with finite precision.
  warnings.warn("Issues encountered while parsing CIF: " + "\n".join(self.warnings))
==============================
*** Open Babel Warning  in PerceiveBondOrders
  Failed to kekulize aromatic bonds in OBMol::PerceiveBondOrders (title is /home/zhangsd/repos/MOFSNN/CGCNN_MT/data/CoREMOF2019/clean_cifs/EKETUL_clean)

/opt/share/miniconda3/envs/mofmthnn/lib/python3.9/site-packages/pymatgen/io/cif.py:1229: UserWarning: Issues encountered while parsing CIF: 12 fractional coordinates rounded to ideal values to avoid issues with finite precision.
  warnings.warn("Issues encountered while parsing CIF: " + "\n".join(self.warnings))
==============================
*** Open Babel Warning  in PerceiveBondOrders
  Failed to kekulize aromatic bonds in OBMol::PerceiveBondOrders (title is /home/zhangsd/repos/MOFSNN/CGCNN_MT/data/CoREMOF2019/clean_cifs/MIHLUL_clean)

==============================
*** Open Babel Warning  in PerceiveBondOrders
  Failed to kekulize aromatic bonds in OBMol::PerceiveBondOrders (title is /home/zhangsd/repos/MOFSNN/CGCNN_MT/data/CoREMOF2019/clean_cifs/DAWVOO_clean)

==============================
*** Open Babel Warning  in PerceiveBondOrders
  Failed to kekulize aromatic bonds in OBMol::PerceiveBondOrders (title is /home/zhangsd/repos/MOFSNN/CGCNN_MT/data/CoREMOF2019/clean_cifs/HEDCIE_clean)

==============================
*** Open Babel Warning  in PerceiveBondOrders
  Failed to kekulize aromatic bonds in OBMol::PerceiveBondOrders (title is /home/zhangsd/repos/MOFSNN/CGCNN_MT/data/CoREMOF2019/clean_cifs/FIGLAK_clean)

==============================
*** Open Babel Warning  in PerceiveBondOrders
  Failed to kekulize aromatic bonds in OBMol::PerceiveBondOrders (title is /home/zhangsd/repos/MOFSNN/CGCNN_MT/data/CoREMOF2019/clean_cifs/VEJYIT01_clean)

/opt/share/miniconda3/envs/mofmthnn/lib/python3.9/site-packages/pymatgen/io/cif.py:1229: UserWarning: Issues encountered while parsing CIF: 4 fractional coordinates rounded to ideal values to avoid issues with finite precision.
  warnings.warn("Issues encountered while parsing CIF: " + "\n".join(self.warnings))
==============================
*** Open Babel Warning  in PerceiveBondOrders
  Failed to kekulize aromatic bonds in OBMol::PerceiveBondOrders (title is /home/zhangsd/repos/MOFSNN/CGCNN_MT/data/CoREMOF2019/clean_cifs/VUSQIK_charged)

==============================
*** Open Babel Warning  in PerceiveBondOrders
  Failed to kekulize aromatic bonds in OBMol::PerceiveBondOrders (title is /home/zhangsd/repos/MOFSNN/CGCNN_MT/data/CoREMOF2019/clean_cifs/CAXZOS_clean)

==============================
*** Open Babel Warning  in PerceiveBondOrders
  Failed to kekulize aromatic bonds in OBMol::PerceiveBondOrders (title is /home/zhangsd/repos/MOFSNN/CGCNN_MT/data/CoREMOF2019/clean_cifs/NIMWUD_clean)

==============================
*** Open Babel Warning  in PerceiveBondOrders
  Failed to kekulize aromatic bonds in OBMol::PerceiveBondOrders (title is /home/zhangsd/repos/MOFSNN/CGCNN_MT/data/CoREMOF2019/clean_cifs/ZOYZUK_clean)

==============================
*** Open Babel Warning  in PerceiveBondOrders
  Failed to kekulize aromatic bonds in OBMol::PerceiveBondOrders (title is /home/zhangsd/repos/MOFSNN/CGCNN_MT/data/CoREMOF2019/clean_cifs/TATFOL_clean)

/opt/share/miniconda3/envs/mofmthnn/lib/python3.9/site-packages/pymatgen/io/cif.py:1229: UserWarning: Issues encountered while parsing CIF: 1 fractional coordinates rounded to ideal values to avoid issues with finite precision.
  warnings.warn("Issues encountered while parsing CIF: " + "\n".join(self.warnings))
==============================
*** Open Babel Warning  in PerceiveBondOrders
  Failed to kekulize aromatic bonds in OBMol::PerceiveBondOrders (title is /home/zhangsd/repos/MOFSNN/CGCNN_MT/data/CoREMOF2019/clean_cifs/YEYMEU_clean)

==============================
*** Open Babel Warning  in PerceiveBondOrders
  Failed to kekulize aromatic bonds in OBMol::PerceiveBondOrders (title is /home/zhangsd/repos/MOFSNN/CGCNN_MT/data/CoREMOF2019/clean_cifs/CEGDUO_clean)

/opt/share/miniconda3/envs/mofmthnn/lib/python3.9/site-packages/ase/io/cif.py:401: UserWarning: crystal system 'monoclinic' is not interpreted for space group Spacegroup(4, setting=1). This may result in wrong setting!
  warnings.warn(
==============================
*** Open Babel Warning  in PerceiveBondOrders
  Failed to kekulize aromatic bonds in OBMol::PerceiveBondOrders (title is /home/zhangsd/repos/MOFSNN/CGCNN_MT/data/CoREMOF2019/clean_cifs/QODHUO12_clean)

==============================
*** Open Babel Warning  in PerceiveBondOrders
  Failed to kekulize aromatic bonds in OBMol::PerceiveBondOrders (title is /home/zhangsd/repos/MOFSNN/CGCNN_MT/data/CoREMOF2019/clean_cifs/GOLYOX_clean)

==============================
*** Open Babel Warning  in PerceiveBondOrders
  Failed to kekulize aromatic bonds in OBMol::PerceiveBondOrders (title is /home/zhangsd/repos/MOFSNN/CGCNN_MT/data/CoREMOF2019/clean_cifs/ECALOL_clean)

/opt/share/miniconda3/envs/mofmthnn/lib/python3.9/site-packages/pymatgen/io/cif.py:1229: UserWarning: Issues encountered while parsing CIF: 8 fractional coordinates rounded to ideal values to avoid issues with finite precision.
  warnings.warn("Issues encountered while parsing CIF: " + "\n".join(self.warnings))
/opt/share/miniconda3/envs/mofmthnn/lib/python3.9/site-packages/pymatgen/io/cif.py:1229: UserWarning: Issues encountered while parsing CIF: 4 fractional coordinates rounded to ideal values to avoid issues with finite precision.
  warnings.warn("Issues encountered while parsing CIF: " + "\n".join(self.warnings))
==============================
*** Open Babel Warning  in PerceiveBondOrders
  Failed to kekulize aromatic bonds in OBMol::PerceiveBondOrders (title is /home/zhangsd/repos/MOFSNN/CGCNN_MT/data/CoREMOF2019/clean_cifs/NUNSOG_clean)

==============================
*** Open Babel Warning  in PerceiveBondOrders
  Failed to kekulize aromatic bonds in OBMol::PerceiveBondOrders (title is /home/zhangsd/repos/MOFSNN/CGCNN_MT/data/CoREMOF2019/clean_cifs/UYAQAN_clean)

/opt/share/miniconda3/envs/mofmthnn/lib/python3.9/site-packages/pymatgen/io/cif.py:1229: UserWarning: Issues encountered while parsing CIF: 2 fractional coordinates rounded to ideal values to avoid issues with finite precision.
  warnings.warn("Issues encountered while parsing CIF: " + "\n".join(self.warnings))
==============================
*** Open Babel Warning  in PerceiveBondOrders
  Failed to kekulize aromatic bonds in OBMol::PerceiveBondOrders (title is /home/zhangsd/repos/MOFSNN/CGCNN_MT/data/CoREMOF2019/clean_cifs/KOLYUH_clean)

==============================
*** Open Babel Warning  in PerceiveBondOrders
  Failed to kekulize aromatic bonds in OBMol::PerceiveBondOrders (title is /home/zhangsd/repos/MOFSNN/CGCNN_MT/data/CoREMOF2019/clean_cifs/ZARTAP02_clean)

==============================
*** Open Babel Warning  in PerceiveBondOrders
  Failed to kekulize aromatic bonds in OBMol::PerceiveBondOrders (title is /home/zhangsd/repos/MOFSNN/CGCNN_MT/data/CoREMOF2019/clean_cifs/DILXED_clean)

==============================
*** Open Babel Warning  in PerceiveBondOrders
  Failed to kekulize aromatic bonds in OBMol::PerceiveBondOrders (title is /home/zhangsd/repos/MOFSNN/CGCNN_MT/data/CoREMOF2019/clean_cifs/SAHYAD01_charged)

==============================
*** Open Babel Warning  in PerceiveBondOrders
  Failed to kekulize aromatic bonds in OBMol::PerceiveBondOrders (title is /home/zhangsd/repos/MOFSNN/CGCNN_MT/data/CoREMOF2019/clean_cifs/DEBGIA_clean)

/opt/share/miniconda3/envs/mofmthnn/lib/python3.9/site-packages/pymatgen/io/cif.py:1229: UserWarning: Issues encountered while parsing CIF: 16 fractional coordinates rounded to ideal values to avoid issues with finite precision.
  warnings.warn("Issues encountered while parsing CIF: " + "\n".join(self.warnings))
==============================
*** Open Babel Warning  in PerceiveBondOrders
  Failed to kekulize aromatic bonds in OBMol::PerceiveBondOrders (title is /home/zhangsd/repos/MOFSNN/CGCNN_MT/data/CoREMOF2019/clean_cifs/FUSMUC_clean)

==============================
*** Open Babel Warning  in PerceiveBondOrders
  Failed to kekulize aromatic bonds in OBMol::PerceiveBondOrders (title is /home/zhangsd/repos/MOFSNN/CGCNN_MT/data/CoREMOF2019/clean_cifs/QASTUC_clean)

==============================
*** Open Babel Warning  in PerceiveBondOrders
  Failed to kekulize aromatic bonds in OBMol::PerceiveBondOrders (title is /home/zhangsd/repos/MOFSNN/CGCNN_MT/data/CoREMOF2019/clean_cifs/UNOTOH_clean)

/opt/share/miniconda3/envs/mofmthnn/lib/python3.9/site-packages/pymatgen/io/cif.py:1229: UserWarning: Issues encountered while parsing CIF: 8 fractional coordinates rounded to ideal values to avoid issues with finite precision.
  warnings.warn("Issues encountered while parsing CIF: " + "\n".join(self.warnings))
/opt/share/miniconda3/envs/mofmthnn/lib/python3.9/site-packages/pymatgen/io/cif.py:1229: UserWarning: Issues encountered while parsing CIF: 2 fractional coordinates rounded to ideal values to avoid issues with finite precision.
  warnings.warn("Issues encountered while parsing CIF: " + "\n".join(self.warnings))
==============================
*** Open Babel Warning  in PerceiveBondOrders
  Failed to kekulize aromatic bonds in OBMol::PerceiveBondOrders (title is /home/zhangsd/repos/MOFSNN/CGCNN_MT/data/CoREMOF2019/clean_cifs/GEFZAU_clean)

==============================
*** Open Babel Warning  in PerceiveBondOrders
  Failed to kekulize aromatic bonds in OBMol::PerceiveBondOrders (title is /home/zhangsd/repos/MOFSNN/CGCNN_MT/data/CoREMOF2019/clean_cifs/OSUPUP_clean)

==============================
*** Open Babel Warning  in PerceiveBondOrders
  Failed to kekulize aromatic bonds in OBMol::PerceiveBondOrders (title is /home/zhangsd/repos/MOFSNN/CGCNN_MT/data/CoREMOF2019/clean_cifs/DARVAW_clean)

==============================
*** Open Babel Warning  in PerceiveBondOrders
  Failed to kekulize aromatic bonds in OBMol::PerceiveBondOrders (title is /home/zhangsd/repos/MOFSNN/CGCNN_MT/data/CoREMOF2019/clean_cifs/DACZUF_clean)

/opt/share/miniconda3/envs/mofmthnn/lib/python3.9/site-packages/pymatgen/io/cif.py:1229: UserWarning: Issues encountered while parsing CIF: 1 fractional coordinates rounded to ideal values to avoid issues with finite precision.
  warnings.warn("Issues encountered while parsing CIF: " + "\n".join(self.warnings))
/opt/share/miniconda3/envs/mofmthnn/lib/python3.9/site-packages/pymatgen/io/cif.py:1229: UserWarning: Issues encountered while parsing CIF: 2 fractional coordinates rounded to ideal values to avoid issues with finite precision.
  warnings.warn("Issues encountered while parsing CIF: " + "\n".join(self.warnings))
==============================
*** Open Babel Warning  in PerceiveBondOrders
  Failed to kekulize aromatic bonds in OBMol::PerceiveBondOrders (title is /home/zhangsd/repos/MOFSNN/CGCNN_MT/data/CoREMOF2019/clean_cifs/NANZOS_clean)

==============================
*** Open Babel Warning  in PerceiveBondOrders
  Failed to kekulize aromatic bonds in OBMol::PerceiveBondOrders (title is /home/zhangsd/repos/MOFSNN/CGCNN_MT/data/CoREMOF2019/clean_cifs/SOHNAF_clean)

==============================
*** Open Babel Warning  in PerceiveBondOrders
  Failed to kekulize aromatic bonds in OBMol::PerceiveBondOrders (title is /home/zhangsd/repos/MOFSNN/CGCNN_MT/data/CoREMOF2019/clean_cifs/FOVPEN_clean)

==============================
*** Open Babel Warning  in PerceiveBondOrders
  Failed to kekulize aromatic bonds in OBMol::PerceiveBondOrders (title is /home/zhangsd/repos/MOFSNN/CGCNN_MT/data/CoREMOF2019/clean_cifs/BARZOL_charged)

==============================
*** Open Babel Warning  in PerceiveBondOrders
  Failed to kekulize aromatic bonds in OBMol::PerceiveBondOrders (title is /home/zhangsd/repos/MOFSNN/CGCNN_MT/data/CoREMOF2019/clean_cifs/BEPNOB_clean)

==============================
*** Open Babel Warning  in PerceiveBondOrders
  Failed to kekulize aromatic bonds in OBMol::PerceiveBondOrders (title is /home/zhangsd/repos/MOFSNN/CGCNN_MT/data/CoREMOF2019/clean_cifs/NOQGIL_clean)

==============================
*** Open Babel Warning  in PerceiveBondOrders
  Failed to kekulize aromatic bonds in OBMol::PerceiveBondOrders (title is /home/zhangsd/repos/MOFSNN/CGCNN_MT/data/CoREMOF2019/clean_cifs/SETDUS_clean)

/opt/share/miniconda3/envs/mofmthnn/lib/python3.9/site-packages/ase/io/cif.py:401: UserWarning: crystal system 'triclinic' is not interpreted for space group Spacegroup(1, setting=1). This may result in wrong setting!
  warnings.warn(
==============================
*** Open Babel Warning  in PerceiveBondOrders
  Failed to kekulize aromatic bonds in OBMol::PerceiveBondOrders (title is /home/zhangsd/repos/MOFSNN/CGCNN_MT/data/CoREMOF2019/clean_cifs/KIRKAZ_clean)

==============================
*** Open Babel Warning  in PerceiveBondOrders
  Failed to kekulize aromatic bonds in OBMol::PerceiveBondOrders (title is /home/zhangsd/repos/MOFSNN/CGCNN_MT/data/CoREMOF2019/clean_cifs/SUXGUP_clean)

/opt/share/miniconda3/envs/mofmthnn/lib/python3.9/site-packages/pymatgen/io/cif.py:1229: UserWarning: Issues encountered while parsing CIF: 6 fractional coordinates rounded to ideal values to avoid issues with finite precision.
  warnings.warn("Issues encountered while parsing CIF: " + "\n".join(self.warnings))
==============================
*** Open Babel Warning  in PerceiveBondOrders
  Failed to kekulize aromatic bonds in OBMol::PerceiveBondOrders (title is /home/zhangsd/repos/MOFSNN/CGCNN_MT/data/CoREMOF2019/clean_cifs/GARSUQ_clean)

==============================
*** Open Babel Warning  in PerceiveBondOrders
  Failed to kekulize aromatic bonds in OBMol::PerceiveBondOrders (title is /home/zhangsd/repos/MOFSNN/CGCNN_MT/data/CoREMOF2019/clean_cifs/ja406030p_si_003_clean)

==============================
*** Open Babel Warning  in PerceiveBondOrders
  Failed to kekulize aromatic bonds in OBMol::PerceiveBondOrders (title is /home/zhangsd/repos/MOFSNN/CGCNN_MT/data/CoREMOF2019/clean_cifs/EMIHAK_charged)

==============================
*** Open Babel Warning  in PerceiveBondOrders
  Failed to kekulize aromatic bonds in OBMol::PerceiveBondOrders (title is /home/zhangsd/repos/MOFSNN/CGCNN_MT/data/CoREMOF2019/clean_cifs/AVUHIJ_clean)

==============================
*** Open Babel Warning  in PerceiveBondOrders
  Failed to kekulize aromatic bonds in OBMol::PerceiveBondOrders (title is /home/zhangsd/repos/MOFSNN/CGCNN_MT/data/CoREMOF2019/clean_cifs/ic500323r_si_002_clean)

/opt/share/miniconda3/envs/mofmthnn/lib/python3.9/site-packages/pymatgen/io/cif.py:1229: UserWarning: Issues encountered while parsing CIF: 1 fractional coordinates rounded to ideal values to avoid issues with finite precision.
  warnings.warn("Issues encountered while parsing CIF: " + "\n".join(self.warnings))
==============================
*** Open Babel Warning  in PerceiveBondOrders
  Failed to kekulize aromatic bonds in OBMol::PerceiveBondOrders (title is /home/zhangsd/repos/MOFSNN/CGCNN_MT/data/CoREMOF2019/clean_cifs/ECALIF_clean)

/opt/share/miniconda3/envs/mofmthnn/lib/python3.9/site-packages/pymatgen/io/cif.py:1229: UserWarning: Issues encountered while parsing CIF: 8 fractional coordinates rounded to ideal values to avoid issues with finite precision.
  warnings.warn("Issues encountered while parsing CIF: " + "\n".join(self.warnings))
/opt/share/miniconda3/envs/mofmthnn/lib/python3.9/site-packages/pymatgen/io/cif.py:1229: UserWarning: Issues encountered while parsing CIF: 1 fractional coordinates rounded to ideal values to avoid issues with finite precision.
  warnings.warn("Issues encountered while parsing CIF: " + "\n".join(self.warnings))
==============================
*** Open Babel Warning  in PerceiveBondOrders
  Failed to kekulize aromatic bonds in OBMol::PerceiveBondOrders (title is /home/zhangsd/repos/MOFSNN/CGCNN_MT/data/CoREMOF2019/clean_cifs/NIVNUC_clean)

==============================
*** Open Babel Warning  in PerceiveBondOrders
  Failed to kekulize aromatic bonds in OBMol::PerceiveBondOrders (title is /home/zhangsd/repos/MOFSNN/CGCNN_MT/data/CoREMOF2019/clean_cifs/HABCOF_clean)

==============================
*** Open Babel Warning  in PerceiveBondOrders
  Failed to kekulize aromatic bonds in OBMol::PerceiveBondOrders (title is /home/zhangsd/repos/MOFSNN/CGCNN_MT/data/CoREMOF2019/clean_cifs/YOZKOP_clean)

==============================
*** Open Babel Warning  in PerceiveBondOrders
  Failed to kekulize aromatic bonds in OBMol::PerceiveBondOrders (title is /home/zhangsd/repos/MOFSNN/CGCNN_MT/data/CoREMOF2019/clean_cifs/OYERIV_clean)

==============================
*** Open Babel Warning  in PerceiveBondOrders
  Failed to kekulize aromatic bonds in OBMol::PerceiveBondOrders (title is /home/zhangsd/repos/MOFSNN/CGCNN_MT/data/CoREMOF2019/clean_cifs/ARUCUN_clean)

==============================
*** Open Babel Warning  in PerceiveBondOrders
  Failed to kekulize aromatic bonds in OBMol::PerceiveBondOrders (title is /home/zhangsd/repos/MOFSNN/CGCNN_MT/data/CoREMOF2019/clean_cifs/NIGHOA_charged)

/opt/share/miniconda3/envs/mofmthnn/lib/python3.9/site-packages/pymatgen/io/cif.py:1229: UserWarning: Issues encountered while parsing CIF: 2 fractional coordinates rounded to ideal values to avoid issues with finite precision.
  warnings.warn("Issues encountered while parsing CIF: " + "\n".join(self.warnings))
==============================
*** Open Babel Warning  in PerceiveBondOrders
  Failed to kekulize aromatic bonds in OBMol::PerceiveBondOrders (title is /home/zhangsd/repos/MOFSNN/CGCNN_MT/data/CoREMOF2019/clean_cifs/KUJTUG_clean)

==============================
*** Open Babel Warning  in PerceiveBondOrders
  Failed to kekulize aromatic bonds in OBMol::PerceiveBondOrders (title is /home/zhangsd/repos/MOFSNN/CGCNN_MT/data/CoREMOF2019/clean_cifs/OJIWIO_clean)

==============================
*** Open Babel Warning  in PerceiveBondOrders
  Failed to kekulize aromatic bonds in OBMol::PerceiveBondOrders (title is /home/zhangsd/repos/MOFSNN/CGCNN_MT/data/CoREMOF2019/clean_cifs/POKVAO_clean)

/opt/share/miniconda3/envs/mofmthnn/lib/python3.9/site-packages/pymatgen/io/cif.py:1229: UserWarning: Issues encountered while parsing CIF: 1 fractional coordinates rounded to ideal values to avoid issues with finite precision.
  warnings.warn("Issues encountered while parsing CIF: " + "\n".join(self.warnings))
/opt/share/miniconda3/envs/mofmthnn/lib/python3.9/site-packages/pymatgen/io/cif.py:1229: UserWarning: Issues encountered while parsing CIF: 1 fractional coordinates rounded to ideal values to avoid issues with finite precision.
  warnings.warn("Issues encountered while parsing CIF: " + "\n".join(self.warnings))
==============================
*** Open Babel Warning  in PerceiveBondOrders
  Failed to kekulize aromatic bonds in OBMol::PerceiveBondOrders (title is /home/zhangsd/repos/MOFSNN/CGCNN_MT/data/CoREMOF2019/clean_cifs/ZOXTOX_clean)

==============================
*** Open Babel Warning  in PerceiveBondOrders
  Failed to kekulize aromatic bonds in OBMol::PerceiveBondOrders (title is /home/zhangsd/repos/MOFSNN/CGCNN_MT/data/CoREMOF2019/clean_cifs/ZIDDIB_clean)

/opt/share/miniconda3/envs/mofmthnn/lib/python3.9/site-packages/pymatgen/io/cif.py:1229: UserWarning: Issues encountered while parsing CIF: 10 fractional coordinates rounded to ideal values to avoid issues with finite precision.
  warnings.warn("Issues encountered while parsing CIF: " + "\n".join(self.warnings))
==============================
*** Open Babel Warning  in PerceiveBondOrders
  Failed to kekulize aromatic bonds in OBMol::PerceiveBondOrders (title is /home/zhangsd/repos/MOFSNN/CGCNN_MT/data/CoREMOF2019/clean_cifs/VAMZAN_clean)

==============================
*** Open Babel Warning  in PerceiveBondOrders
  Failed to kekulize aromatic bonds in OBMol::PerceiveBondOrders (title is /home/zhangsd/repos/MOFSNN/CGCNN_MT/data/CoREMOF2019/clean_cifs/SUXYIU_clean)

==============================
*** Open Babel Warning  in PerceiveBondOrders
  Failed to kekulize aromatic bonds in OBMol::PerceiveBondOrders (title is /home/zhangsd/repos/MOFSNN/CGCNN_MT/data/CoREMOF2019/clean_cifs/FEFDAX_clean)

==============================
*** Open Babel Warning  in PerceiveBondOrders
  Failed to kekulize aromatic bonds in OBMol::PerceiveBondOrders (title is /home/zhangsd/repos/MOFSNN/CGCNN_MT/data/CoREMOF2019/clean_cifs/POKSAL_clean)

==============================
*** Open Babel Warning  in PerceiveBondOrders
  Failed to kekulize aromatic bonds in OBMol::PerceiveBondOrders (title is /home/zhangsd/repos/MOFSNN/CGCNN_MT/data/CoREMOF2019/clean_cifs/VOFFED_clean)

==============================
*** Open Babel Warning  in PerceiveBondOrders
  Failed to kekulize aromatic bonds in OBMol::PerceiveBondOrders (title is /home/zhangsd/repos/MOFSNN/CGCNN_MT/data/CoREMOF2019/clean_cifs/GIMVAA_clean)

==============================
*** Open Babel Warning  in PerceiveBondOrders
  Failed to kekulize aromatic bonds in OBMol::PerceiveBondOrders (title is /home/zhangsd/repos/MOFSNN/CGCNN_MT/data/CoREMOF2019/clean_cifs/YOGVEX_clean)

==============================
*** Open Babel Warning  in PerceiveBondOrders
  Failed to kekulize aromatic bonds in OBMol::PerceiveBondOrders (title is /home/zhangsd/repos/MOFSNN/CGCNN_MT/data/CoREMOF2019/clean_cifs/WIFGOJ_clean)

/opt/share/miniconda3/envs/mofmthnn/lib/python3.9/site-packages/pymatgen/io/cif.py:1229: UserWarning: Issues encountered while parsing CIF: 2 fractional coordinates rounded to ideal values to avoid issues with finite precision.
  warnings.warn("Issues encountered while parsing CIF: " + "\n".join(self.warnings))
==============================
*** Open Babel Warning  in PerceiveBondOrders
  Failed to kekulize aromatic bonds in OBMol::PerceiveBondOrders (title is /home/zhangsd/repos/MOFSNN/CGCNN_MT/data/CoREMOF2019/clean_cifs/XALDAQ_clean)

==============================
*** Open Babel Warning  in PerceiveBondOrders
  Failed to kekulize aromatic bonds in OBMol::PerceiveBondOrders (title is /home/zhangsd/repos/MOFSNN/CGCNN_MT/data/CoREMOF2019/clean_cifs/YOZROW_clean)

/opt/share/miniconda3/envs/mofmthnn/lib/python3.9/site-packages/pymatgen/io/cif.py:1229: UserWarning: Issues encountered while parsing CIF: 2 fractional coordinates rounded to ideal values to avoid issues with finite precision.
  warnings.warn("Issues encountered while parsing CIF: " + "\n".join(self.warnings))
==============================
*** Open Babel Warning  in PerceiveBondOrders
  Failed to kekulize aromatic bonds in OBMol::PerceiveBondOrders (title is /home/zhangsd/repos/MOFSNN/CGCNN_MT/data/CoREMOF2019/clean_cifs/SACDUX_clean)

==============================
*** Open Babel Warning  in PerceiveBondOrders
  Failed to kekulize aromatic bonds in OBMol::PerceiveBondOrders (title is /home/zhangsd/repos/MOFSNN/CGCNN_MT/data/CoREMOF2019/clean_cifs/MAZSUD_clean)

==============================
*** Open Babel Warning  in PerceiveBondOrders
  Failed to kekulize aromatic bonds in OBMol::PerceiveBondOrders (title is /home/zhangsd/repos/MOFSNN/CGCNN_MT/data/CoREMOF2019/clean_cifs/RIYBEI_clean)

/opt/share/miniconda3/envs/mofmthnn/lib/python3.9/site-packages/pymatgen/io/cif.py:1229: UserWarning: Issues encountered while parsing CIF: 1 fractional coordinates rounded to ideal values to avoid issues with finite precision.
  warnings.warn("Issues encountered while parsing CIF: " + "\n".join(self.warnings))
/opt/share/miniconda3/envs/mofmthnn/lib/python3.9/site-packages/pymatgen/io/cif.py:1229: UserWarning: Issues encountered while parsing CIF: 1 fractional coordinates rounded to ideal values to avoid issues with finite precision.
  warnings.warn("Issues encountered while parsing CIF: " + "\n".join(self.warnings))
==============================
*** Open Babel Warning  in PerceiveBondOrders
  Failed to kekulize aromatic bonds in OBMol::PerceiveBondOrders (title is /home/zhangsd/repos/MOFSNN/CGCNN_MT/data/CoREMOF2019/clean_cifs/CUNWEO_clean)

/opt/share/miniconda3/envs/mofmthnn/lib/python3.9/site-packages/pymatgen/io/cif.py:1229: UserWarning: Issues encountered while parsing CIF: 1 fractional coordinates rounded to ideal values to avoid issues with finite precision.
  warnings.warn("Issues encountered while parsing CIF: " + "\n".join(self.warnings))
==============================
*** Open Babel Warning  in PerceiveBondOrders
  Failed to kekulize aromatic bonds in OBMol::PerceiveBondOrders (title is /home/zhangsd/repos/MOFSNN/CGCNN_MT/data/CoREMOF2019/clean_cifs/ACAJIZ_clean)

==============================
*** Open Babel Warning  in PerceiveBondOrders
  Failed to kekulize aromatic bonds in OBMol::PerceiveBondOrders (title is /home/zhangsd/repos/MOFSNN/CGCNN_MT/data/CoREMOF2019/clean_cifs/WODWUJ_clean)

/opt/share/miniconda3/envs/mofmthnn/lib/python3.9/site-packages/pymatgen/io/cif.py:1229: UserWarning: Issues encountered while parsing CIF: 4 fractional coordinates rounded to ideal values to avoid issues with finite precision.
  warnings.warn("Issues encountered while parsing CIF: " + "\n".join(self.warnings))
==============================
*** Open Babel Warning  in PerceiveBondOrders
  Failed to kekulize aromatic bonds in OBMol::PerceiveBondOrders (title is /home/zhangsd/repos/MOFSNN/CGCNN_MT/data/CoREMOF2019/clean_cifs/QIVZEC_clean)

==============================
*** Open Babel Warning  in PerceiveBondOrders
  Failed to kekulize aromatic bonds in OBMol::PerceiveBondOrders (title is /home/zhangsd/repos/MOFSNN/CGCNN_MT/data/CoREMOF2019/clean_cifs/XALCUJ_clean)

==============================
*** Open Babel Warning  in PerceiveBondOrders
  Failed to kekulize aromatic bonds in OBMol::PerceiveBondOrders (title is /home/zhangsd/repos/MOFSNN/CGCNN_MT/data/CoREMOF2019/clean_cifs/GAYPED_clean)

==============================
*** Open Babel Warning  in PerceiveBondOrders
  Failed to kekulize aromatic bonds in OBMol::PerceiveBondOrders (title is /home/zhangsd/repos/MOFSNN/CGCNN_MT/data/CoREMOF2019/clean_cifs/MODNOI_ion_b)

==============================
*** Open Babel Warning  in PerceiveBondOrders
  Failed to kekulize aromatic bonds in OBMol::PerceiveBondOrders (title is /home/zhangsd/repos/MOFSNN/CGCNN_MT/data/CoREMOF2019/clean_cifs/PEFSEA_clean)

==============================
*** Open Babel Warning  in PerceiveBondOrders
  Failed to kekulize aromatic bonds in OBMol::PerceiveBondOrders (title is /home/zhangsd/repos/MOFSNN/CGCNN_MT/data/CoREMOF2019/clean_cifs/TETZEZ_clean)

==============================
*** Open Babel Warning  in PerceiveBondOrders
  Failed to kekulize aromatic bonds in OBMol::PerceiveBondOrders (title is /home/zhangsd/repos/MOFSNN/CGCNN_MT/data/CoREMOF2019/clean_cifs/LUDRUZ_clean)

==============================
*** Open Babel Warning  in PerceiveBondOrders
  Failed to kekulize aromatic bonds in OBMol::PerceiveBondOrders (title is /home/zhangsd/repos/MOFSNN/CGCNN_MT/data/CoREMOF2019/clean_cifs/RIPPEN_clean)

==============================
*** Open Babel Warning  in PerceiveBondOrders
  Failed to kekulize aromatic bonds in OBMol::PerceiveBondOrders (title is /home/zhangsd/repos/MOFSNN/CGCNN_MT/data/CoREMOF2019/clean_cifs/KAVTEI_clean)

==============================
*** Open Babel Warning  in PerceiveBondOrders
  Failed to kekulize aromatic bonds in OBMol::PerceiveBondOrders (title is /home/zhangsd/repos/MOFSNN/CGCNN_MT/data/CoREMOF2019/clean_cifs/CIYZUG_clean)

/opt/share/miniconda3/envs/mofmthnn/lib/python3.9/site-packages/pymatgen/io/cif.py:1229: UserWarning: Issues encountered while parsing CIF: 4 fractional coordinates rounded to ideal values to avoid issues with finite precision.
  warnings.warn("Issues encountered while parsing CIF: " + "\n".join(self.warnings))
/opt/share/miniconda3/envs/mofmthnn/lib/python3.9/site-packages/pymatgen/io/cif.py:1229: UserWarning: Issues encountered while parsing CIF: 16 fractional coordinates rounded to ideal values to avoid issues with finite precision.
  warnings.warn("Issues encountered while parsing CIF: " + "\n".join(self.warnings))
==============================
*** Open Babel Warning  in PerceiveBondOrders
  Failed to kekulize aromatic bonds in OBMol::PerceiveBondOrders (title is /home/zhangsd/repos/MOFSNN/CGCNN_MT/data/CoREMOF2019/clean_cifs/VOKNAM_clean)

/opt/share/miniconda3/envs/mofmthnn/lib/python3.9/site-packages/pymatgen/io/cif.py:1229: UserWarning: Issues encountered while parsing CIF: 4 fractional coordinates rounded to ideal values to avoid issues with finite precision.
  warnings.warn("Issues encountered while parsing CIF: " + "\n".join(self.warnings))
/opt/share/miniconda3/envs/mofmthnn/lib/python3.9/site-packages/pymatgen/io/cif.py:1229: UserWarning: Issues encountered while parsing CIF: 2 fractional coordinates rounded to ideal values to avoid issues with finite precision.
  warnings.warn("Issues encountered while parsing CIF: " + "\n".join(self.warnings))
==============================
*** Open Babel Warning  in PerceiveBondOrders
  Failed to kekulize aromatic bonds in OBMol::PerceiveBondOrders (title is /home/zhangsd/repos/MOFSNN/CGCNN_MT/data/CoREMOF2019/clean_cifs/HAKSOE_clean)

==============================
*** Open Babel Warning  in PerceiveBondOrders
  Failed to kekulize aromatic bonds in OBMol::PerceiveBondOrders (title is /home/zhangsd/repos/MOFSNN/CGCNN_MT/data/CoREMOF2019/clean_cifs/AHEBAS_clean)

==============================
*** Open Babel Warning  in PerceiveBondOrders
  Failed to kekulize aromatic bonds in OBMol::PerceiveBondOrders (title is /home/zhangsd/repos/MOFSNN/CGCNN_MT/data/CoREMOF2019/clean_cifs/ic7014034-file001_clean)

/opt/share/miniconda3/envs/mofmthnn/lib/python3.9/site-packages/pymatgen/io/cif.py:1229: UserWarning: Issues encountered while parsing CIF: 32 fractional coordinates rounded to ideal values to avoid issues with finite precision.
  warnings.warn("Issues encountered while parsing CIF: " + "\n".join(self.warnings))
==============================
*** Open Babel Warning  in PerceiveBondOrders
  Failed to kekulize aromatic bonds in OBMol::PerceiveBondOrders (title is /home/zhangsd/repos/MOFSNN/CGCNN_MT/data/CoREMOF2019/clean_cifs/TURFET_clean)

==============================
*** Open Babel Warning  in PerceiveBondOrders
  Failed to kekulize aromatic bonds in OBMol::PerceiveBondOrders (title is /home/zhangsd/repos/MOFSNN/CGCNN_MT/data/CoREMOF2019/clean_cifs/IBABUL_clean)

==============================
*** Open Babel Warning  in PerceiveBondOrders
  Failed to kekulize aromatic bonds in OBMol::PerceiveBondOrders (title is /home/zhangsd/repos/MOFSNN/CGCNN_MT/data/CoREMOF2019/clean_cifs/LADKEJ_clean)

==============================
*** Open Babel Warning  in PerceiveBondOrders
  Failed to kekulize aromatic bonds in OBMol::PerceiveBondOrders (title is /home/zhangsd/repos/MOFSNN/CGCNN_MT/data/CoREMOF2019/clean_cifs/KADLUZ_clean)

==============================
*** Open Babel Warning  in PerceiveBondOrders
  Failed to kekulize aromatic bonds in OBMol::PerceiveBondOrders (title is /home/zhangsd/repos/MOFSNN/CGCNN_MT/data/CoREMOF2019/clean_cifs/RIYBOS_clean)

==============================
*** Open Babel Warning  in PerceiveBondOrders
  Failed to kekulize aromatic bonds in OBMol::PerceiveBondOrders (title is /home/zhangsd/repos/MOFSNN/CGCNN_MT/data/CoREMOF2019/clean_cifs/NAQQON_clean)

==============================
*** Open Babel Warning  in PerceiveBondOrders
  Failed to kekulize aromatic bonds in OBMol::PerceiveBondOrders (title is /home/zhangsd/repos/MOFSNN/CGCNN_MT/data/CoREMOF2019/clean_cifs/GAXKOH_clean)

/opt/share/miniconda3/envs/mofmthnn/lib/python3.9/site-packages/pymatgen/io/cif.py:1229: UserWarning: Issues encountered while parsing CIF: 2 fractional coordinates rounded to ideal values to avoid issues with finite precision.
  warnings.warn("Issues encountered while parsing CIF: " + "\n".join(self.warnings))
==============================
*** Open Babel Warning  in PerceiveBondOrders
  Failed to kekulize aromatic bonds in OBMol::PerceiveBondOrders (title is /home/zhangsd/repos/MOFSNN/CGCNN_MT/data/CoREMOF2019/clean_cifs/ROQVIE_clean)

==============================
*** Open Babel Warning  in PerceiveBondOrders
  Failed to kekulize aromatic bonds in OBMol::PerceiveBondOrders (title is /home/zhangsd/repos/MOFSNN/CGCNN_MT/data/CoREMOF2019/clean_cifs/IGUTUB_clean)

==============================
*** Open Babel Warning  in PerceiveBondOrders
  Failed to kekulize aromatic bonds in OBMol::PerceiveBondOrders (title is /home/zhangsd/repos/MOFSNN/CGCNN_MT/data/CoREMOF2019/clean_cifs/YOZBIZ_clean)

==============================
*** Open Babel Warning  in PerceiveBondOrders
  Failed to kekulize aromatic bonds in OBMol::PerceiveBondOrders (title is /home/zhangsd/repos/MOFSNN/CGCNN_MT/data/CoREMOF2019/clean_cifs/IVARUT_clean)

==============================
*** Open Babel Warning  in PerceiveBondOrders
  Failed to kekulize aromatic bonds in OBMol::PerceiveBondOrders (title is /home/zhangsd/repos/MOFSNN/CGCNN_MT/data/CoREMOF2019/clean_cifs/FUVFUZ_clean)

==============================
*** Open Babel Warning  in PerceiveBondOrders
  Failed to kekulize aromatic bonds in OBMol::PerceiveBondOrders (title is /home/zhangsd/repos/MOFSNN/CGCNN_MT/data/CoREMOF2019/clean_cifs/TAMHUM_clean)

==============================
*** Open Babel Warning  in PerceiveBondOrders
  Failed to kekulize aromatic bonds in OBMol::PerceiveBondOrders (title is /home/zhangsd/repos/MOFSNN/CGCNN_MT/data/CoREMOF2019/clean_cifs/LIKCOY_charged)

/opt/share/miniconda3/envs/mofmthnn/lib/python3.9/site-packages/pymatgen/io/cif.py:1229: UserWarning: Issues encountered while parsing CIF: 8 fractional coordinates rounded to ideal values to avoid issues with finite precision.
  warnings.warn("Issues encountered while parsing CIF: " + "\n".join(self.warnings))
==============================
*** Open Babel Warning  in PerceiveBondOrders
  Failed to kekulize aromatic bonds in OBMol::PerceiveBondOrders (title is /home/zhangsd/repos/MOFSNN/CGCNN_MT/data/CoREMOF2019/clean_cifs/OKITAE_clean)

==============================
*** Open Babel Warning  in PerceiveBondOrders
  Failed to kekulize aromatic bonds in OBMol::PerceiveBondOrders (title is /home/zhangsd/repos/MOFSNN/CGCNN_MT/data/CoREMOF2019/clean_cifs/ZIDVAL_clean)

==============================
*** Open Babel Warning  in PerceiveBondOrders
  Failed to kekulize aromatic bonds in OBMol::PerceiveBondOrders (title is /home/zhangsd/repos/MOFSNN/CGCNN_MT/data/CoREMOF2019/clean_cifs/XUDQEU_clean)

==============================
*** Open Babel Warning  in PerceiveBondOrders
  Failed to kekulize aromatic bonds in OBMol::PerceiveBondOrders (title is /home/zhangsd/repos/MOFSNN/CGCNN_MT/data/CoREMOF2019/clean_cifs/KAPHUH_clean)

==============================
*** Open Babel Warning  in PerceiveBondOrders
  Failed to kekulize aromatic bonds in OBMol::PerceiveBondOrders (title is /home/zhangsd/repos/MOFSNN/CGCNN_MT/data/CoREMOF2019/clean_cifs/VURYOX_clean)

==============================
*** Open Babel Warning  in PerceiveBondOrders
  Failed to kekulize aromatic bonds in OBMol::PerceiveBondOrders (title is /home/zhangsd/repos/MOFSNN/CGCNN_MT/data/CoREMOF2019/clean_cifs/ZOMSOL_clean)

==============================
*** Open Babel Warning  in PerceiveBondOrders
  Failed to kekulize aromatic bonds in OBMol::PerceiveBondOrders (title is /home/zhangsd/repos/MOFSNN/CGCNN_MT/data/CoREMOF2019/clean_cifs/TANBIV_charged)

==============================
*** Open Babel Warning  in PerceiveBondOrders
  Failed to kekulize aromatic bonds in OBMol::PerceiveBondOrders (title is /home/zhangsd/repos/MOFSNN/CGCNN_MT/data/CoREMOF2019/clean_cifs/QOMRUH_clean)

==============================
*** Open Babel Warning  in PerceiveBondOrders
  Failed to kekulize aromatic bonds in OBMol::PerceiveBondOrders (title is /home/zhangsd/repos/MOFSNN/CGCNN_MT/data/CoREMOF2019/clean_cifs/COWXOC_clean)

==============================
*** Open Babel Warning  in PerceiveBondOrders
  Failed to kekulize aromatic bonds in OBMol::PerceiveBondOrders (title is /home/zhangsd/repos/MOFSNN/CGCNN_MT/data/CoREMOF2019/clean_cifs/LEYREO_clean)

/opt/share/miniconda3/envs/mofmthnn/lib/python3.9/site-packages/pymatgen/io/cif.py:1229: UserWarning: Issues encountered while parsing CIF: 16 fractional coordinates rounded to ideal values to avoid issues with finite precision.
  warnings.warn("Issues encountered while parsing CIF: " + "\n".join(self.warnings))
/opt/share/miniconda3/envs/mofmthnn/lib/python3.9/site-packages/pymatgen/io/cif.py:1229: UserWarning: Issues encountered while parsing CIF: 1 fractional coordinates rounded to ideal values to avoid issues with finite precision.
  warnings.warn("Issues encountered while parsing CIF: " + "\n".join(self.warnings))
==============================
*** Open Babel Warning  in PerceiveBondOrders
  Failed to kekulize aromatic bonds in OBMol::PerceiveBondOrders (title is /home/zhangsd/repos/MOFSNN/CGCNN_MT/data/CoREMOF2019/clean_cifs/OWUJIB_clean)

==============================
*** Open Babel Warning  in PerceiveBondOrders
  Failed to kekulize aromatic bonds in OBMol::PerceiveBondOrders (title is /home/zhangsd/repos/MOFSNN/CGCNN_MT/data/CoREMOF2019/clean_cifs/INIGET_clean)

==============================
*** Open Babel Warning  in PerceiveBondOrders
  Failed to kekulize aromatic bonds in OBMol::PerceiveBondOrders (title is /home/zhangsd/repos/MOFSNN/CGCNN_MT/data/CoREMOF2019/clean_cifs/OYEBIE_clean)

==============================
*** Open Babel Warning  in PerceiveBondOrders
  Failed to kekulize aromatic bonds in OBMol::PerceiveBondOrders (title is /home/zhangsd/repos/MOFSNN/CGCNN_MT/data/CoREMOF2019/clean_cifs/TOLYOJ_clean)

==============================
*** Open Babel Warning  in PerceiveBondOrders
  Failed to kekulize aromatic bonds in OBMol::PerceiveBondOrders (title is /home/zhangsd/repos/MOFSNN/CGCNN_MT/data/CoREMOF2019/clean_cifs/PEVFON_clean)

==============================
*** Open Babel Warning  in PerceiveBondOrders
  Failed to kekulize aromatic bonds in OBMol::PerceiveBondOrders (title is /home/zhangsd/repos/MOFSNN/CGCNN_MT/data/CoREMOF2019/clean_cifs/TUBJAD_clean)

/opt/share/miniconda3/envs/mofmthnn/lib/python3.9/site-packages/pymatgen/io/cif.py:1229: UserWarning: Issues encountered while parsing CIF: 1 fractional coordinates rounded to ideal values to avoid issues with finite precision.
  warnings.warn("Issues encountered while parsing CIF: " + "\n".join(self.warnings))
==============================
*** Open Babel Warning  in PerceiveBondOrders
  Failed to kekulize aromatic bonds in OBMol::PerceiveBondOrders (title is /home/zhangsd/repos/MOFSNN/CGCNN_MT/data/CoREMOF2019/clean_cifs/AQOLEZ_clean)

==============================
*** Open Babel Warning  in PerceiveBondOrders
  Failed to kekulize aromatic bonds in OBMol::PerceiveBondOrders (title is /home/zhangsd/repos/MOFSNN/CGCNN_MT/data/CoREMOF2019/clean_cifs/TIKXER_clean)

==============================
*** Open Babel Warning  in PerceiveBondOrders
  Failed to kekulize aromatic bonds in OBMol::PerceiveBondOrders (title is /home/zhangsd/repos/MOFSNN/CGCNN_MT/data/CoREMOF2019/clean_cifs/ja302340b_si_002_clean)

/opt/share/miniconda3/envs/mofmthnn/lib/python3.9/site-packages/pymatgen/io/cif.py:1229: UserWarning: Issues encountered while parsing CIF: 10 fractional coordinates rounded to ideal values to avoid issues with finite precision.
  warnings.warn("Issues encountered while parsing CIF: " + "\n".join(self.warnings))
==============================
*** Open Babel Warning  in PerceiveBondOrders
  Failed to kekulize aromatic bonds in OBMol::PerceiveBondOrders (title is /home/zhangsd/repos/MOFSNN/CGCNN_MT/data/CoREMOF2019/clean_cifs/BIFKEI_clean)

==============================
*** Open Babel Warning  in PerceiveBondOrders
  Failed to kekulize aromatic bonds in OBMol::PerceiveBondOrders (title is /home/zhangsd/repos/MOFSNN/CGCNN_MT/data/CoREMOF2019/clean_cifs/MOTVOI_clean)

==============================
*** Open Babel Warning  in PerceiveBondOrders
  Failed to kekulize aromatic bonds in OBMol::PerceiveBondOrders (title is /home/zhangsd/repos/MOFSNN/CGCNN_MT/data/CoREMOF2019/clean_cifs/NADNEM_clean)

==============================
*** Open Babel Warning  in PerceiveBondOrders
  Failed to kekulize aromatic bonds in OBMol::PerceiveBondOrders (title is /home/zhangsd/repos/MOFSNN/CGCNN_MT/data/CoREMOF2019/clean_cifs/WEMCUO_clean)

==============================
*** Open Babel Warning  in PerceiveBondOrders
  Failed to kekulize aromatic bonds in OBMol::PerceiveBondOrders (title is /home/zhangsd/repos/MOFSNN/CGCNN_MT/data/CoREMOF2019/clean_cifs/XOHTUJ_clean)

==============================
*** Open Babel Warning  in PerceiveBondOrders
  Failed to kekulize aromatic bonds in OBMol::PerceiveBondOrders (title is /home/zhangsd/repos/MOFSNN/CGCNN_MT/data/CoREMOF2019/clean_cifs/UTEWOG_clean)

==============================
*** Open Babel Warning  in PerceiveBondOrders
  Failed to kekulize aromatic bonds in OBMol::PerceiveBondOrders (title is /home/zhangsd/repos/MOFSNN/CGCNN_MT/data/CoREMOF2019/clean_cifs/WIYFAM_clean)

/opt/share/miniconda3/envs/mofmthnn/lib/python3.9/site-packages/pymatgen/io/cif.py:1229: UserWarning: Issues encountered while parsing CIF: 20 fractional coordinates rounded to ideal values to avoid issues with finite precision.
  warnings.warn("Issues encountered while parsing CIF: " + "\n".join(self.warnings))
==============================
*** Open Babel Warning  in PerceiveBondOrders
  Failed to kekulize aromatic bonds in OBMol::PerceiveBondOrders (title is /home/zhangsd/repos/MOFSNN/CGCNN_MT/data/CoREMOF2019/clean_cifs/ECUTON_clean)

==============================
*** Open Babel Warning  in PerceiveBondOrders
  Failed to kekulize aromatic bonds in OBMol::PerceiveBondOrders (title is /home/zhangsd/repos/MOFSNN/CGCNN_MT/data/CoREMOF2019/clean_cifs/RAXYOF_clean)

==============================
*** Open Babel Warning  in PerceiveBondOrders
  Failed to kekulize aromatic bonds in OBMol::PerceiveBondOrders (title is /home/zhangsd/repos/MOFSNN/CGCNN_MT/data/CoREMOF2019/clean_cifs/GUFBUG_clean)

/opt/share/miniconda3/envs/mofmthnn/lib/python3.9/site-packages/pymatgen/io/cif.py:1229: UserWarning: Issues encountered while parsing CIF: 3 fractional coordinates rounded to ideal values to avoid issues with finite precision.
  warnings.warn("Issues encountered while parsing CIF: " + "\n".join(self.warnings))
==============================
*** Open Babel Warning  in PerceiveBondOrders
  Failed to kekulize aromatic bonds in OBMol::PerceiveBondOrders (title is /home/zhangsd/repos/MOFSNN/CGCNN_MT/data/CoREMOF2019/clean_cifs/ILOWAI_clean)

==============================
*** Open Babel Warning  in PerceiveBondOrders
  Failed to kekulize aromatic bonds in OBMol::PerceiveBondOrders (title is /home/zhangsd/repos/MOFSNN/CGCNN_MT/data/CoREMOF2019/clean_cifs/RARYUF_clean)

==============================
*** Open Babel Warning  in PerceiveBondOrders
  Failed to kekulize aromatic bonds in OBMol::PerceiveBondOrders (title is /home/zhangsd/repos/MOFSNN/CGCNN_MT/data/CoREMOF2019/clean_cifs/MOXPUL_clean)

/opt/share/miniconda3/envs/mofmthnn/lib/python3.9/site-packages/pymatgen/io/cif.py:1229: UserWarning: Issues encountered while parsing CIF: 1 fractional coordinates rounded to ideal values to avoid issues with finite precision.
  warnings.warn("Issues encountered while parsing CIF: " + "\n".join(self.warnings))
==============================
*** Open Babel Warning  in PerceiveBondOrders
  Failed to kekulize aromatic bonds in OBMol::PerceiveBondOrders (title is /home/zhangsd/repos/MOFSNN/CGCNN_MT/data/CoREMOF2019/clean_cifs/YUKWUY_clean)

==============================
*** Open Babel Warning  in PerceiveBondOrders
  Failed to kekulize aromatic bonds in OBMol::PerceiveBondOrders (title is /home/zhangsd/repos/MOFSNN/CGCNN_MT/data/CoREMOF2019/clean_cifs/BUQWER_clean)

/opt/share/miniconda3/envs/mofmthnn/lib/python3.9/site-packages/pymatgen/io/cif.py:1229: UserWarning: Issues encountered while parsing CIF: 2 fractional coordinates rounded to ideal values to avoid issues with finite precision.
  warnings.warn("Issues encountered while parsing CIF: " + "\n".join(self.warnings))
==============================
*** Open Babel Warning  in PerceiveBondOrders
  Failed to kekulize aromatic bonds in OBMol::PerceiveBondOrders (title is /home/zhangsd/repos/MOFSNN/CGCNN_MT/data/CoREMOF2019/clean_cifs/PENZUE_clean)

==============================
*** Open Babel Warning  in PerceiveBondOrders
  Failed to kekulize aromatic bonds in OBMol::PerceiveBondOrders (title is /home/zhangsd/repos/MOFSNN/CGCNN_MT/data/CoREMOF2019/clean_cifs/KAXZUG_clean)

==============================
*** Open Babel Warning  in PerceiveBondOrders
  Failed to kekulize aromatic bonds in OBMol::PerceiveBondOrders (title is /home/zhangsd/repos/MOFSNN/CGCNN_MT/data/CoREMOF2019/clean_cifs/EBINUA02_clean)

==============================
*** Open Babel Warning  in PerceiveBondOrders
  Failed to kekulize aromatic bonds in OBMol::PerceiveBondOrders (title is /home/zhangsd/repos/MOFSNN/CGCNN_MT/data/CoREMOF2019/clean_cifs/RELLAW_clean)

==============================
*** Open Babel Warning  in PerceiveBondOrders
  Failed to kekulize aromatic bonds in OBMol::PerceiveBondOrders (title is /home/zhangsd/repos/MOFSNN/CGCNN_MT/data/CoREMOF2019/clean_cifs/VIQQUJ_clean)

==============================
*** Open Babel Warning  in PerceiveBondOrders
  Failed to kekulize aromatic bonds in OBMol::PerceiveBondOrders (title is /home/zhangsd/repos/MOFSNN/CGCNN_MT/data/CoREMOF2019/clean_cifs/WUNSEE02_charged)

==============================
*** Open Babel Warning  in PerceiveBondOrders
  Failed to kekulize aromatic bonds in OBMol::PerceiveBondOrders (title is /home/zhangsd/repos/MOFSNN/CGCNN_MT/data/CoREMOF2019/clean_cifs/PURNIB_clean)

/opt/share/miniconda3/envs/mofmthnn/lib/python3.9/site-packages/pymatgen/io/cif.py:1229: UserWarning: Issues encountered while parsing CIF: 2 fractional coordinates rounded to ideal values to avoid issues with finite precision.
  warnings.warn("Issues encountered while parsing CIF: " + "\n".join(self.warnings))
==============================
*** Open Babel Warning  in PerceiveBondOrders
  Failed to kekulize aromatic bonds in OBMol::PerceiveBondOrders (title is /home/zhangsd/repos/MOFSNN/CGCNN_MT/data/CoREMOF2019/clean_cifs/LACZIB_clean)

==============================
*** Open Babel Warning  in PerceiveBondOrders
  Failed to kekulize aromatic bonds in OBMol::PerceiveBondOrders (title is /home/zhangsd/repos/MOFSNN/CGCNN_MT/data/CoREMOF2019/clean_cifs/BAXFIR02_clean)

==============================
*** Open Babel Warning  in PerceiveBondOrders
  Failed to kekulize aromatic bonds in OBMol::PerceiveBondOrders (title is /home/zhangsd/repos/MOFSNN/CGCNN_MT/data/CoREMOF2019/clean_cifs/HUZFEO_clean)

==============================
*** Open Babel Warning  in PerceiveBondOrders
  Failed to kekulize aromatic bonds in OBMol::PerceiveBondOrders (title is /home/zhangsd/repos/MOFSNN/CGCNN_MT/data/CoREMOF2019/clean_cifs/EQETAX_clean)

==============================
*** Open Babel Warning  in PerceiveBondOrders
  Failed to kekulize aromatic bonds in OBMol::PerceiveBondOrders (title is /home/zhangsd/repos/MOFSNN/CGCNN_MT/data/CoREMOF2019/clean_cifs/QADWOK_clean)

==============================
*** Open Babel Warning  in PerceiveBondOrders
  Failed to kekulize aromatic bonds in OBMol::PerceiveBondOrders (title is /home/zhangsd/repos/MOFSNN/CGCNN_MT/data/CoREMOF2019/clean_cifs/YOMBEI_clean)

/opt/share/miniconda3/envs/mofmthnn/lib/python3.9/site-packages/pymatgen/io/cif.py:1229: UserWarning: Issues encountered while parsing CIF: 4 fractional coordinates rounded to ideal values to avoid issues with finite precision.
  warnings.warn("Issues encountered while parsing CIF: " + "\n".join(self.warnings))
==============================
*** Open Babel Warning  in PerceiveBondOrders
  Failed to kekulize aromatic bonds in OBMol::PerceiveBondOrders (title is /home/zhangsd/repos/MOFSNN/CGCNN_MT/data/CoREMOF2019/clean_cifs/GITVEL01_clean)

/opt/share/miniconda3/envs/mofmthnn/lib/python3.9/site-packages/pymatgen/io/cif.py:1229: UserWarning: Issues encountered while parsing CIF: 16 fractional coordinates rounded to ideal values to avoid issues with finite precision.
  warnings.warn("Issues encountered while parsing CIF: " + "\n".join(self.warnings))
/opt/share/miniconda3/envs/mofmthnn/lib/python3.9/site-packages/pymatgen/io/cif.py:1229: UserWarning: Issues encountered while parsing CIF: 1 fractional coordinates rounded to ideal values to avoid issues with finite precision.
  warnings.warn("Issues encountered while parsing CIF: " + "\n".join(self.warnings))
==============================
*** Open Babel Warning  in PerceiveBondOrders
  Failed to kekulize aromatic bonds in OBMol::PerceiveBondOrders (title is /home/zhangsd/repos/MOFSNN/CGCNN_MT/data/CoREMOF2019/clean_cifs/TONLOY_clean)

/opt/share/miniconda3/envs/mofmthnn/lib/python3.9/site-packages/ase/io/cif.py:401: UserWarning: crystal system 'triclinic' is not interpreted for space group Spacegroup(1, setting=1). This may result in wrong setting!
  warnings.warn(
==============================
*** Open Babel Warning  in PerceiveBondOrders
  Failed to kekulize aromatic bonds in OBMol::PerceiveBondOrders (title is /home/zhangsd/repos/MOFSNN/CGCNN_MT/data/CoREMOF2019/clean_cifs/SODZIV_clean)

==============================
*** Open Babel Warning  in PerceiveBondOrders
  Failed to kekulize aromatic bonds in OBMol::PerceiveBondOrders (title is /home/zhangsd/repos/MOFSNN/CGCNN_MT/data/CoREMOF2019/clean_cifs/CUNFOH01_clean)

==============================
*** Open Babel Warning  in PerceiveBondOrders
  Failed to kekulize aromatic bonds in OBMol::PerceiveBondOrders (title is /home/zhangsd/repos/MOFSNN/CGCNN_MT/data/CoREMOF2019/clean_cifs/WIDTAF_clean)

==============================
*** Open Babel Warning  in PerceiveBondOrders
  Failed to kekulize aromatic bonds in OBMol::PerceiveBondOrders (title is /home/zhangsd/repos/MOFSNN/CGCNN_MT/data/CoREMOF2019/clean_cifs/EQOXIT_clean)

==============================
*** Open Babel Warning  in PerceiveBondOrders
  Failed to kekulize aromatic bonds in OBMol::PerceiveBondOrders (title is /home/zhangsd/repos/MOFSNN/CGCNN_MT/data/CoREMOF2019/clean_cifs/OCIMIZ_clean)

==============================
*** Open Babel Warning  in PerceiveBondOrders
  Failed to kekulize aromatic bonds in OBMol::PerceiveBondOrders (title is /home/zhangsd/repos/MOFSNN/CGCNN_MT/data/CoREMOF2019/clean_cifs/CIXCAO_clean)

==============================
*** Open Babel Warning  in PerceiveBondOrders
  Failed to kekulize aromatic bonds in OBMol::PerceiveBondOrders (title is /home/zhangsd/repos/MOFSNN/CGCNN_MT/data/CoREMOF2019/clean_cifs/IGINIX_clean)

==============================
*** Open Babel Warning  in PerceiveBondOrders
  Failed to kekulize aromatic bonds in OBMol::PerceiveBondOrders (title is /home/zhangsd/repos/MOFSNN/CGCNN_MT/data/CoREMOF2019/clean_cifs/DAXJET03_clean)

==============================
*** Open Babel Warning  in PerceiveBondOrders
  Failed to kekulize aromatic bonds in OBMol::PerceiveBondOrders (title is /home/zhangsd/repos/MOFSNN/CGCNN_MT/data/CoREMOF2019/clean_cifs/QAPPUT_clean)

==============================
*** Open Babel Warning  in PerceiveBondOrders
  Failed to kekulize aromatic bonds in OBMol::PerceiveBondOrders (title is /home/zhangsd/repos/MOFSNN/CGCNN_MT/data/CoREMOF2019/clean_cifs/OQUZIL_clean)

==============================
*** Open Babel Warning  in PerceiveBondOrders
  Failed to kekulize aromatic bonds in OBMol::PerceiveBondOrders (title is /home/zhangsd/repos/MOFSNN/CGCNN_MT/data/CoREMOF2019/clean_cifs/TAKZEN_clean)

==============================
*** Open Babel Warning  in PerceiveBondOrders
  Failed to kekulize aromatic bonds in OBMol::PerceiveBondOrders (title is /home/zhangsd/repos/MOFSNN/CGCNN_MT/data/CoREMOF2019/clean_cifs/RAHMAP_clean)

==============================
*** Open Babel Warning  in PerceiveBondOrders
  Failed to kekulize aromatic bonds in OBMol::PerceiveBondOrders (title is /home/zhangsd/repos/MOFSNN/CGCNN_MT/data/CoREMOF2019/clean_cifs/CUCTAX_clean)

/opt/share/miniconda3/envs/mofmthnn/lib/python3.9/site-packages/pymatgen/io/cif.py:1229: UserWarning: Issues encountered while parsing CIF: 4 fractional coordinates rounded to ideal values to avoid issues with finite precision.
  warnings.warn("Issues encountered while parsing CIF: " + "\n".join(self.warnings))
==============================
*** Open Babel Warning  in PerceiveBondOrders
  Failed to kekulize aromatic bonds in OBMol::PerceiveBondOrders (title is /home/zhangsd/repos/MOFSNN/CGCNN_MT/data/CoREMOF2019/clean_cifs/YUXLIN_clean)

==============================
*** Open Babel Warning  in PerceiveBondOrders
  Failed to kekulize aromatic bonds in OBMol::PerceiveBondOrders (title is /home/zhangsd/repos/MOFSNN/CGCNN_MT/data/CoREMOF2019/clean_cifs/GABGOI_clean)

==============================
*** Open Babel Warning  in PerceiveBondOrders
  Failed to kekulize aromatic bonds in OBMol::PerceiveBondOrders (title is /home/zhangsd/repos/MOFSNN/CGCNN_MT/data/CoREMOF2019/clean_cifs/ZUKNAW_clean)

==============================
*** Open Babel Warning  in PerceiveBondOrders
  Failed to kekulize aromatic bonds in OBMol::PerceiveBondOrders (title is /home/zhangsd/repos/MOFSNN/CGCNN_MT/data/CoREMOF2019/clean_cifs/VAJTUX_clean)

==============================
*** Open Babel Warning  in PerceiveBondOrders
  Failed to kekulize aromatic bonds in OBMol::PerceiveBondOrders (title is /home/zhangsd/repos/MOFSNN/CGCNN_MT/data/CoREMOF2019/clean_cifs/TOFLIL_clean)

/opt/share/miniconda3/envs/mofmthnn/lib/python3.9/site-packages/pymatgen/io/cif.py:1229: UserWarning: Issues encountered while parsing CIF: 1 fractional coordinates rounded to ideal values to avoid issues with finite precision.
  warnings.warn("Issues encountered while parsing CIF: " + "\n".join(self.warnings))
==============================
*** Open Babel Warning  in PerceiveBondOrders
  Failed to kekulize aromatic bonds in OBMol::PerceiveBondOrders (title is /home/zhangsd/repos/MOFSNN/CGCNN_MT/data/CoREMOF2019/clean_cifs/POWBEK_clean)

==============================
*** Open Babel Warning  in PerceiveBondOrders
  Failed to kekulize aromatic bonds in OBMol::PerceiveBondOrders (title is /home/zhangsd/repos/MOFSNN/CGCNN_MT/data/CoREMOF2019/clean_cifs/HIQNAY_clean)

==============================
*** Open Babel Warning  in PerceiveBondOrders
  Failed to kekulize aromatic bonds in OBMol::PerceiveBondOrders (title is /home/zhangsd/repos/MOFSNN/CGCNN_MT/data/CoREMOF2019/clean_cifs/GAMXAV_clean)

==============================
*** Open Babel Warning  in PerceiveBondOrders
  Failed to kekulize aromatic bonds in OBMol::PerceiveBondOrders (title is /home/zhangsd/repos/MOFSNN/CGCNN_MT/data/CoREMOF2019/clean_cifs/GABYUG_clean)

==============================
*** Open Babel Warning  in PerceiveBondOrders
  Failed to kekulize aromatic bonds in OBMol::PerceiveBondOrders (title is /home/zhangsd/repos/MOFSNN/CGCNN_MT/data/CoREMOF2019/clean_cifs/KEXPOU_clean)

==============================
*** Open Babel Warning  in PerceiveBondOrders
  Failed to kekulize aromatic bonds in OBMol::PerceiveBondOrders (title is /home/zhangsd/repos/MOFSNN/CGCNN_MT/data/CoREMOF2019/clean_cifs/HIFZAY_charged)

==============================
*** Open Babel Warning  in PerceiveBondOrders
  Failed to kekulize aromatic bonds in OBMol::PerceiveBondOrders (title is /home/zhangsd/repos/MOFSNN/CGCNN_MT/data/CoREMOF2019/clean_cifs/AVIVOQ_clean)

==============================
*** Open Babel Warning  in PerceiveBondOrders
  Failed to kekulize aromatic bonds in OBMol::PerceiveBondOrders (title is /home/zhangsd/repos/MOFSNN/CGCNN_MT/data/CoREMOF2019/clean_cifs/VEDFOB_clean)

==============================
*** Open Babel Warning  in PerceiveBondOrders
  Failed to kekulize aromatic bonds in OBMol::PerceiveBondOrders (title is /home/zhangsd/repos/MOFSNN/CGCNN_MT/data/CoREMOF2019/clean_cifs/ONAWAC_clean)

==============================
*** Open Babel Warning  in PerceiveBondOrders
  Failed to kekulize aromatic bonds in OBMol::PerceiveBondOrders (title is /home/zhangsd/repos/MOFSNN/CGCNN_MT/data/CoREMOF2019/clean_cifs/ic502643m_si_007_clean)

==============================
*** Open Babel Warning  in PerceiveBondOrders
  Failed to kekulize aromatic bonds in OBMol::PerceiveBondOrders (title is /home/zhangsd/repos/MOFSNN/CGCNN_MT/data/CoREMOF2019/clean_cifs/MIMDAP_clean)

==============================
*** Open Babel Warning  in PerceiveBondOrders
  Failed to kekulize aromatic bonds in OBMol::PerceiveBondOrders (title is /home/zhangsd/repos/MOFSNN/CGCNN_MT/data/CoREMOF2019/clean_cifs/SEHLAU_clean)

==============================
*** Open Babel Warning  in PerceiveBondOrders
  Failed to kekulize aromatic bonds in OBMol::PerceiveBondOrders (title is /home/zhangsd/repos/MOFSNN/CGCNN_MT/data/CoREMOF2019/clean_cifs/RIPKIM_clean)

==============================
*** Open Babel Warning  in PerceiveBondOrders
  Failed to kekulize aromatic bonds in OBMol::PerceiveBondOrders (title is /home/zhangsd/repos/MOFSNN/CGCNN_MT/data/CoREMOF2019/clean_cifs/PUKVAU_clean)

==============================
*** Open Babel Warning  in PerceiveBondOrders
  Failed to kekulize aromatic bonds in OBMol::PerceiveBondOrders (title is /home/zhangsd/repos/MOFSNN/CGCNN_MT/data/CoREMOF2019/clean_cifs/j.inoche.2015.01.025_INC05862-mmc2_clean)

==============================
*** Open Babel Warning  in PerceiveBondOrders
  Failed to kekulize aromatic bonds in OBMol::PerceiveBondOrders (title is /home/zhangsd/repos/MOFSNN/CGCNN_MT/data/CoREMOF2019/clean_cifs/XOFTIW_clean)

/opt/share/miniconda3/envs/mofmthnn/lib/python3.9/site-packages/pymatgen/io/cif.py:1229: UserWarning: Issues encountered while parsing CIF: 2 fractional coordinates rounded to ideal values to avoid issues with finite precision.
  warnings.warn("Issues encountered while parsing CIF: " + "\n".join(self.warnings))
==============================
*** Open Babel Warning  in PerceiveBondOrders
  Failed to kekulize aromatic bonds in OBMol::PerceiveBondOrders (title is /home/zhangsd/repos/MOFSNN/CGCNN_MT/data/CoREMOF2019/clean_cifs/DIXNUV01_clean)

==============================
*** Open Babel Warning  in PerceiveBondOrders
  Failed to kekulize aromatic bonds in OBMol::PerceiveBondOrders (title is /home/zhangsd/repos/MOFSNN/CGCNN_MT/data/CoREMOF2019/clean_cifs/RURPEA_clean)

==============================
*** Open Babel Warning  in PerceiveBondOrders
  Failed to kekulize aromatic bonds in OBMol::PerceiveBondOrders (title is /home/zhangsd/repos/MOFSNN/CGCNN_MT/data/CoREMOF2019/clean_cifs/COYTUG_clean)

==============================
*** Open Babel Warning  in PerceiveBondOrders
  Failed to kekulize aromatic bonds in OBMol::PerceiveBondOrders (title is /home/zhangsd/repos/MOFSNN/CGCNN_MT/data/CoREMOF2019/clean_cifs/FUTKEL_manual)

==============================
*** Open Babel Warning  in PerceiveBondOrders
  Failed to kekulize aromatic bonds in OBMol::PerceiveBondOrders (title is /home/zhangsd/repos/MOFSNN/CGCNN_MT/data/CoREMOF2019/clean_cifs/GOYYAW_clean)

/opt/share/miniconda3/envs/mofmthnn/lib/python3.9/site-packages/pymatgen/io/cif.py:1229: UserWarning: Issues encountered while parsing CIF: 2 fractional coordinates rounded to ideal values to avoid issues with finite precision.
  warnings.warn("Issues encountered while parsing CIF: " + "\n".join(self.warnings))
/opt/share/miniconda3/envs/mofmthnn/lib/python3.9/site-packages/pymatgen/io/cif.py:1229: UserWarning: Issues encountered while parsing CIF: 28 fractional coordinates rounded to ideal values to avoid issues with finite precision.
  warnings.warn("Issues encountered while parsing CIF: " + "\n".join(self.warnings))
==============================
*** Open Babel Warning  in PerceiveBondOrders
  Failed to kekulize aromatic bonds in OBMol::PerceiveBondOrders (title is /home/zhangsd/repos/MOFSNN/CGCNN_MT/data/CoREMOF2019/clean_cifs/XIMPOA01_clean)

==============================
*** Open Babel Warning  in PerceiveBondOrders
  Failed to kekulize aromatic bonds in OBMol::PerceiveBondOrders (title is /home/zhangsd/repos/MOFSNN/CGCNN_MT/data/CoREMOF2019/clean_cifs/MUPYUS_clean)

==============================
*** Open Babel Warning  in PerceiveBondOrders
  Failed to kekulize aromatic bonds in OBMol::PerceiveBondOrders (title is /home/zhangsd/repos/MOFSNN/CGCNN_MT/data/CoREMOF2019/clean_cifs/UZOBAN_clean)

==============================
*** Open Babel Warning  in PerceiveBondOrders
  Failed to kekulize aromatic bonds in OBMol::PerceiveBondOrders (title is /home/zhangsd/repos/MOFSNN/CGCNN_MT/data/CoREMOF2019/clean_cifs/JOVXEZ_clean)

==============================
*** Open Babel Warning  in PerceiveBondOrders
  Failed to kekulize aromatic bonds in OBMol::PerceiveBondOrders (title is /home/zhangsd/repos/MOFSNN/CGCNN_MT/data/CoREMOF2019/clean_cifs/ja204757x_si_003_clean)

/opt/share/miniconda3/envs/mofmthnn/lib/python3.9/site-packages/pymatgen/io/cif.py:1229: UserWarning: Issues encountered while parsing CIF: 10 fractional coordinates rounded to ideal values to avoid issues with finite precision.
  warnings.warn("Issues encountered while parsing CIF: " + "\n".join(self.warnings))
==============================
*** Open Babel Warning  in PerceiveBondOrders
  Failed to kekulize aromatic bonds in OBMol::PerceiveBondOrders (title is /home/zhangsd/repos/MOFSNN/CGCNN_MT/data/CoREMOF2019/clean_cifs/BUSGOM_clean)

==============================
*** Open Babel Warning  in PerceiveBondOrders
  Failed to kekulize aromatic bonds in OBMol::PerceiveBondOrders (title is /home/zhangsd/repos/MOFSNN/CGCNN_MT/data/CoREMOF2019/clean_cifs/POXHOA_clean)

/opt/share/miniconda3/envs/mofmthnn/lib/python3.9/site-packages/pymatgen/io/cif.py:1229: UserWarning: Issues encountered while parsing CIF: 3 fractional coordinates rounded to ideal values to avoid issues with finite precision.
  warnings.warn("Issues encountered while parsing CIF: " + "\n".join(self.warnings))
==============================
*** Open Babel Warning  in PerceiveBondOrders
  Failed to kekulize aromatic bonds in OBMol::PerceiveBondOrders (title is /home/zhangsd/repos/MOFSNN/CGCNN_MT/data/CoREMOF2019/clean_cifs/EKEQIV_clean)

==============================
*** Open Babel Warning  in PerceiveBondOrders
  Failed to kekulize aromatic bonds in OBMol::PerceiveBondOrders (title is /home/zhangsd/repos/MOFSNN/CGCNN_MT/data/CoREMOF2019/clean_cifs/QIYDOT_clean)

/opt/share/miniconda3/envs/mofmthnn/lib/python3.9/site-packages/pymatgen/io/cif.py:1229: UserWarning: Issues encountered while parsing CIF: 2 fractional coordinates rounded to ideal values to avoid issues with finite precision.
  warnings.warn("Issues encountered while parsing CIF: " + "\n".join(self.warnings))
==============================
*** Open Babel Warning  in PerceiveBondOrders
  Failed to kekulize aromatic bonds in OBMol::PerceiveBondOrders (title is /home/zhangsd/repos/MOFSNN/CGCNN_MT/data/CoREMOF2019/clean_cifs/RODBAP_clean)

==============================
*** Open Babel Warning  in PerceiveBondOrders
  Failed to kekulize aromatic bonds in OBMol::PerceiveBondOrders (title is /home/zhangsd/repos/MOFSNN/CGCNN_MT/data/CoREMOF2019/clean_cifs/FOHRUR_clean)

/opt/share/miniconda3/envs/mofmthnn/lib/python3.9/site-packages/pymatgen/io/cif.py:1229: UserWarning: Issues encountered while parsing CIF: 2 fractional coordinates rounded to ideal values to avoid issues with finite precision.
  warnings.warn("Issues encountered while parsing CIF: " + "\n".join(self.warnings))
==============================
*** Open Babel Warning  in PerceiveBondOrders
  Failed to kekulize aromatic bonds in OBMol::PerceiveBondOrders (title is /home/zhangsd/repos/MOFSNN/CGCNN_MT/data/CoREMOF2019/clean_cifs/LEVPAF_clean)

==============================
*** Open Babel Warning  in PerceiveBondOrders
  Failed to kekulize aromatic bonds in OBMol::PerceiveBondOrders (title is /home/zhangsd/repos/MOFSNN/CGCNN_MT/data/CoREMOF2019/clean_cifs/ja500330a_si_005_clean)

==============================
*** Open Babel Warning  in PerceiveBondOrders
  Failed to kekulize aromatic bonds in OBMol::PerceiveBondOrders (title is /home/zhangsd/repos/MOFSNN/CGCNN_MT/data/CoREMOF2019/clean_cifs/ULILEI_clean)

==============================
*** Open Babel Warning  in PerceiveBondOrders
  Failed to kekulize aromatic bonds in OBMol::PerceiveBondOrders (title is /home/zhangsd/repos/MOFSNN/CGCNN_MT/data/CoREMOF2019/clean_cifs/YIXZEM_clean)

/opt/share/miniconda3/envs/mofmthnn/lib/python3.9/site-packages/pymatgen/io/cif.py:1229: UserWarning: Issues encountered while parsing CIF: 4 fractional coordinates rounded to ideal values to avoid issues with finite precision.
  warnings.warn("Issues encountered while parsing CIF: " + "\n".join(self.warnings))
==============================
*** Open Babel Warning  in PerceiveBondOrders
  Failed to kekulize aromatic bonds in OBMol::PerceiveBondOrders (title is /home/zhangsd/repos/MOFSNN/CGCNN_MT/data/CoREMOF2019/clean_cifs/POKVIW_clean)

==============================
*** Open Babel Warning  in PerceiveBondOrders
  Failed to kekulize aromatic bonds in OBMol::PerceiveBondOrders (title is /home/zhangsd/repos/MOFSNN/CGCNN_MT/data/CoREMOF2019/clean_cifs/EGIFUV_clean)

==============================
*** Open Babel Warning  in PerceiveBondOrders
  Failed to kekulize aromatic bonds in OBMol::PerceiveBondOrders (title is /home/zhangsd/repos/MOFSNN/CGCNN_MT/data/CoREMOF2019/clean_cifs/FIRPAZ_clean)

==============================
*** Open Babel Warning  in PerceiveBondOrders
  Failed to kekulize aromatic bonds in OBMol::PerceiveBondOrders (title is /home/zhangsd/repos/MOFSNN/CGCNN_MT/data/CoREMOF2019/clean_cifs/acs.inorgchem.5b02973_ic5b02973_si_002_clean)

==============================
*** Open Babel Warning  in PerceiveBondOrders
  Failed to kekulize aromatic bonds in OBMol::PerceiveBondOrders (title is /home/zhangsd/repos/MOFSNN/CGCNN_MT/data/CoREMOF2019/clean_cifs/QEBGEL_clean)

==============================
*** Open Babel Warning  in PerceiveBondOrders
  Failed to kekulize aromatic bonds in OBMol::PerceiveBondOrders (title is /home/zhangsd/repos/MOFSNN/CGCNN_MT/data/CoREMOF2019/clean_cifs/LOXKAM_clean)

/opt/share/miniconda3/envs/mofmthnn/lib/python3.9/site-packages/pymatgen/io/cif.py:1229: UserWarning: Issues encountered while parsing CIF: 16 fractional coordinates rounded to ideal values to avoid issues with finite precision.
  warnings.warn("Issues encountered while parsing CIF: " + "\n".join(self.warnings))
==============================
*** Open Babel Warning  in PerceiveBondOrders
  Failed to kekulize aromatic bonds in OBMol::PerceiveBondOrders (title is /home/zhangsd/repos/MOFSNN/CGCNN_MT/data/CoREMOF2019/clean_cifs/cg8013317_si_003_clean)

==============================
*** Open Babel Warning  in PerceiveBondOrders
  Failed to kekulize aromatic bonds in OBMol::PerceiveBondOrders (title is /home/zhangsd/repos/MOFSNN/CGCNN_MT/data/CoREMOF2019/clean_cifs/ic9002115_si_001_clean)

/opt/share/miniconda3/envs/mofmthnn/lib/python3.9/site-packages/pymatgen/io/cif.py:1229: UserWarning: Issues encountered while parsing CIF: 30 fractional coordinates rounded to ideal values to avoid issues with finite precision.
  warnings.warn("Issues encountered while parsing CIF: " + "\n".join(self.warnings))
==============================
*** Open Babel Warning  in PerceiveBondOrders
  Failed to kekulize aromatic bonds in OBMol::PerceiveBondOrders (title is /home/zhangsd/repos/MOFSNN/CGCNN_MT/data/CoREMOF2019/clean_cifs/CAXPIC_clean)

==============================
*** Open Babel Warning  in PerceiveBondOrders
  Failed to kekulize aromatic bonds in OBMol::PerceiveBondOrders (title is /home/zhangsd/repos/MOFSNN/CGCNN_MT/data/CoREMOF2019/clean_cifs/IPIHIA_clean)

/opt/share/miniconda3/envs/mofmthnn/lib/python3.9/site-packages/pymatgen/io/cif.py:1229: UserWarning: Issues encountered while parsing CIF: 10 fractional coordinates rounded to ideal values to avoid issues with finite precision.
  warnings.warn("Issues encountered while parsing CIF: " + "\n".join(self.warnings))
==============================
*** Open Babel Warning  in PerceiveBondOrders
  Failed to kekulize aromatic bonds in OBMol::PerceiveBondOrders (title is /home/zhangsd/repos/MOFSNN/CGCNN_MT/data/CoREMOF2019/clean_cifs/LAGVEX_clean)

==============================
*** Open Babel Warning  in PerceiveBondOrders
  Failed to kekulize aromatic bonds in OBMol::PerceiveBondOrders (title is /home/zhangsd/repos/MOFSNN/CGCNN_MT/data/CoREMOF2019/clean_cifs/OKIVIO_charged)

==============================
*** Open Babel Warning  in PerceiveBondOrders
  Failed to kekulize aromatic bonds in OBMol::PerceiveBondOrders (title is /home/zhangsd/repos/MOFSNN/CGCNN_MT/data/CoREMOF2019/clean_cifs/JURKIS_clean)

==============================
*** Open Babel Warning  in PerceiveBondOrders
  Failed to kekulize aromatic bonds in OBMol::PerceiveBondOrders (title is /home/zhangsd/repos/MOFSNN/CGCNN_MT/data/CoREMOF2019/clean_cifs/GIMSIG_clean)

/opt/share/miniconda3/envs/mofmthnn/lib/python3.9/site-packages/pymatgen/io/cif.py:1229: UserWarning: Issues encountered while parsing CIF: 2 fractional coordinates rounded to ideal values to avoid issues with finite precision.
  warnings.warn("Issues encountered while parsing CIF: " + "\n".join(self.warnings))
==============================
*** Open Babel Warning  in PerceiveBondOrders
  Failed to kekulize aromatic bonds in OBMol::PerceiveBondOrders (title is /home/zhangsd/repos/MOFSNN/CGCNN_MT/data/CoREMOF2019/clean_cifs/TUTJAU_clean)

==============================
*** Open Babel Warning  in PerceiveBondOrders
  Failed to kekulize aromatic bonds in OBMol::PerceiveBondOrders (title is /home/zhangsd/repos/MOFSNN/CGCNN_MT/data/CoREMOF2019/clean_cifs/HICVOG_clean)

==============================
*** Open Babel Warning  in PerceiveBondOrders
  Failed to kekulize aromatic bonds in OBMol::PerceiveBondOrders (title is /home/zhangsd/repos/MOFSNN/CGCNN_MT/data/CoREMOF2019/clean_cifs/LACYOG_clean)

==============================
*** Open Babel Warning  in PerceiveBondOrders
  Failed to kekulize aromatic bonds in OBMol::PerceiveBondOrders (title is /home/zhangsd/repos/MOFSNN/CGCNN_MT/data/CoREMOF2019/clean_cifs/cg501141m_si_003_clean)

==============================
*** Open Babel Warning  in PerceiveBondOrders
  Failed to kekulize aromatic bonds in OBMol::PerceiveBondOrders (title is /home/zhangsd/repos/MOFSNN/CGCNN_MT/data/CoREMOF2019/clean_cifs/PIGXUZ_clean)

==============================
*** Open Babel Warning  in PerceiveBondOrders
  Failed to kekulize aromatic bonds in OBMol::PerceiveBondOrders (title is /home/zhangsd/repos/MOFSNN/CGCNN_MT/data/CoREMOF2019/clean_cifs/KOMFUO_clean)

/opt/share/miniconda3/envs/mofmthnn/lib/python3.9/site-packages/pymatgen/io/cif.py:1229: UserWarning: Issues encountered while parsing CIF: 4 fractional coordinates rounded to ideal values to avoid issues with finite precision.
  warnings.warn("Issues encountered while parsing CIF: " + "\n".join(self.warnings))
/opt/share/miniconda3/envs/mofmthnn/lib/python3.9/site-packages/pymatgen/io/cif.py:1229: UserWarning: Issues encountered while parsing CIF: 4 fractional coordinates rounded to ideal values to avoid issues with finite precision.
  warnings.warn("Issues encountered while parsing CIF: " + "\n".join(self.warnings))
==============================
*** Open Babel Warning  in PerceiveBondOrders
  Failed to kekulize aromatic bonds in OBMol::PerceiveBondOrders (title is /home/zhangsd/repos/MOFSNN/CGCNN_MT/data/CoREMOF2019/clean_cifs/UMORIY_clean)

/opt/share/miniconda3/envs/mofmthnn/lib/python3.9/site-packages/pymatgen/io/cif.py:1229: UserWarning: Issues encountered while parsing CIF: 2 fractional coordinates rounded to ideal values to avoid issues with finite precision.
  warnings.warn("Issues encountered while parsing CIF: " + "\n".join(self.warnings))
==============================
*** Open Babel Warning  in PerceiveBondOrders
  Failed to kekulize aromatic bonds in OBMol::PerceiveBondOrders (title is /home/zhangsd/repos/MOFSNN/CGCNN_MT/data/CoREMOF2019/clean_cifs/BOFCEG_clean)

/opt/share/miniconda3/envs/mofmthnn/lib/python3.9/site-packages/pymatgen/io/cif.py:1229: UserWarning: Issues encountered while parsing CIF: 4 fractional coordinates rounded to ideal values to avoid issues with finite precision.
  warnings.warn("Issues encountered while parsing CIF: " + "\n".join(self.warnings))
==============================
*** Open Babel Warning  in PerceiveBondOrders
  Failed to kekulize aromatic bonds in OBMol::PerceiveBondOrders (title is /home/zhangsd/repos/MOFSNN/CGCNN_MT/data/CoREMOF2019/clean_cifs/cg200615s_si_002_clean)

==============================
*** Open Babel Warning  in PerceiveBondOrders
  Failed to kekulize aromatic bonds in OBMol::PerceiveBondOrders (title is /home/zhangsd/repos/MOFSNN/CGCNN_MT/data/CoREMOF2019/clean_cifs/SACDOR_clean)

==============================
*** Open Babel Warning  in PerceiveBondOrders
  Failed to kekulize aromatic bonds in OBMol::PerceiveBondOrders (title is /home/zhangsd/repos/MOFSNN/CGCNN_MT/data/CoREMOF2019/clean_cifs/PEVZAT_clean)

==============================
*** Open Babel Warning  in PerceiveBondOrders
  Failed to kekulize aromatic bonds in OBMol::PerceiveBondOrders (title is /home/zhangsd/repos/MOFSNN/CGCNN_MT/data/CoREMOF2019/clean_cifs/DOJXOR_clean)

==============================
*** Open Babel Warning  in PerceiveBondOrders
  Failed to kekulize aromatic bonds in OBMol::PerceiveBondOrders (title is /home/zhangsd/repos/MOFSNN/CGCNN_MT/data/CoREMOF2019/clean_cifs/MUHNAG_clean)

==============================
*** Open Babel Warning  in PerceiveBondOrders
  Failed to kekulize aromatic bonds in OBMol::PerceiveBondOrders (title is /home/zhangsd/repos/MOFSNN/CGCNN_MT/data/CoREMOF2019/clean_cifs/DUYROF_clean)

/opt/share/miniconda3/envs/mofmthnn/lib/python3.9/site-packages/pymatgen/io/cif.py:1229: UserWarning: Issues encountered while parsing CIF: 4 fractional coordinates rounded to ideal values to avoid issues with finite precision.
  warnings.warn("Issues encountered while parsing CIF: " + "\n".join(self.warnings))
==============================
*** Open Babel Warning  in PerceiveBondOrders
  Failed to kekulize aromatic bonds in OBMol::PerceiveBondOrders (title is /home/zhangsd/repos/MOFSNN/CGCNN_MT/data/CoREMOF2019/clean_cifs/MONFEC_clean)

==============================
*** Open Babel Warning  in PerceiveBondOrders
  Failed to kekulize aromatic bonds in OBMol::PerceiveBondOrders (title is /home/zhangsd/repos/MOFSNN/CGCNN_MT/data/CoREMOF2019/clean_cifs/FUBDAI_clean)

==============================
*** Open Babel Warning  in PerceiveBondOrders
  Failed to kekulize aromatic bonds in OBMol::PerceiveBondOrders (title is /home/zhangsd/repos/MOFSNN/CGCNN_MT/data/CoREMOF2019/clean_cifs/GOYXID_clean)

==============================
*** Open Babel Warning  in PerceiveBondOrders
  Failed to kekulize aromatic bonds in OBMol::PerceiveBondOrders (title is /home/zhangsd/repos/MOFSNN/CGCNN_MT/data/CoREMOF2019/clean_cifs/XALXUF_clean)

==============================
*** Open Babel Warning  in PerceiveBondOrders
  Failed to kekulize aromatic bonds in OBMol::PerceiveBondOrders (title is /home/zhangsd/repos/MOFSNN/CGCNN_MT/data/CoREMOF2019/clean_cifs/MABKIK01_clean)

==============================
*** Open Babel Warning  in PerceiveBondOrders
  Failed to kekulize aromatic bonds in OBMol::PerceiveBondOrders (title is /home/zhangsd/repos/MOFSNN/CGCNN_MT/data/CoREMOF2019/clean_cifs/SOJKAF_clean)

==============================
*** Open Babel Warning  in PerceiveBondOrders
  Failed to kekulize aromatic bonds in OBMol::PerceiveBondOrders (title is /home/zhangsd/repos/MOFSNN/CGCNN_MT/data/CoREMOF2019/clean_cifs/POCPAZ_clean)

==============================
*** Open Babel Warning  in PerceiveBondOrders
  Failed to kekulize aromatic bonds in OBMol::PerceiveBondOrders (title is /home/zhangsd/repos/MOFSNN/CGCNN_MT/data/CoREMOF2019/clean_cifs/NEVJEF_clean)

==============================
*** Open Babel Warning  in PerceiveBondOrders
  Failed to kekulize aromatic bonds in OBMol::PerceiveBondOrders (title is /home/zhangsd/repos/MOFSNN/CGCNN_MT/data/CoREMOF2019/clean_cifs/YUZBIG_clean)

==============================
*** Open Babel Warning  in PerceiveBondOrders
  Failed to kekulize aromatic bonds in OBMol::PerceiveBondOrders (title is /home/zhangsd/repos/MOFSNN/CGCNN_MT/data/CoREMOF2019/clean_cifs/VAQLAC_clean)

==============================
*** Open Babel Warning  in PerceiveBondOrders
  Failed to kekulize aromatic bonds in OBMol::PerceiveBondOrders (title is /home/zhangsd/repos/MOFSNN/CGCNN_MT/data/CoREMOF2019/clean_cifs/OGAGIN_clean)

==============================
*** Open Babel Warning  in PerceiveBondOrders
  Failed to kekulize aromatic bonds in OBMol::PerceiveBondOrders (title is /home/zhangsd/repos/MOFSNN/CGCNN_MT/data/CoREMOF2019/clean_cifs/QODHUO_clean)

==============================
*** Open Babel Warning  in PerceiveBondOrders
  Failed to kekulize aromatic bonds in OBMol::PerceiveBondOrders (title is /home/zhangsd/repos/MOFSNN/CGCNN_MT/data/CoREMOF2019/clean_cifs/CAZFOA_clean)

/opt/share/miniconda3/envs/mofmthnn/lib/python3.9/site-packages/pymatgen/io/cif.py:1229: UserWarning: Issues encountered while parsing CIF: 30 fractional coordinates rounded to ideal values to avoid issues with finite precision.
  warnings.warn("Issues encountered while parsing CIF: " + "\n".join(self.warnings))
/opt/share/miniconda3/envs/mofmthnn/lib/python3.9/site-packages/pymatgen/io/cif.py:1229: UserWarning: Issues encountered while parsing CIF: 2 fractional coordinates rounded to ideal values to avoid issues with finite precision.
  warnings.warn("Issues encountered while parsing CIF: " + "\n".join(self.warnings))
==============================
*** Open Babel Warning  in PerceiveBondOrders
  Failed to kekulize aromatic bonds in OBMol::PerceiveBondOrders (title is /home/zhangsd/repos/MOFSNN/CGCNN_MT/data/CoREMOF2019/clean_cifs/VIYZIO_clean)

==============================
*** Open Babel Warning  in PerceiveBondOrders
  Failed to kekulize aromatic bonds in OBMol::PerceiveBondOrders (title is /home/zhangsd/repos/MOFSNN/CGCNN_MT/data/CoREMOF2019/clean_cifs/RAWPIP_clean)

==============================
*** Open Babel Warning  in PerceiveBondOrders
  Failed to kekulize aromatic bonds in OBMol::PerceiveBondOrders (title is /home/zhangsd/repos/MOFSNN/CGCNN_MT/data/CoREMOF2019/clean_cifs/GUPDEB_clean)

==============================
*** Open Babel Warning  in PerceiveBondOrders
  Failed to kekulize aromatic bonds in OBMol::PerceiveBondOrders (title is /home/zhangsd/repos/MOFSNN/CGCNN_MT/data/CoREMOF2019/clean_cifs/DAPWAT_clean)

==============================
*** Open Babel Warning  in PerceiveBondOrders
  Failed to kekulize aromatic bonds in OBMol::PerceiveBondOrders (title is /home/zhangsd/repos/MOFSNN/CGCNN_MT/data/CoREMOF2019/clean_cifs/RESQAJ_clean)

==============================
*** Open Babel Warning  in PerceiveBondOrders
  Failed to kekulize aromatic bonds in OBMol::PerceiveBondOrders (title is /home/zhangsd/repos/MOFSNN/CGCNN_MT/data/CoREMOF2019/clean_cifs/ESUSIW_clean)

==============================
*** Open Babel Warning  in PerceiveBondOrders
  Failed to kekulize aromatic bonds in OBMol::PerceiveBondOrders (title is /home/zhangsd/repos/MOFSNN/CGCNN_MT/data/CoREMOF2019/clean_cifs/CEXSEE_charged)

==============================
*** Open Babel Warning  in PerceiveBondOrders
  Failed to kekulize aromatic bonds in OBMol::PerceiveBondOrders (title is /home/zhangsd/repos/MOFSNN/CGCNN_MT/data/CoREMOF2019/clean_cifs/PORLEP_clean)

==============================
*** Open Babel Warning  in PerceiveBondOrders
  Failed to kekulize aromatic bonds in OBMol::PerceiveBondOrders (title is /home/zhangsd/repos/MOFSNN/CGCNN_MT/data/CoREMOF2019/clean_cifs/XIJPAI_clean)

==============================
*** Open Babel Warning  in PerceiveBondOrders
  Failed to kekulize aromatic bonds in OBMol::PerceiveBondOrders (title is /home/zhangsd/repos/MOFSNN/CGCNN_MT/data/CoREMOF2019/clean_cifs/GISZUF_clean)

==============================
*** Open Babel Warning  in PerceiveBondOrders
  Failed to kekulize aromatic bonds in OBMol::PerceiveBondOrders (title is /home/zhangsd/repos/MOFSNN/CGCNN_MT/data/CoREMOF2019/clean_cifs/OXAPAF_clean)

==============================
*** Open Babel Warning  in PerceiveBondOrders
  Failed to kekulize aromatic bonds in OBMol::PerceiveBondOrders (title is /home/zhangsd/repos/MOFSNN/CGCNN_MT/data/CoREMOF2019/clean_cifs/YOYWEQ01_clean)

/opt/share/miniconda3/envs/mofmthnn/lib/python3.9/site-packages/pymatgen/io/cif.py:1229: UserWarning: Issues encountered while parsing CIF: 4 fractional coordinates rounded to ideal values to avoid issues with finite precision.
  warnings.warn("Issues encountered while parsing CIF: " + "\n".join(self.warnings))
==============================
*** Open Babel Warning  in PerceiveBondOrders
  Failed to kekulize aromatic bonds in OBMol::PerceiveBondOrders (title is /home/zhangsd/repos/MOFSNN/CGCNN_MT/data/CoREMOF2019/clean_cifs/WALCET_clean)

==============================
*** Open Babel Warning  in PerceiveBondOrders
  Failed to kekulize aromatic bonds in OBMol::PerceiveBondOrders (title is /home/zhangsd/repos/MOFSNN/CGCNN_MT/data/CoREMOF2019/clean_cifs/jacs.6b08724_ja6b08724_si_013_clean)

==============================
*** Open Babel Warning  in PerceiveBondOrders
  Failed to kekulize aromatic bonds in OBMol::PerceiveBondOrders (title is /home/zhangsd/repos/MOFSNN/CGCNN_MT/data/CoREMOF2019/clean_cifs/ULOLIS_clean)

==============================
*** Open Babel Warning  in PerceiveBondOrders
  Failed to kekulize aromatic bonds in OBMol::PerceiveBondOrders (title is /home/zhangsd/repos/MOFSNN/CGCNN_MT/data/CoREMOF2019/clean_cifs/GAMSOD_clean)

==============================
*** Open Babel Warning  in PerceiveBondOrders
  Failed to kekulize aromatic bonds in OBMol::PerceiveBondOrders (title is /home/zhangsd/repos/MOFSNN/CGCNN_MT/data/CoREMOF2019/clean_cifs/DUHXIP_clean)

/opt/share/miniconda3/envs/mofmthnn/lib/python3.9/site-packages/pymatgen/io/cif.py:1229: UserWarning: Issues encountered while parsing CIF: 2 fractional coordinates rounded to ideal values to avoid issues with finite precision.
  warnings.warn("Issues encountered while parsing CIF: " + "\n".join(self.warnings))
==============================
*** Open Babel Warning  in PerceiveBondOrders
  Failed to kekulize aromatic bonds in OBMol::PerceiveBondOrders (title is /home/zhangsd/repos/MOFSNN/CGCNN_MT/data/CoREMOF2019/clean_cifs/MIHLOF_clean)

==============================
*** Open Babel Warning  in PerceiveBondOrders
  Failed to kekulize aromatic bonds in OBMol::PerceiveBondOrders (title is /home/zhangsd/repos/MOFSNN/CGCNN_MT/data/CoREMOF2019/clean_cifs/j.inoche.2015.06.004_1_clean)

/opt/share/miniconda3/envs/mofmthnn/lib/python3.9/site-packages/pymatgen/io/cif.py:1229: UserWarning: Issues encountered while parsing CIF: 1 fractional coordinates rounded to ideal values to avoid issues with finite precision.
  warnings.warn("Issues encountered while parsing CIF: " + "\n".join(self.warnings))
==============================
*** Open Babel Warning  in PerceiveBondOrders
  Failed to kekulize aromatic bonds in OBMol::PerceiveBondOrders (title is /home/zhangsd/repos/MOFSNN/CGCNN_MT/data/CoREMOF2019/clean_cifs/XALVOY_clean)

/opt/share/miniconda3/envs/mofmthnn/lib/python3.9/site-packages/pymatgen/io/cif.py:1229: UserWarning: Issues encountered while parsing CIF: 2 fractional coordinates rounded to ideal values to avoid issues with finite precision.
  warnings.warn("Issues encountered while parsing CIF: " + "\n".join(self.warnings))
==============================
*** Open Babel Warning  in PerceiveBondOrders
  Failed to kekulize aromatic bonds in OBMol::PerceiveBondOrders (title is /home/zhangsd/repos/MOFSNN/CGCNN_MT/data/CoREMOF2019/clean_cifs/PIWSEV_clean)

==============================
*** Open Babel Warning  in PerceiveBondOrders
  Failed to kekulize aromatic bonds in OBMol::PerceiveBondOrders (title is /home/zhangsd/repos/MOFSNN/CGCNN_MT/data/CoREMOF2019/clean_cifs/BOJCIN_clean)

==============================
*** Open Babel Warning  in PerceiveBondOrders
  Failed to kekulize aromatic bonds in OBMol::PerceiveBondOrders (title is /home/zhangsd/repos/MOFSNN/CGCNN_MT/data/CoREMOF2019/clean_cifs/MUTDEM_clean)

==============================
*** Open Babel Warning  in PerceiveBondOrders
  Failed to kekulize aromatic bonds in OBMol::PerceiveBondOrders (title is /home/zhangsd/repos/MOFSNN/CGCNN_MT/data/CoREMOF2019/clean_cifs/YIWZOV_clean)

==============================
*** Open Babel Warning  in PerceiveBondOrders
  Failed to kekulize aromatic bonds in OBMol::PerceiveBondOrders (title is /home/zhangsd/repos/MOFSNN/CGCNN_MT/data/CoREMOF2019/clean_cifs/MIHHAN_SL)

==============================
*** Open Babel Warning  in PerceiveBondOrders
  Failed to kekulize aromatic bonds in OBMol::PerceiveBondOrders (title is /home/zhangsd/repos/MOFSNN/CGCNN_MT/data/CoREMOF2019/clean_cifs/TIXCIO_clean)

==============================
*** Open Babel Warning  in PerceiveBondOrders
  Failed to kekulize aromatic bonds in OBMol::PerceiveBondOrders (title is /home/zhangsd/repos/MOFSNN/CGCNN_MT/data/CoREMOF2019/clean_cifs/LERNEC01_clean)

==============================
*** Open Babel Warning  in PerceiveBondOrders
  Failed to kekulize aromatic bonds in OBMol::PerceiveBondOrders (title is /home/zhangsd/repos/MOFSNN/CGCNN_MT/data/CoREMOF2019/clean_cifs/MABKIK_clean)

==============================
*** Open Babel Warning  in PerceiveBondOrders
  Failed to kekulize aromatic bonds in OBMol::PerceiveBondOrders (title is /home/zhangsd/repos/MOFSNN/CGCNN_MT/data/CoREMOF2019/clean_cifs/KOZSID_clean)

/opt/share/miniconda3/envs/mofmthnn/lib/python3.9/site-packages/pymatgen/io/cif.py:1229: UserWarning: Issues encountered while parsing CIF: 2 fractional coordinates rounded to ideal values to avoid issues with finite precision.
  warnings.warn("Issues encountered while parsing CIF: " + "\n".join(self.warnings))
/opt/share/miniconda3/envs/mofmthnn/lib/python3.9/site-packages/pymatgen/io/cif.py:1229: UserWarning: Issues encountered while parsing CIF: 1 fractional coordinates rounded to ideal values to avoid issues with finite precision.
  warnings.warn("Issues encountered while parsing CIF: " + "\n".join(self.warnings))
==============================
*** Open Babel Warning  in PerceiveBondOrders
  Failed to kekulize aromatic bonds in OBMol::PerceiveBondOrders (title is /home/zhangsd/repos/MOFSNN/CGCNN_MT/data/CoREMOF2019/clean_cifs/DEPXIG_clean)

==============================
*** Open Babel Warning  in PerceiveBondOrders
  Failed to kekulize aromatic bonds in OBMol::PerceiveBondOrders (title is /home/zhangsd/repos/MOFSNN/CGCNN_MT/data/CoREMOF2019/clean_cifs/DUKDOD01_clean)

==============================
*** Open Babel Warning  in PerceiveBondOrders
  Failed to kekulize aromatic bonds in OBMol::PerceiveBondOrders (title is /home/zhangsd/repos/MOFSNN/CGCNN_MT/data/CoREMOF2019/clean_cifs/QITDII_clean)

/opt/share/miniconda3/envs/mofmthnn/lib/python3.9/site-packages/pymatgen/io/cif.py:1229: UserWarning: Issues encountered while parsing CIF: 16 fractional coordinates rounded to ideal values to avoid issues with finite precision.
  warnings.warn("Issues encountered while parsing CIF: " + "\n".join(self.warnings))
/opt/share/miniconda3/envs/mofmthnn/lib/python3.9/site-packages/pymatgen/io/cif.py:1229: UserWarning: Issues encountered while parsing CIF: 4 fractional coordinates rounded to ideal values to avoid issues with finite precision.
  warnings.warn("Issues encountered while parsing CIF: " + "\n".join(self.warnings))
==============================
*** Open Babel Warning  in PerceiveBondOrders
  Failed to kekulize aromatic bonds in OBMol::PerceiveBondOrders (title is /home/zhangsd/repos/MOFSNN/CGCNN_MT/data/CoREMOF2019/clean_cifs/ic5029383_si_002_clean)

==============================
*** Open Babel Warning  in PerceiveBondOrders
  Failed to kekulize aromatic bonds in OBMol::PerceiveBondOrders (title is /home/zhangsd/repos/MOFSNN/CGCNN_MT/data/CoREMOF2019/clean_cifs/EBEMEE_clean)

/opt/share/miniconda3/envs/mofmthnn/lib/python3.9/site-packages/pymatgen/io/cif.py:1229: UserWarning: Issues encountered while parsing CIF: 8 fractional coordinates rounded to ideal values to avoid issues with finite precision.
  warnings.warn("Issues encountered while parsing CIF: " + "\n".join(self.warnings))
/opt/share/miniconda3/envs/mofmthnn/lib/python3.9/site-packages/pymatgen/io/cif.py:1229: UserWarning: Issues encountered while parsing CIF: 20 fractional coordinates rounded to ideal values to avoid issues with finite precision.
  warnings.warn("Issues encountered while parsing CIF: " + "\n".join(self.warnings))
==============================
*** Open Babel Warning  in PerceiveBondOrders
  Failed to kekulize aromatic bonds in OBMol::PerceiveBondOrders (title is /home/zhangsd/repos/MOFSNN/CGCNN_MT/data/CoREMOF2019/clean_cifs/YOYPOT_clean)

==============================
*** Open Babel Warning  in PerceiveBondOrders
  Failed to kekulize aromatic bonds in OBMol::PerceiveBondOrders (title is /home/zhangsd/repos/MOFSNN/CGCNN_MT/data/CoREMOF2019/clean_cifs/PAFMUH_clean)

==============================
*** Open Babel Warning  in PerceiveBondOrders
  Failed to kekulize aromatic bonds in OBMol::PerceiveBondOrders (title is /home/zhangsd/repos/MOFSNN/CGCNN_MT/data/CoREMOF2019/clean_cifs/TISKOW_clean)

==============================
*** Open Babel Warning  in PerceiveBondOrders
  Failed to kekulize aromatic bonds in OBMol::PerceiveBondOrders (title is /home/zhangsd/repos/MOFSNN/CGCNN_MT/data/CoREMOF2019/clean_cifs/CURQEN_clean)

==============================
*** Open Babel Warning  in PerceiveBondOrders
  Failed to kekulize aromatic bonds in OBMol::PerceiveBondOrders (title is /home/zhangsd/repos/MOFSNN/CGCNN_MT/data/CoREMOF2019/clean_cifs/CETVAA_clean)

==============================
*** Open Babel Warning  in PerceiveBondOrders
  Failed to kekulize aromatic bonds in OBMol::PerceiveBondOrders (title is /home/zhangsd/repos/MOFSNN/CGCNN_MT/data/CoREMOF2019/clean_cifs/VUGWUR_clean)

==============================
*** Open Babel Warning  in PerceiveBondOrders
  Failed to kekulize aromatic bonds in OBMol::PerceiveBondOrders (title is /home/zhangsd/repos/MOFSNN/CGCNN_MT/data/CoREMOF2019/clean_cifs/LETDUK_clean)

==============================
*** Open Babel Warning  in PerceiveBondOrders
  Failed to kekulize aromatic bonds in OBMol::PerceiveBondOrders (title is /home/zhangsd/repos/MOFSNN/CGCNN_MT/data/CoREMOF2019/clean_cifs/VAKNAZ_clean)

==============================
*** Open Babel Warning  in PerceiveBondOrders
  Failed to kekulize aromatic bonds in OBMol::PerceiveBondOrders (title is /home/zhangsd/repos/MOFSNN/CGCNN_MT/data/CoREMOF2019/clean_cifs/XICYAL_clean)

==============================
*** Open Babel Warning  in PerceiveBondOrders
  Failed to kekulize aromatic bonds in OBMol::PerceiveBondOrders (title is /home/zhangsd/repos/MOFSNN/CGCNN_MT/data/CoREMOF2019/clean_cifs/XUGWUS_clean)

==============================
*** Open Babel Warning  in PerceiveBondOrders
  Failed to kekulize aromatic bonds in OBMol::PerceiveBondOrders (title is /home/zhangsd/repos/MOFSNN/CGCNN_MT/data/CoREMOF2019/clean_cifs/HULTEP_clean)

==============================
*** Open Babel Warning  in PerceiveBondOrders
  Failed to kekulize aromatic bonds in OBMol::PerceiveBondOrders (title is /home/zhangsd/repos/MOFSNN/CGCNN_MT/data/CoREMOF2019/clean_cifs/IBIRES_clean)

==============================
*** Open Babel Warning  in PerceiveBondOrders
  Failed to kekulize aromatic bonds in OBMol::PerceiveBondOrders (title is /home/zhangsd/repos/MOFSNN/CGCNN_MT/data/CoREMOF2019/clean_cifs/XUTQEI_clean)

/opt/share/miniconda3/envs/mofmthnn/lib/python3.9/site-packages/pymatgen/io/cif.py:1229: UserWarning: Issues encountered while parsing CIF: 2 fractional coordinates rounded to ideal values to avoid issues with finite precision.
  warnings.warn("Issues encountered while parsing CIF: " + "\n".join(self.warnings))
==============================
*** Open Babel Warning  in PerceiveBondOrders
  Failed to kekulize aromatic bonds in OBMol::PerceiveBondOrders (title is /home/zhangsd/repos/MOFSNN/CGCNN_MT/data/CoREMOF2019/clean_cifs/OTALUS_clean)

/opt/share/miniconda3/envs/mofmthnn/lib/python3.9/site-packages/pymatgen/io/cif.py:1229: UserWarning: Issues encountered while parsing CIF: 3 fractional coordinates rounded to ideal values to avoid issues with finite precision.
  warnings.warn("Issues encountered while parsing CIF: " + "\n".join(self.warnings))
==============================
*** Open Babel Warning  in PerceiveBondOrders
  Failed to kekulize aromatic bonds in OBMol::PerceiveBondOrders (title is /home/zhangsd/repos/MOFSNN/CGCNN_MT/data/CoREMOF2019/clean_cifs/LIDWIG_clean)

/opt/share/miniconda3/envs/mofmthnn/lib/python3.9/site-packages/pymatgen/io/cif.py:1229: UserWarning: Issues encountered while parsing CIF: 8 fractional coordinates rounded to ideal values to avoid issues with finite precision.
  warnings.warn("Issues encountered while parsing CIF: " + "\n".join(self.warnings))
==============================
*** Open Babel Warning  in PerceiveBondOrders
  Failed to kekulize aromatic bonds in OBMol::PerceiveBondOrders (title is /home/zhangsd/repos/MOFSNN/CGCNN_MT/data/CoREMOF2019/clean_cifs/AKOBAF_clean)

/opt/share/miniconda3/envs/mofmthnn/lib/python3.9/site-packages/pymatgen/io/cif.py:1229: UserWarning: Issues encountered while parsing CIF: 4 fractional coordinates rounded to ideal values to avoid issues with finite precision.
  warnings.warn("Issues encountered while parsing CIF: " + "\n".join(self.warnings))
==============================
*** Open Babel Warning  in PerceiveBondOrders
  Failed to kekulize aromatic bonds in OBMol::PerceiveBondOrders (title is /home/zhangsd/repos/MOFSNN/CGCNN_MT/data/CoREMOF2019/clean_cifs/ADAXIO_clean)

/opt/share/miniconda3/envs/mofmthnn/lib/python3.9/site-packages/pymatgen/io/cif.py:1229: UserWarning: Issues encountered while parsing CIF: 8 fractional coordinates rounded to ideal values to avoid issues with finite precision.
  warnings.warn("Issues encountered while parsing CIF: " + "\n".join(self.warnings))
==============================
*** Open Babel Warning  in PerceiveBondOrders
  Failed to kekulize aromatic bonds in OBMol::PerceiveBondOrders (title is /home/zhangsd/repos/MOFSNN/CGCNN_MT/data/CoREMOF2019/clean_cifs/SEHMIC_clean)

/opt/share/miniconda3/envs/mofmthnn/lib/python3.9/site-packages/pymatgen/io/cif.py:1229: UserWarning: Issues encountered while parsing CIF: 2 fractional coordinates rounded to ideal values to avoid issues with finite precision.
  warnings.warn("Issues encountered while parsing CIF: " + "\n".join(self.warnings))
==============================
*** Open Babel Warning  in PerceiveBondOrders
  Failed to kekulize aromatic bonds in OBMol::PerceiveBondOrders (title is /home/zhangsd/repos/MOFSNN/CGCNN_MT/data/CoREMOF2019/clean_cifs/POLDOK_clean)

/opt/share/miniconda3/envs/mofmthnn/lib/python3.9/site-packages/pymatgen/io/cif.py:1229: UserWarning: Issues encountered while parsing CIF: 4 fractional coordinates rounded to ideal values to avoid issues with finite precision.
  warnings.warn("Issues encountered while parsing CIF: " + "\n".join(self.warnings))
/opt/share/miniconda3/envs/mofmthnn/lib/python3.9/site-packages/pymatgen/io/cif.py:1229: UserWarning: Issues encountered while parsing CIF: 4 fractional coordinates rounded to ideal values to avoid issues with finite precision.
  warnings.warn("Issues encountered while parsing CIF: " + "\n".join(self.warnings))
==============================
*** Open Babel Warning  in PerceiveBondOrders
  Failed to kekulize aromatic bonds in OBMol::PerceiveBondOrders (title is /home/zhangsd/repos/MOFSNN/CGCNN_MT/data/CoREMOF2019/clean_cifs/HUYKOB_clean)

==============================
*** Open Babel Warning  in PerceiveBondOrders
  Failed to kekulize aromatic bonds in OBMol::PerceiveBondOrders (title is /home/zhangsd/repos/MOFSNN/CGCNN_MT/data/CoREMOF2019/clean_cifs/FIFMIS_clean)

==============================
*** Open Babel Warning  in PerceiveBondOrders
  Failed to kekulize aromatic bonds in OBMol::PerceiveBondOrders (title is /home/zhangsd/repos/MOFSNN/CGCNN_MT/data/CoREMOF2019/clean_cifs/acs.inorgchem.6b01416_ic6b01416_si_004_clean)

==============================
*** Open Babel Warning  in PerceiveBondOrders
  Failed to kekulize aromatic bonds in OBMol::PerceiveBondOrders (title is /home/zhangsd/repos/MOFSNN/CGCNN_MT/data/CoREMOF2019/clean_cifs/QARTAG_clean)

==============================
*** Open Babel Warning  in PerceiveBondOrders
  Failed to kekulize aromatic bonds in OBMol::PerceiveBondOrders (title is /home/zhangsd/repos/MOFSNN/CGCNN_MT/data/CoREMOF2019/clean_cifs/FIJXUR_clean)

==============================
*** Open Babel Warning  in PerceiveBondOrders
  Failed to kekulize aromatic bonds in OBMol::PerceiveBondOrders (title is /home/zhangsd/repos/MOFSNN/CGCNN_MT/data/CoREMOF2019/clean_cifs/TOHDEB_clean)

==============================
*** Open Babel Warning  in PerceiveBondOrders
  Failed to kekulize aromatic bonds in OBMol::PerceiveBondOrders (title is /home/zhangsd/repos/MOFSNN/CGCNN_MT/data/CoREMOF2019/clean_cifs/QIWDOR_clean)

==============================
*** Open Babel Warning  in PerceiveBondOrders
  Failed to kekulize aromatic bonds in OBMol::PerceiveBondOrders (title is /home/zhangsd/repos/MOFSNN/CGCNN_MT/data/CoREMOF2019/clean_cifs/c4dt02048k_c4dt02048k2_clean)

==============================
*** Open Babel Warning  in PerceiveBondOrders
  Failed to kekulize aromatic bonds in OBMol::PerceiveBondOrders (title is /home/zhangsd/repos/MOFSNN/CGCNN_MT/data/CoREMOF2019/clean_cifs/DUXKEN_clean)

==============================
*** Open Babel Warning  in PerceiveBondOrders
  Failed to kekulize aromatic bonds in OBMol::PerceiveBondOrders (title is /home/zhangsd/repos/MOFSNN/CGCNN_MT/data/CoREMOF2019/clean_cifs/LEHTID_clean)

==============================
*** Open Babel Warning  in PerceiveBondOrders
  Failed to kekulize aromatic bonds in OBMol::PerceiveBondOrders (title is /home/zhangsd/repos/MOFSNN/CGCNN_MT/data/CoREMOF2019/clean_cifs/LIBQIY_clean)

==============================
*** Open Babel Warning  in PerceiveBondOrders
  Failed to kekulize aromatic bonds in OBMol::PerceiveBondOrders (title is /home/zhangsd/repos/MOFSNN/CGCNN_MT/data/CoREMOF2019/clean_cifs/SOPLAM_clean)

==============================
*** Open Babel Warning  in PerceiveBondOrders
  Failed to kekulize aromatic bonds in OBMol::PerceiveBondOrders (title is /home/zhangsd/repos/MOFSNN/CGCNN_MT/data/CoREMOF2019/clean_cifs/VERPOZ_clean)

==============================
*** Open Babel Warning  in PerceiveBondOrders
  Failed to kekulize aromatic bonds in OBMol::PerceiveBondOrders (title is /home/zhangsd/repos/MOFSNN/CGCNN_MT/data/CoREMOF2019/clean_cifs/TAMJAU_charged)

/opt/share/miniconda3/envs/mofmthnn/lib/python3.9/site-packages/pymatgen/io/cif.py:1229: UserWarning: Issues encountered while parsing CIF: 8 fractional coordinates rounded to ideal values to avoid issues with finite precision.
  warnings.warn("Issues encountered while parsing CIF: " + "\n".join(self.warnings))
==============================
*** Open Babel Warning  in PerceiveBondOrders
  Failed to kekulize aromatic bonds in OBMol::PerceiveBondOrders (title is /home/zhangsd/repos/MOFSNN/CGCNN_MT/data/CoREMOF2019/clean_cifs/PEJMOI_clean)

==============================
*** Open Babel Warning  in PerceiveBondOrders
  Failed to kekulize aromatic bonds in OBMol::PerceiveBondOrders (title is /home/zhangsd/repos/MOFSNN/CGCNN_MT/data/CoREMOF2019/clean_cifs/WALBOC_clean)

==============================
*** Open Babel Warning  in PerceiveBondOrders
  Failed to kekulize aromatic bonds in OBMol::PerceiveBondOrders (title is /home/zhangsd/repos/MOFSNN/CGCNN_MT/data/CoREMOF2019/clean_cifs/DOKBUC_clean)

/opt/share/miniconda3/envs/mofmthnn/lib/python3.9/site-packages/pymatgen/io/cif.py:1229: UserWarning: Issues encountered while parsing CIF: 8 fractional coordinates rounded to ideal values to avoid issues with finite precision.
  warnings.warn("Issues encountered while parsing CIF: " + "\n".join(self.warnings))
==============================
*** Open Babel Warning  in PerceiveBondOrders
  Failed to kekulize aromatic bonds in OBMol::PerceiveBondOrders (title is /home/zhangsd/repos/MOFSNN/CGCNN_MT/data/CoREMOF2019/clean_cifs/ROYJUM_clean)

/opt/share/miniconda3/envs/mofmthnn/lib/python3.9/site-packages/pymatgen/io/cif.py:1229: UserWarning: Issues encountered while parsing CIF: 8 fractional coordinates rounded to ideal values to avoid issues with finite precision.
  warnings.warn("Issues encountered while parsing CIF: " + "\n".join(self.warnings))
==============================
*** Open Babel Warning  in PerceiveBondOrders
  Failed to kekulize aromatic bonds in OBMol::PerceiveBondOrders (title is /home/zhangsd/repos/MOFSNN/CGCNN_MT/data/CoREMOF2019/clean_cifs/AGUWUV_clean)

/opt/share/miniconda3/envs/mofmthnn/lib/python3.9/site-packages/pymatgen/io/cif.py:1229: UserWarning: Issues encountered while parsing CIF: 8 fractional coordinates rounded to ideal values to avoid issues with finite precision.
  warnings.warn("Issues encountered while parsing CIF: " + "\n".join(self.warnings))
==============================
*** Open Babel Warning  in PerceiveBondOrders
  Failed to kekulize aromatic bonds in OBMol::PerceiveBondOrders (title is /home/zhangsd/repos/MOFSNN/CGCNN_MT/data/CoREMOF2019/clean_cifs/ENAFOP_ion_b)

/opt/share/miniconda3/envs/mofmthnn/lib/python3.9/site-packages/pymatgen/io/cif.py:1229: UserWarning: Issues encountered while parsing CIF: 6 fractional coordinates rounded to ideal values to avoid issues with finite precision.
  warnings.warn("Issues encountered while parsing CIF: " + "\n".join(self.warnings))
/opt/share/miniconda3/envs/mofmthnn/lib/python3.9/site-packages/pymatgen/io/cif.py:1229: UserWarning: Issues encountered while parsing CIF: 2 fractional coordinates rounded to ideal values to avoid issues with finite precision.
  warnings.warn("Issues encountered while parsing CIF: " + "\n".join(self.warnings))
/opt/share/miniconda3/envs/mofmthnn/lib/python3.9/site-packages/pymatgen/io/cif.py:1229: UserWarning: Issues encountered while parsing CIF: 3 fractional coordinates rounded to ideal values to avoid issues with finite precision.
  warnings.warn("Issues encountered while parsing CIF: " + "\n".join(self.warnings))
==============================
*** Open Babel Warning  in PerceiveBondOrders
  Failed to kekulize aromatic bonds in OBMol::PerceiveBondOrders (title is /home/zhangsd/repos/MOFSNN/CGCNN_MT/data/CoREMOF2019/clean_cifs/VEHYUE_clean)

==============================
*** Open Babel Warning  in PerceiveBondOrders
  Failed to kekulize aromatic bonds in OBMol::PerceiveBondOrders (title is /home/zhangsd/repos/MOFSNN/CGCNN_MT/data/CoREMOF2019/clean_cifs/cg900505v_si_002_clean)

==============================
*** Open Babel Warning  in PerceiveBondOrders
  Failed to kekulize aromatic bonds in OBMol::PerceiveBondOrders (title is /home/zhangsd/repos/MOFSNN/CGCNN_MT/data/CoREMOF2019/clean_cifs/LASMAV_neutral)

==============================
*** Open Babel Warning  in PerceiveBondOrders
  Failed to kekulize aromatic bonds in OBMol::PerceiveBondOrders (title is /home/zhangsd/repos/MOFSNN/CGCNN_MT/data/CoREMOF2019/clean_cifs/GIHPEU_clean)

==============================
*** Open Babel Warning  in PerceiveBondOrders
  Failed to kekulize aromatic bonds in OBMol::PerceiveBondOrders (title is /home/zhangsd/repos/MOFSNN/CGCNN_MT/data/CoREMOF2019/clean_cifs/YOYZET_clean)

==============================
*** Open Babel Warning  in PerceiveBondOrders
  Failed to kekulize aromatic bonds in OBMol::PerceiveBondOrders (title is /home/zhangsd/repos/MOFSNN/CGCNN_MT/data/CoREMOF2019/clean_cifs/NARNIG_clean)

==============================
*** Open Babel Warning  in PerceiveBondOrders
  Failed to kekulize aromatic bonds in OBMol::PerceiveBondOrders (title is /home/zhangsd/repos/MOFSNN/CGCNN_MT/data/CoREMOF2019/clean_cifs/LECGIL_clean)

==============================
*** Open Babel Warning  in PerceiveBondOrders
  Failed to kekulize aromatic bonds in OBMol::PerceiveBondOrders (title is /home/zhangsd/repos/MOFSNN/CGCNN_MT/data/CoREMOF2019/clean_cifs/cm500700z_si_002_clean)

/opt/share/miniconda3/envs/mofmthnn/lib/python3.9/site-packages/pymatgen/io/cif.py:1229: UserWarning: Issues encountered while parsing CIF: 8 fractional coordinates rounded to ideal values to avoid issues with finite precision.
  warnings.warn("Issues encountered while parsing CIF: " + "\n".join(self.warnings))
==============================
*** Open Babel Warning  in PerceiveBondOrders
  Failed to kekulize aromatic bonds in OBMol::PerceiveBondOrders (title is /home/zhangsd/repos/MOFSNN/CGCNN_MT/data/CoREMOF2019/clean_cifs/NEVVEQ_clean)

==============================
*** Open Babel Warning  in PerceiveBondOrders
  Failed to kekulize aromatic bonds in OBMol::PerceiveBondOrders (title is /home/zhangsd/repos/MOFSNN/CGCNN_MT/data/CoREMOF2019/clean_cifs/ic048812_clean)

==============================
*** Open Babel Warning  in PerceiveBondOrders
  Failed to kekulize aromatic bonds in OBMol::PerceiveBondOrders (title is /home/zhangsd/repos/MOFSNN/CGCNN_MT/data/CoREMOF2019/clean_cifs/AGUVOO_charged)

/opt/share/miniconda3/envs/mofmthnn/lib/python3.9/site-packages/pymatgen/io/cif.py:1229: UserWarning: Issues encountered while parsing CIF: 40 fractional coordinates rounded to ideal values to avoid issues with finite precision.
  warnings.warn("Issues encountered while parsing CIF: " + "\n".join(self.warnings))
==============================
*** Open Babel Warning  in PerceiveBondOrders
  Failed to kekulize aromatic bonds in OBMol::PerceiveBondOrders (title is /home/zhangsd/repos/MOFSNN/CGCNN_MT/data/CoREMOF2019/clean_cifs/ESUVAR02_clean)

==============================
*** Open Babel Warning  in PerceiveBondOrders
  Failed to kekulize aromatic bonds in OBMol::PerceiveBondOrders (title is /home/zhangsd/repos/MOFSNN/CGCNN_MT/data/CoREMOF2019/clean_cifs/WUNSII_charged)

==============================
*** Open Babel Warning  in PerceiveBondOrders
  Failed to kekulize aromatic bonds in OBMol::PerceiveBondOrders (title is /home/zhangsd/repos/MOFSNN/CGCNN_MT/data/CoREMOF2019/clean_cifs/IFEQIV_SL)

==============================
*** Open Babel Warning  in PerceiveBondOrders
  Failed to kekulize aromatic bonds in OBMol::PerceiveBondOrders (title is /home/zhangsd/repos/MOFSNN/CGCNN_MT/data/CoREMOF2019/clean_cifs/YOYREL_clean)

==============================
*** Open Babel Warning  in PerceiveBondOrders
  Failed to kekulize aromatic bonds in OBMol::PerceiveBondOrders (title is /home/zhangsd/repos/MOFSNN/CGCNN_MT/data/CoREMOF2019/clean_cifs/LABMUZ_clean)

==============================
*** Open Babel Warning  in PerceiveBondOrders
  Failed to kekulize aromatic bonds in OBMol::PerceiveBondOrders (title is /home/zhangsd/repos/MOFSNN/CGCNN_MT/data/CoREMOF2019/clean_cifs/LAWGUO_clean)

==============================
*** Open Babel Warning  in PerceiveBondOrders
  Failed to kekulize aromatic bonds in OBMol::PerceiveBondOrders (title is /home/zhangsd/repos/MOFSNN/CGCNN_MT/data/CoREMOF2019/clean_cifs/QARCET_clean)

==============================
*** Open Babel Warning  in PerceiveBondOrders
  Failed to kekulize aromatic bonds in OBMol::PerceiveBondOrders (title is /home/zhangsd/repos/MOFSNN/CGCNN_MT/data/CoREMOF2019/clean_cifs/WEMCEY_clean)

==============================
*** Open Babel Warning  in PerceiveBondOrders
  Failed to kekulize aromatic bonds in OBMol::PerceiveBondOrders (title is /home/zhangsd/repos/MOFSNN/CGCNN_MT/data/CoREMOF2019/clean_cifs/WELTIR_clean)

==============================
*** Open Babel Warning  in PerceiveBondOrders
  Failed to kekulize aromatic bonds in OBMol::PerceiveBondOrders (title is /home/zhangsd/repos/MOFSNN/CGCNN_MT/data/CoREMOF2019/clean_cifs/ZEDROR_clean)

==============================
*** Open Babel Warning  in PerceiveBondOrders
  Failed to kekulize aromatic bonds in OBMol::PerceiveBondOrders (title is /home/zhangsd/repos/MOFSNN/CGCNN_MT/data/CoREMOF2019/clean_cifs/NAYGUR_clean)

==============================
*** Open Babel Warning  in PerceiveBondOrders
  Failed to kekulize aromatic bonds in OBMol::PerceiveBondOrders (title is /home/zhangsd/repos/MOFSNN/CGCNN_MT/data/CoREMOF2019/clean_cifs/SERWAP_clean)

==============================
*** Open Babel Warning  in PerceiveBondOrders
  Failed to kekulize aromatic bonds in OBMol::PerceiveBondOrders (title is /home/zhangsd/repos/MOFSNN/CGCNN_MT/data/CoREMOF2019/clean_cifs/XANZAQ06_clean)

==============================
*** Open Babel Warning  in PerceiveBondOrders
  Failed to kekulize aromatic bonds in OBMol::PerceiveBondOrders (title is /home/zhangsd/repos/MOFSNN/CGCNN_MT/data/CoREMOF2019/clean_cifs/UMELUU_clean)

==============================
*** Open Babel Warning  in PerceiveBondOrders
  Failed to kekulize aromatic bonds in OBMol::PerceiveBondOrders (title is /home/zhangsd/repos/MOFSNN/CGCNN_MT/data/CoREMOF2019/clean_cifs/GITZAM_clean)

==============================
*** Open Babel Warning  in PerceiveBondOrders
  Failed to kekulize aromatic bonds in OBMol::PerceiveBondOrders (title is /home/zhangsd/repos/MOFSNN/CGCNN_MT/data/CoREMOF2019/clean_cifs/YUZCAZ_clean)

==============================
*** Open Babel Warning  in PerceiveBondOrders
  Failed to kekulize aromatic bonds in OBMol::PerceiveBondOrders (title is /home/zhangsd/repos/MOFSNN/CGCNN_MT/data/CoREMOF2019/clean_cifs/VEDDIT_charged)

==============================
*** Open Babel Warning  in PerceiveBondOrders
  Failed to kekulize aromatic bonds in OBMol::PerceiveBondOrders (title is /home/zhangsd/repos/MOFSNN/CGCNN_MT/data/CoREMOF2019/clean_cifs/UMEDOH_clean)

==============================
*** Open Babel Warning  in PerceiveBondOrders
  Failed to kekulize aromatic bonds in OBMol::PerceiveBondOrders (title is /home/zhangsd/repos/MOFSNN/CGCNN_MT/data/CoREMOF2019/clean_cifs/WUNTIJ_clean)

==============================
*** Open Babel Warning  in PerceiveBondOrders
  Failed to kekulize aromatic bonds in OBMol::PerceiveBondOrders (title is /home/zhangsd/repos/MOFSNN/CGCNN_MT/data/CoREMOF2019/clean_cifs/KOMGUP_clean)

==============================
*** Open Babel Warning  in PerceiveBondOrders
  Failed to kekulize aromatic bonds in OBMol::PerceiveBondOrders (title is /home/zhangsd/repos/MOFSNN/CGCNN_MT/data/CoREMOF2019/clean_cifs/GIWCAR_ion_b)

/opt/share/miniconda3/envs/mofmthnn/lib/python3.9/site-packages/pymatgen/io/cif.py:1229: UserWarning: Issues encountered while parsing CIF: 32 fractional coordinates rounded to ideal values to avoid issues with finite precision.
  warnings.warn("Issues encountered while parsing CIF: " + "\n".join(self.warnings))
==============================
*** Open Babel Warning  in PerceiveBondOrders
  Failed to kekulize aromatic bonds in OBMol::PerceiveBondOrders (title is /home/zhangsd/repos/MOFSNN/CGCNN_MT/data/CoREMOF2019/clean_cifs/FURQUF_ion_b)

==============================
*** Open Babel Warning  in PerceiveBondOrders
  Failed to kekulize aromatic bonds in OBMol::PerceiveBondOrders (title is /home/zhangsd/repos/MOFSNN/CGCNN_MT/data/CoREMOF2019/clean_cifs/FABCUI_clean)

==============================
*** Open Babel Warning  in PerceiveBondOrders
  Failed to kekulize aromatic bonds in OBMol::PerceiveBondOrders (title is /home/zhangsd/repos/MOFSNN/CGCNN_MT/data/CoREMOF2019/clean_cifs/FUNGAY_clean)

==============================
*** Open Babel Warning  in PerceiveBondOrders
  Failed to kekulize aromatic bonds in OBMol::PerceiveBondOrders (title is /home/zhangsd/repos/MOFSNN/CGCNN_MT/data/CoREMOF2019/clean_cifs/XIZCUG_clean)

==============================
*** Open Babel Warning  in PerceiveBondOrders
  Failed to kekulize aromatic bonds in OBMol::PerceiveBondOrders (title is /home/zhangsd/repos/MOFSNN/CGCNN_MT/data/CoREMOF2019/clean_cifs/EXOTOB_clean)

==============================
*** Open Babel Warning  in PerceiveBondOrders
  Failed to kekulize aromatic bonds in OBMol::PerceiveBondOrders (title is /home/zhangsd/repos/MOFSNN/CGCNN_MT/data/CoREMOF2019/clean_cifs/CIWRUW_clean)

==============================
*** Open Babel Warning  in PerceiveBondOrders
  Failed to kekulize aromatic bonds in OBMol::PerceiveBondOrders (title is /home/zhangsd/repos/MOFSNN/CGCNN_MT/data/CoREMOF2019/clean_cifs/ic049498msi20040906_121120_clean)

==============================
*** Open Babel Warning  in PerceiveBondOrders
  Failed to kekulize aromatic bonds in OBMol::PerceiveBondOrders (title is /home/zhangsd/repos/MOFSNN/CGCNN_MT/data/CoREMOF2019/clean_cifs/DITYAH_clean)

==============================
*** Open Babel Warning  in PerceiveBondOrders
  Failed to kekulize aromatic bonds in OBMol::PerceiveBondOrders (title is /home/zhangsd/repos/MOFSNN/CGCNN_MT/data/CoREMOF2019/clean_cifs/IPEBEM_clean)

==============================
*** Open Babel Warning  in PerceiveBondOrders
  Failed to kekulize aromatic bonds in OBMol::PerceiveBondOrders (title is /home/zhangsd/repos/MOFSNN/CGCNN_MT/data/CoREMOF2019/clean_cifs/FUFREE_clean)

==============================
*** Open Babel Warning  in PerceiveBondOrders
  Failed to kekulize aromatic bonds in OBMol::PerceiveBondOrders (title is /home/zhangsd/repos/MOFSNN/CGCNN_MT/data/CoREMOF2019/clean_cifs/TIQGOQ_clean)

==============================
*** Open Babel Warning  in PerceiveBondOrders
  Failed to kekulize aromatic bonds in OBMol::PerceiveBondOrders (title is /home/zhangsd/repos/MOFSNN/CGCNN_MT/data/CoREMOF2019/clean_cifs/QIQTAN_clean)

==============================
*** Open Babel Warning  in PerceiveBondOrders
  Failed to kekulize aromatic bonds in OBMol::PerceiveBondOrders (title is /home/zhangsd/repos/MOFSNN/CGCNN_MT/data/CoREMOF2019/clean_cifs/FASGIS_clean)

==============================
*** Open Babel Warning  in PerceiveBondOrders
  Failed to kekulize aromatic bonds in OBMol::PerceiveBondOrders (title is /home/zhangsd/repos/MOFSNN/CGCNN_MT/data/CoREMOF2019/clean_cifs/DUFGOB_clean)

==============================
*** Open Babel Warning  in PerceiveBondOrders
  Failed to kekulize aromatic bonds in OBMol::PerceiveBondOrders (title is /home/zhangsd/repos/MOFSNN/CGCNN_MT/data/CoREMOF2019/clean_cifs/EZABEN_clean)

==============================
*** Open Babel Warning  in PerceiveBondOrders
  Failed to kekulize aromatic bonds in OBMol::PerceiveBondOrders (title is /home/zhangsd/repos/MOFSNN/CGCNN_MT/data/CoREMOF2019/clean_cifs/HAZNIH_clean)

==============================
*** Open Babel Warning  in PerceiveBondOrders
  Failed to kekulize aromatic bonds in OBMol::PerceiveBondOrders (title is /home/zhangsd/repos/MOFSNN/CGCNN_MT/data/CoREMOF2019/clean_cifs/CEGFAW_clean)

/opt/share/miniconda3/envs/mofmthnn/lib/python3.9/site-packages/pymatgen/io/cif.py:1229: UserWarning: Issues encountered while parsing CIF: 4 fractional coordinates rounded to ideal values to avoid issues with finite precision.
  warnings.warn("Issues encountered while parsing CIF: " + "\n".join(self.warnings))
==============================
*** Open Babel Warning  in PerceiveBondOrders
  Failed to kekulize aromatic bonds in OBMol::PerceiveBondOrders (title is /home/zhangsd/repos/MOFSNN/CGCNN_MT/data/CoREMOF2019/clean_cifs/WEWTOI_clean)

/opt/share/miniconda3/envs/mofmthnn/lib/python3.9/site-packages/pymatgen/io/cif.py:1229: UserWarning: Issues encountered while parsing CIF: 4 fractional coordinates rounded to ideal values to avoid issues with finite precision.
  warnings.warn("Issues encountered while parsing CIF: " + "\n".join(self.warnings))
==============================
*** Open Babel Warning  in PerceiveBondOrders
  Failed to kekulize aromatic bonds in OBMol::PerceiveBondOrders (title is /home/zhangsd/repos/MOFSNN/CGCNN_MT/data/CoREMOF2019/clean_cifs/KALGAH_clean)

/opt/share/miniconda3/envs/mofmthnn/lib/python3.9/site-packages/pymatgen/io/cif.py:1229: UserWarning: Issues encountered while parsing CIF: 8 fractional coordinates rounded to ideal values to avoid issues with finite precision.
  warnings.warn("Issues encountered while parsing CIF: " + "\n".join(self.warnings))
==============================
*** Open Babel Warning  in PerceiveBondOrders
  Failed to kekulize aromatic bonds in OBMol::PerceiveBondOrders (title is /home/zhangsd/repos/MOFSNN/CGCNN_MT/data/CoREMOF2019/clean_cifs/HARNAR_clean)

==============================
*** Open Babel Warning  in PerceiveBondOrders
  Failed to kekulize aromatic bonds in OBMol::PerceiveBondOrders (title is /home/zhangsd/repos/MOFSNN/CGCNN_MT/data/CoREMOF2019/clean_cifs/NETYIV_clean)

==============================
*** Open Babel Warning  in PerceiveBondOrders
  Failed to kekulize aromatic bonds in OBMol::PerceiveBondOrders (title is /home/zhangsd/repos/MOFSNN/CGCNN_MT/data/CoREMOF2019/clean_cifs/YUGZIK_clean)

/opt/share/miniconda3/envs/mofmthnn/lib/python3.9/site-packages/pymatgen/io/cif.py:1229: UserWarning: Issues encountered while parsing CIF: 8 fractional coordinates rounded to ideal values to avoid issues with finite precision.
  warnings.warn("Issues encountered while parsing CIF: " + "\n".join(self.warnings))
==============================
*** Open Babel Warning  in PerceiveBondOrders
  Failed to kekulize aromatic bonds in OBMol::PerceiveBondOrders (title is /home/zhangsd/repos/MOFSNN/CGCNN_MT/data/CoREMOF2019/clean_cifs/NEVVAM01_clean)

==============================
*** Open Babel Warning  in PerceiveBondOrders
  Failed to kekulize aromatic bonds in OBMol::PerceiveBondOrders (title is /home/zhangsd/repos/MOFSNN/CGCNN_MT/data/CoREMOF2019/clean_cifs/NEXDOK_charged)

==============================
*** Open Babel Warning  in PerceiveBondOrders
  Failed to kekulize aromatic bonds in OBMol::PerceiveBondOrders (title is /home/zhangsd/repos/MOFSNN/CGCNN_MT/data/CoREMOF2019/clean_cifs/WEHQAC_charged)

==============================
*** Open Babel Warning  in PerceiveBondOrders
  Failed to kekulize aromatic bonds in OBMol::PerceiveBondOrders (title is /home/zhangsd/repos/MOFSNN/CGCNN_MT/data/CoREMOF2019/clean_cifs/REWSUJ_clean)

==============================
*** Open Babel Warning  in PerceiveBondOrders
  Failed to kekulize aromatic bonds in OBMol::PerceiveBondOrders (title is /home/zhangsd/repos/MOFSNN/CGCNN_MT/data/CoREMOF2019/clean_cifs/VEHPUU_clean)

==============================
*** Open Babel Warning  in PerceiveBondOrders
  Failed to kekulize aromatic bonds in OBMol::PerceiveBondOrders (title is /home/zhangsd/repos/MOFSNN/CGCNN_MT/data/CoREMOF2019/clean_cifs/ROPVIB_clean)

==============================
*** Open Babel Warning  in PerceiveBondOrders
  Failed to kekulize aromatic bonds in OBMol::PerceiveBondOrders (title is /home/zhangsd/repos/MOFSNN/CGCNN_MT/data/CoREMOF2019/clean_cifs/MEJQID_clean)

==============================
*** Open Babel Warning  in PerceiveBondOrders
  Failed to kekulize aromatic bonds in OBMol::PerceiveBondOrders (title is /home/zhangsd/repos/MOFSNN/CGCNN_MT/data/CoREMOF2019/clean_cifs/VOYLUS_clean)

==============================
*** Open Babel Warning  in PerceiveBondOrders
  Failed to kekulize aromatic bonds in OBMol::PerceiveBondOrders (title is /home/zhangsd/repos/MOFSNN/CGCNN_MT/data/CoREMOF2019/clean_cifs/GIYSUD_clean)

==============================
*** Open Babel Warning  in PerceiveBondOrders
  Failed to kekulize aromatic bonds in OBMol::PerceiveBondOrders (title is /home/zhangsd/repos/MOFSNN/CGCNN_MT/data/CoREMOF2019/clean_cifs/PECLEP_clean)

/opt/share/miniconda3/envs/mofmthnn/lib/python3.9/site-packages/pymatgen/io/cif.py:1229: UserWarning: Issues encountered while parsing CIF: 16 fractional coordinates rounded to ideal values to avoid issues with finite precision.
  warnings.warn("Issues encountered while parsing CIF: " + "\n".join(self.warnings))
==============================
*** Open Babel Warning  in PerceiveBondOrders
  Failed to kekulize aromatic bonds in OBMol::PerceiveBondOrders (title is /home/zhangsd/repos/MOFSNN/CGCNN_MT/data/CoREMOF2019/clean_cifs/ZEDLOL_clean)

==============================
*** Open Babel Warning  in PerceiveBondOrders
  Failed to kekulize aromatic bonds in OBMol::PerceiveBondOrders (title is /home/zhangsd/repos/MOFSNN/CGCNN_MT/data/CoREMOF2019/clean_cifs/TONKIR_clean)

/opt/share/miniconda3/envs/mofmthnn/lib/python3.9/site-packages/ase/io/cif.py:401: UserWarning: crystal system 'triclinic' is not interpreted for space group Spacegroup(1, setting=1). This may result in wrong setting!
  warnings.warn(
==============================
*** Open Babel Warning  in PerceiveBondOrders
  Failed to kekulize aromatic bonds in OBMol::PerceiveBondOrders (title is /home/zhangsd/repos/MOFSNN/CGCNN_MT/data/CoREMOF2019/clean_cifs/KODSUT_clean)

==============================
*** Open Babel Warning  in PerceiveBondOrders
  Failed to kekulize aromatic bonds in OBMol::PerceiveBondOrders (title is /home/zhangsd/repos/MOFSNN/CGCNN_MT/data/CoREMOF2019/clean_cifs/PULMIU_clean)

==============================
*** Open Babel Warning  in PerceiveBondOrders
  Failed to kekulize aromatic bonds in OBMol::PerceiveBondOrders (title is /home/zhangsd/repos/MOFSNN/CGCNN_MT/data/CoREMOF2019/clean_cifs/TURDIV_clean)

==============================
*** Open Babel Warning  in PerceiveBondOrders
  Failed to kekulize aromatic bonds in OBMol::PerceiveBondOrders (title is /home/zhangsd/repos/MOFSNN/CGCNN_MT/data/CoREMOF2019/clean_cifs/JIZJAF_clean)

==============================
*** Open Babel Warning  in PerceiveBondOrders
  Failed to kekulize aromatic bonds in OBMol::PerceiveBondOrders (title is /home/zhangsd/repos/MOFSNN/CGCNN_MT/data/CoREMOF2019/clean_cifs/EBAVUB_clean)

==============================
*** Open Babel Warning  in PerceiveBondOrders
  Failed to kekulize aromatic bonds in OBMol::PerceiveBondOrders (title is /home/zhangsd/repos/MOFSNN/CGCNN_MT/data/CoREMOF2019/clean_cifs/QUQPUO_clean)

==============================
*** Open Babel Warning  in PerceiveBondOrders
  Failed to kekulize aromatic bonds in OBMol::PerceiveBondOrders (title is /home/zhangsd/repos/MOFSNN/CGCNN_MT/data/CoREMOF2019/clean_cifs/IBABOF_clean)

/opt/share/miniconda3/envs/mofmthnn/lib/python3.9/site-packages/pymatgen/io/cif.py:1229: UserWarning: Issues encountered while parsing CIF: 4 fractional coordinates rounded to ideal values to avoid issues with finite precision.
  warnings.warn("Issues encountered while parsing CIF: " + "\n".join(self.warnings))
==============================
*** Open Babel Warning  in PerceiveBondOrders
  Failed to kekulize aromatic bonds in OBMol::PerceiveBondOrders (title is /home/zhangsd/repos/MOFSNN/CGCNN_MT/data/CoREMOF2019/clean_cifs/MUVLUM_clean)

==============================
*** Open Babel Warning  in PerceiveBondOrders
  Failed to kekulize aromatic bonds in OBMol::PerceiveBondOrders (title is /home/zhangsd/repos/MOFSNN/CGCNN_MT/data/CoREMOF2019/clean_cifs/OKIWEL_charged)

==============================
*** Open Babel Warning  in PerceiveBondOrders
  Failed to kekulize aromatic bonds in OBMol::PerceiveBondOrders (title is /home/zhangsd/repos/MOFSNN/CGCNN_MT/data/CoREMOF2019/clean_cifs/UTOCEN_clean)

==============================
*** Open Babel Warning  in PerceiveBondOrders
  Failed to kekulize aromatic bonds in OBMol::PerceiveBondOrders (title is /home/zhangsd/repos/MOFSNN/CGCNN_MT/data/CoREMOF2019/clean_cifs/HAWWEK_clean)

==============================
*** Open Babel Warning  in PerceiveBondOrders
  Failed to kekulize aromatic bonds in OBMol::PerceiveBondOrders (title is /home/zhangsd/repos/MOFSNN/CGCNN_MT/data/CoREMOF2019/clean_cifs/SEYNAM_clean)

/opt/share/miniconda3/envs/mofmthnn/lib/python3.9/site-packages/pymatgen/io/cif.py:1229: UserWarning: Issues encountered while parsing CIF: 8 fractional coordinates rounded to ideal values to avoid issues with finite precision.
  warnings.warn("Issues encountered while parsing CIF: " + "\n".join(self.warnings))
==============================
*** Open Babel Warning  in PerceiveBondOrders
  Failed to kekulize aromatic bonds in OBMol::PerceiveBondOrders (title is /home/zhangsd/repos/MOFSNN/CGCNN_MT/data/CoREMOF2019/clean_cifs/EVEGIV_clean)

==============================
*** Open Babel Warning  in PerceiveBondOrders
  Failed to kekulize aromatic bonds in OBMol::PerceiveBondOrders (title is /home/zhangsd/repos/MOFSNN/CGCNN_MT/data/CoREMOF2019/clean_cifs/GITWIQ_clean)

==============================
*** Open Babel Warning  in PerceiveBondOrders
  Failed to kekulize aromatic bonds in OBMol::PerceiveBondOrders (title is /home/zhangsd/repos/MOFSNN/CGCNN_MT/data/CoREMOF2019/clean_cifs/CAWDOU01_charged)

==============================
*** Open Babel Warning  in PerceiveBondOrders
  Failed to kekulize aromatic bonds in OBMol::PerceiveBondOrders (title is /home/zhangsd/repos/MOFSNN/CGCNN_MT/data/CoREMOF2019/clean_cifs/IQEKUM_clean)

==============================
*** Open Babel Warning  in PerceiveBondOrders
  Failed to kekulize aromatic bonds in OBMol::PerceiveBondOrders (title is /home/zhangsd/repos/MOFSNN/CGCNN_MT/data/CoREMOF2019/clean_cifs/MUPQAQ_clean)

==============================
*** Open Babel Warning  in PerceiveBondOrders
  Failed to kekulize aromatic bonds in OBMol::PerceiveBondOrders (title is /home/zhangsd/repos/MOFSNN/CGCNN_MT/data/CoREMOF2019/clean_cifs/MEGFIN_clean)

/opt/share/miniconda3/envs/mofmthnn/lib/python3.9/site-packages/pymatgen/io/cif.py:1229: UserWarning: Issues encountered while parsing CIF: 1 fractional coordinates rounded to ideal values to avoid issues with finite precision.
  warnings.warn("Issues encountered while parsing CIF: " + "\n".join(self.warnings))
==============================
*** Open Babel Warning  in PerceiveBondOrders
  Failed to kekulize aromatic bonds in OBMol::PerceiveBondOrders (title is /home/zhangsd/repos/MOFSNN/CGCNN_MT/data/CoREMOF2019/clean_cifs/YOFXEY_clean)

/opt/share/miniconda3/envs/mofmthnn/lib/python3.9/site-packages/pymatgen/io/cif.py:1229: UserWarning: Issues encountered while parsing CIF: 1 fractional coordinates rounded to ideal values to avoid issues with finite precision.
  warnings.warn("Issues encountered while parsing CIF: " + "\n".join(self.warnings))
==============================
*** Open Babel Warning  in PerceiveBondOrders
  Failed to kekulize aromatic bonds in OBMol::PerceiveBondOrders (title is /home/zhangsd/repos/MOFSNN/CGCNN_MT/data/CoREMOF2019/clean_cifs/OSUQAW_clean)

/opt/share/miniconda3/envs/mofmthnn/lib/python3.9/site-packages/pymatgen/io/cif.py:1229: UserWarning: Issues encountered while parsing CIF: 3 fractional coordinates rounded to ideal values to avoid issues with finite precision.
  warnings.warn("Issues encountered while parsing CIF: " + "\n".join(self.warnings))
==============================
*** Open Babel Warning  in PerceiveBondOrders
  Failed to kekulize aromatic bonds in OBMol::PerceiveBondOrders (title is /home/zhangsd/repos/MOFSNN/CGCNN_MT/data/CoREMOF2019/clean_cifs/HAVVUX_clean)

==============================
*** Open Babel Warning  in PerceiveBondOrders
  Failed to kekulize aromatic bonds in OBMol::PerceiveBondOrders (title is /home/zhangsd/repos/MOFSNN/CGCNN_MT/data/CoREMOF2019/clean_cifs/OKITIM01_charged)

/opt/share/miniconda3/envs/mofmthnn/lib/python3.9/site-packages/pymatgen/io/cif.py:1229: UserWarning: Issues encountered while parsing CIF: 2 fractional coordinates rounded to ideal values to avoid issues with finite precision.
  warnings.warn("Issues encountered while parsing CIF: " + "\n".join(self.warnings))
==============================
*** Open Babel Warning  in PerceiveBondOrders
  Failed to kekulize aromatic bonds in OBMol::PerceiveBondOrders (title is /home/zhangsd/repos/MOFSNN/CGCNN_MT/data/CoREMOF2019/clean_cifs/FAWCEN01_SL)

==============================
*** Open Babel Warning  in PerceiveBondOrders
  Failed to kekulize aromatic bonds in OBMol::PerceiveBondOrders (title is /home/zhangsd/repos/MOFSNN/CGCNN_MT/data/CoREMOF2019/clean_cifs/GONNAA_clean)

==============================
*** Open Babel Warning  in PerceiveBondOrders
  Failed to kekulize aromatic bonds in OBMol::PerceiveBondOrders (title is /home/zhangsd/repos/MOFSNN/CGCNN_MT/data/CoREMOF2019/clean_cifs/WOPDEL_clean)

==============================
*** Open Babel Warning  in PerceiveBondOrders
  Failed to kekulize aromatic bonds in OBMol::PerceiveBondOrders (title is /home/zhangsd/repos/MOFSNN/CGCNN_MT/data/CoREMOF2019/clean_cifs/FAGMOS_clean)

/opt/share/miniconda3/envs/mofmthnn/lib/python3.9/site-packages/pymatgen/io/cif.py:1229: UserWarning: Issues encountered while parsing CIF: 8 fractional coordinates rounded to ideal values to avoid issues with finite precision.
  warnings.warn("Issues encountered while parsing CIF: " + "\n".join(self.warnings))
==============================
*** Open Babel Warning  in PerceiveBondOrders
  Failed to kekulize aromatic bonds in OBMol::PerceiveBondOrders (title is /home/zhangsd/repos/MOFSNN/CGCNN_MT/data/CoREMOF2019/clean_cifs/EVOTIT_SL)

==============================
*** Open Babel Warning  in PerceiveBondOrders
  Failed to kekulize aromatic bonds in OBMol::PerceiveBondOrders (title is /home/zhangsd/repos/MOFSNN/CGCNN_MT/data/CoREMOF2019/clean_cifs/MARNUR_clean)

==============================
*** Open Babel Warning  in PerceiveBondOrders
  Failed to kekulize aromatic bonds in OBMol::PerceiveBondOrders (title is /home/zhangsd/repos/MOFSNN/CGCNN_MT/data/CoREMOF2019/clean_cifs/MANLAP_ion_b)

==============================
*** Open Babel Warning  in PerceiveBondOrders
  Failed to kekulize aromatic bonds in OBMol::PerceiveBondOrders (title is /home/zhangsd/repos/MOFSNN/CGCNN_MT/data/CoREMOF2019/clean_cifs/YINXUQ_clean)

==============================
*** Open Babel Warning  in PerceiveBondOrders
  Failed to kekulize aromatic bonds in OBMol::PerceiveBondOrders (title is /home/zhangsd/repos/MOFSNN/CGCNN_MT/data/CoREMOF2019/clean_cifs/NOLQUA_clean)

==============================
*** Open Babel Warning  in PerceiveBondOrders
  Failed to kekulize aromatic bonds in OBMol::PerceiveBondOrders (title is /home/zhangsd/repos/MOFSNN/CGCNN_MT/data/CoREMOF2019/clean_cifs/OKIXIQ02_charged)

==============================
*** Open Babel Warning  in PerceiveBondOrders
  Failed to kekulize aromatic bonds in OBMol::PerceiveBondOrders (title is /home/zhangsd/repos/MOFSNN/CGCNN_MT/data/CoREMOF2019/clean_cifs/OFORUX_clean)

/opt/share/miniconda3/envs/mofmthnn/lib/python3.9/site-packages/pymatgen/io/cif.py:1229: UserWarning: Issues encountered while parsing CIF: 8 fractional coordinates rounded to ideal values to avoid issues with finite precision.
  warnings.warn("Issues encountered while parsing CIF: " + "\n".join(self.warnings))
==============================
*** Open Babel Warning  in PerceiveBondOrders
  Failed to kekulize aromatic bonds in OBMol::PerceiveBondOrders (title is /home/zhangsd/repos/MOFSNN/CGCNN_MT/data/CoREMOF2019/clean_cifs/ic070274o-file006_clean)

==============================
*** Open Babel Warning  in PerceiveBondOrders
  Failed to kekulize aromatic bonds in OBMol::PerceiveBondOrders (title is /home/zhangsd/repos/MOFSNN/CGCNN_MT/data/CoREMOF2019/clean_cifs/WOYWOY_clean)

==============================
*** Open Babel Warning  in PerceiveBondOrders
  Failed to kekulize aromatic bonds in OBMol::PerceiveBondOrders (title is /home/zhangsd/repos/MOFSNN/CGCNN_MT/data/CoREMOF2019/clean_cifs/GITVAH01_clean)

==============================
*** Open Babel Warning  in PerceiveBondOrders
  Failed to kekulize aromatic bonds in OBMol::PerceiveBondOrders (title is /home/zhangsd/repos/MOFSNN/CGCNN_MT/data/CoREMOF2019/clean_cifs/HAFFEC_clean)

/opt/share/miniconda3/envs/mofmthnn/lib/python3.9/site-packages/pymatgen/io/cif.py:1229: UserWarning: Issues encountered while parsing CIF: 86 fractional coordinates rounded to ideal values to avoid issues with finite precision.
  warnings.warn("Issues encountered while parsing CIF: " + "\n".join(self.warnings))
/opt/share/miniconda3/envs/mofmthnn/lib/python3.9/site-packages/pymatgen/io/cif.py:1229: UserWarning: Issues encountered while parsing CIF: 2 fractional coordinates rounded to ideal values to avoid issues with finite precision.
  warnings.warn("Issues encountered while parsing CIF: " + "\n".join(self.warnings))
==============================
*** Open Babel Warning  in PerceiveBondOrders
  Failed to kekulize aromatic bonds in OBMol::PerceiveBondOrders (title is /home/zhangsd/repos/MOFSNN/CGCNN_MT/data/CoREMOF2019/clean_cifs/DARNOB_charged)

/opt/share/miniconda3/envs/mofmthnn/lib/python3.9/site-packages/pymatgen/io/cif.py:1229: UserWarning: Issues encountered while parsing CIF: 16 fractional coordinates rounded to ideal values to avoid issues with finite precision.
  warnings.warn("Issues encountered while parsing CIF: " + "\n".join(self.warnings))
/opt/share/miniconda3/envs/mofmthnn/lib/python3.9/site-packages/pymatgen/io/cif.py:1229: UserWarning: Issues encountered while parsing CIF: 44 fractional coordinates rounded to ideal values to avoid issues with finite precision.
  warnings.warn("Issues encountered while parsing CIF: " + "\n".join(self.warnings))
==============================
*** Open Babel Warning  in PerceiveBondOrders
  Failed to kekulize aromatic bonds in OBMol::PerceiveBondOrders (title is /home/zhangsd/repos/MOFSNN/CGCNN_MT/data/CoREMOF2019/clean_cifs/ic5008457_si_002_clean)

==============================
*** Open Babel Warning  in PerceiveBondOrders
  Failed to kekulize aromatic bonds in OBMol::PerceiveBondOrders (title is /home/zhangsd/repos/MOFSNN/CGCNN_MT/data/CoREMOF2019/clean_cifs/c6dt01288d_c6dt01288d2_clean)

==============================
*** Open Babel Warning  in PerceiveBondOrders
  Failed to kekulize aromatic bonds in OBMol::PerceiveBondOrders (title is /home/zhangsd/repos/MOFSNN/CGCNN_MT/data/CoREMOF2019/clean_cifs/YATDUV_clean)

==============================
*** Open Babel Warning  in PerceiveBondOrders
  Failed to kekulize aromatic bonds in OBMol::PerceiveBondOrders (title is /home/zhangsd/repos/MOFSNN/CGCNN_MT/data/CoREMOF2019/clean_cifs/GONMON_clean)

==============================
*** Open Babel Warning  in PerceiveBondOrders
  Failed to kekulize aromatic bonds in OBMol::PerceiveBondOrders (title is /home/zhangsd/repos/MOFSNN/CGCNN_MT/data/CoREMOF2019/clean_cifs/OHAKIS_clean)

==============================
*** Open Babel Warning  in PerceiveBondOrders
  Failed to kekulize aromatic bonds in OBMol::PerceiveBondOrders (title is /home/zhangsd/repos/MOFSNN/CGCNN_MT/data/CoREMOF2019/clean_cifs/AMUPOP_clean)

==============================
*** Open Babel Warning  in PerceiveBondOrders
  Failed to kekulize aromatic bonds in OBMol::PerceiveBondOrders (title is /home/zhangsd/repos/MOFSNN/CGCNN_MT/data/CoREMOF2019/clean_cifs/KOGYIP_clean)

==============================
*** Open Babel Warning  in PerceiveBondOrders
  Failed to kekulize aromatic bonds in OBMol::PerceiveBondOrders (title is /home/zhangsd/repos/MOFSNN/CGCNN_MT/data/CoREMOF2019/clean_cifs/KOBRAV_clean)

==============================
*** Open Babel Warning  in PerceiveBondOrders
  Failed to kekulize aromatic bonds in OBMol::PerceiveBondOrders (title is /home/zhangsd/repos/MOFSNN/CGCNN_MT/data/CoREMOF2019/clean_cifs/KIYMIP_clean)

==============================
*** Open Babel Warning  in PerceiveBondOrders
  Failed to kekulize aromatic bonds in OBMol::PerceiveBondOrders (title is /home/zhangsd/repos/MOFSNN/CGCNN_MT/data/CoREMOF2019/clean_cifs/YOYQUA_clean)

==============================
*** Open Babel Warning  in PerceiveBondOrders
  Failed to kekulize aromatic bonds in OBMol::PerceiveBondOrders (title is /home/zhangsd/repos/MOFSNN/CGCNN_MT/data/CoREMOF2019/clean_cifs/JOQSOZ_clean)

==============================
*** Open Babel Warning  in PerceiveBondOrders
  Failed to kekulize aromatic bonds in OBMol::PerceiveBondOrders (title is /home/zhangsd/repos/MOFSNN/CGCNN_MT/data/CoREMOF2019/clean_cifs/SETTAO_clean)

==============================
*** Open Babel Warning  in PerceiveBondOrders
  Failed to kekulize aromatic bonds in OBMol::PerceiveBondOrders (title is /home/zhangsd/repos/MOFSNN/CGCNN_MT/data/CoREMOF2019/clean_cifs/KOBRAV01_clean)

==============================
*** Open Babel Warning  in PerceiveBondOrders
  Failed to kekulize aromatic bonds in OBMol::PerceiveBondOrders (title is /home/zhangsd/repos/MOFSNN/CGCNN_MT/data/CoREMOF2019/clean_cifs/CEXJOF_clean)

==============================
*** Open Babel Warning  in PerceiveBondOrders
  Failed to kekulize aromatic bonds in OBMol::PerceiveBondOrders (title is /home/zhangsd/repos/MOFSNN/CGCNN_MT/data/CoREMOF2019/clean_cifs/ROCZEQ_clean)

/opt/share/miniconda3/envs/mofmthnn/lib/python3.9/site-packages/pymatgen/io/cif.py:1229: UserWarning: Issues encountered while parsing CIF: 2 fractional coordinates rounded to ideal values to avoid issues with finite precision.
  warnings.warn("Issues encountered while parsing CIF: " + "\n".join(self.warnings))
==============================
*** Open Babel Warning  in PerceiveBondOrders
  Failed to kekulize aromatic bonds in OBMol::PerceiveBondOrders (title is /home/zhangsd/repos/MOFSNN/CGCNN_MT/data/CoREMOF2019/clean_cifs/ENESOH_clean)

==============================
*** Open Babel Warning  in PerceiveBondOrders
  Failed to kekulize aromatic bonds in OBMol::PerceiveBondOrders (title is /home/zhangsd/repos/MOFSNN/CGCNN_MT/data/CoREMOF2019/clean_cifs/c6ta07145g_c6ta07145g2_clean)

/opt/share/miniconda3/envs/mofmthnn/lib/python3.9/site-packages/ase/io/cif.py:401: UserWarning: crystal system 'hexagonal' is not interpreted for space group Spacegroup(194, setting=1). This may result in wrong setting!
  warnings.warn(
==============================
*** Open Babel Warning  in PerceiveBondOrders
  Failed to kekulize aromatic bonds in OBMol::PerceiveBondOrders (title is /home/zhangsd/repos/MOFSNN/CGCNN_MT/data/CoREMOF2019/clean_cifs/XOMZAC_clean)

/opt/share/miniconda3/envs/mofmthnn/lib/python3.9/site-packages/pymatgen/io/cif.py:1229: UserWarning: Issues encountered while parsing CIF: 3 fractional coordinates rounded to ideal values to avoid issues with finite precision.
  warnings.warn("Issues encountered while parsing CIF: " + "\n".join(self.warnings))
==============================
*** Open Babel Warning  in PerceiveBondOrders
  Failed to kekulize aromatic bonds in OBMol::PerceiveBondOrders (title is /home/zhangsd/repos/MOFSNN/CGCNN_MT/data/CoREMOF2019/clean_cifs/HUHJAW_clean)

/opt/share/miniconda3/envs/mofmthnn/lib/python3.9/site-packages/pymatgen/io/cif.py:1229: UserWarning: Issues encountered while parsing CIF: 2 fractional coordinates rounded to ideal values to avoid issues with finite precision.
  warnings.warn("Issues encountered while parsing CIF: " + "\n".join(self.warnings))
==============================
*** Open Babel Warning  in PerceiveBondOrders
  Failed to kekulize aromatic bonds in OBMol::PerceiveBondOrders (title is /home/zhangsd/repos/MOFSNN/CGCNN_MT/data/CoREMOF2019/clean_cifs/AXIPEE_clean)

==============================
*** Open Babel Warning  in PerceiveBondOrders
  Failed to kekulize aromatic bonds in OBMol::PerceiveBondOrders (title is /home/zhangsd/repos/MOFSNN/CGCNN_MT/data/CoREMOF2019/clean_cifs/HIHGIQ_clean)

==============================
*** Open Babel Warning  in PerceiveBondOrders
  Failed to kekulize aromatic bonds in OBMol::PerceiveBondOrders (title is /home/zhangsd/repos/MOFSNN/CGCNN_MT/data/CoREMOF2019/clean_cifs/KOFVOS_clean)

/opt/share/miniconda3/envs/mofmthnn/lib/python3.9/site-packages/pymatgen/io/cif.py:1229: UserWarning: Issues encountered while parsing CIF: 1 fractional coordinates rounded to ideal values to avoid issues with finite precision.
  warnings.warn("Issues encountered while parsing CIF: " + "\n".join(self.warnings))
==============================
*** Open Babel Warning  in PerceiveBondOrders
  Failed to kekulize aromatic bonds in OBMol::PerceiveBondOrders (title is /home/zhangsd/repos/MOFSNN/CGCNN_MT/data/CoREMOF2019/clean_cifs/CITXUZ_clean)

==============================
*** Open Babel Warning  in PerceiveBondOrders
  Failed to kekulize aromatic bonds in OBMol::PerceiveBondOrders (title is /home/zhangsd/repos/MOFSNN/CGCNN_MT/data/CoREMOF2019/clean_cifs/XANZAQ01_clean)

==============================
*** Open Babel Warning  in PerceiveBondOrders
  Failed to kekulize aromatic bonds in OBMol::PerceiveBondOrders (title is /home/zhangsd/repos/MOFSNN/CGCNN_MT/data/CoREMOF2019/clean_cifs/NERVEL_clean)

==============================
*** Open Babel Warning  in PerceiveBondOrders
  Failed to kekulize aromatic bonds in OBMol::PerceiveBondOrders (title is /home/zhangsd/repos/MOFSNN/CGCNN_MT/data/CoREMOF2019/clean_cifs/BIBXIV_clean)

==============================
*** Open Babel Warning  in PerceiveBondOrders
  Failed to kekulize aromatic bonds in OBMol::PerceiveBondOrders (title is /home/zhangsd/repos/MOFSNN/CGCNN_MT/data/CoREMOF2019/clean_cifs/QONLIQ_clean)

==============================
*** Open Babel Warning  in PerceiveBondOrders
  Failed to kekulize aromatic bonds in OBMol::PerceiveBondOrders (title is /home/zhangsd/repos/MOFSNN/CGCNN_MT/data/CoREMOF2019/clean_cifs/LEWVAL_clean)

==============================
*** Open Babel Warning  in PerceiveBondOrders
  Failed to kekulize aromatic bonds in OBMol::PerceiveBondOrders (title is /home/zhangsd/repos/MOFSNN/CGCNN_MT/data/CoREMOF2019/clean_cifs/FEDKAB_clean)

==============================
*** Open Babel Warning  in PerceiveBondOrders
  Failed to kekulize aromatic bonds in OBMol::PerceiveBondOrders (title is /home/zhangsd/repos/MOFSNN/CGCNN_MT/data/CoREMOF2019/clean_cifs/CAKXET_clean)

==============================
*** Open Babel Warning  in PerceiveBondOrders
  Failed to kekulize aromatic bonds in OBMol::PerceiveBondOrders (title is /home/zhangsd/repos/MOFSNN/CGCNN_MT/data/CoREMOF2019/clean_cifs/OTIPEO_clean)

==============================
*** Open Babel Warning  in PerceiveBondOrders
  Failed to kekulize aromatic bonds in OBMol::PerceiveBondOrders (title is /home/zhangsd/repos/MOFSNN/CGCNN_MT/data/CoREMOF2019/clean_cifs/EKETOF_clean)

==============================
*** Open Babel Warning  in PerceiveBondOrders
  Failed to kekulize aromatic bonds in OBMol::PerceiveBondOrders (title is /home/zhangsd/repos/MOFSNN/CGCNN_MT/data/CoREMOF2019/clean_cifs/SAJJOF_clean)

==============================
*** Open Babel Warning  in PerceiveBondOrders
  Failed to kekulize aromatic bonds in OBMol::PerceiveBondOrders (title is /home/zhangsd/repos/MOFSNN/CGCNN_MT/data/CoREMOF2019/clean_cifs/HADPOU_clean)

==============================
*** Open Babel Warning  in PerceiveBondOrders
  Failed to kekulize aromatic bonds in OBMol::PerceiveBondOrders (title is /home/zhangsd/repos/MOFSNN/CGCNN_MT/data/CoREMOF2019/clean_cifs/SAHYAD_charged)

==============================
*** Open Babel Warning  in PerceiveBondOrders
  Failed to kekulize aromatic bonds in OBMol::PerceiveBondOrders (title is /home/zhangsd/repos/MOFSNN/CGCNN_MT/data/CoREMOF2019/clean_cifs/UMOKIS_clean)

==============================
*** Open Babel Warning  in PerceiveBondOrders
  Failed to kekulize aromatic bonds in OBMol::PerceiveBondOrders (title is /home/zhangsd/repos/MOFSNN/CGCNN_MT/data/CoREMOF2019/clean_cifs/VIVXOP_clean)

==============================
*** Open Babel Warning  in PerceiveBondOrders
  Failed to kekulize aromatic bonds in OBMol::PerceiveBondOrders (title is /home/zhangsd/repos/MOFSNN/CGCNN_MT/data/CoREMOF2019/clean_cifs/LAWHID_clean)

==============================
*** Open Babel Warning  in PerceiveBondOrders
  Failed to kekulize aromatic bonds in OBMol::PerceiveBondOrders (title is /home/zhangsd/repos/MOFSNN/CGCNN_MT/data/CoREMOF2019/clean_cifs/QIYCEI_clean)

==============================
*** Open Babel Warning  in PerceiveBondOrders
  Failed to kekulize aromatic bonds in OBMol::PerceiveBondOrders (title is /home/zhangsd/repos/MOFSNN/CGCNN_MT/data/CoREMOF2019/clean_cifs/NAPNEA_clean)

/opt/share/miniconda3/envs/mofmthnn/lib/python3.9/site-packages/pymatgen/io/cif.py:1229: UserWarning: Issues encountered while parsing CIF: 4 fractional coordinates rounded to ideal values to avoid issues with finite precision.
  warnings.warn("Issues encountered while parsing CIF: " + "\n".join(self.warnings))
==============================
*** Open Babel Warning  in PerceiveBondOrders
  Failed to kekulize aromatic bonds in OBMol::PerceiveBondOrders (title is /home/zhangsd/repos/MOFSNN/CGCNN_MT/data/CoREMOF2019/clean_cifs/HOWPIU_clean)

==============================
*** Open Babel Warning  in PerceiveBondOrders
  Failed to kekulize aromatic bonds in OBMol::PerceiveBondOrders (title is /home/zhangsd/repos/MOFSNN/CGCNN_MT/data/CoREMOF2019/clean_cifs/OKUSUK_clean)

/opt/share/miniconda3/envs/mofmthnn/lib/python3.9/site-packages/pymatgen/io/cif.py:1229: UserWarning: Issues encountered while parsing CIF: 16 fractional coordinates rounded to ideal values to avoid issues with finite precision.
  warnings.warn("Issues encountered while parsing CIF: " + "\n".join(self.warnings))
==============================
*** Open Babel Warning  in PerceiveBondOrders
  Failed to kekulize aromatic bonds in OBMol::PerceiveBondOrders (title is /home/zhangsd/repos/MOFSNN/CGCNN_MT/data/CoREMOF2019/clean_cifs/WAQTEQ_clean)

/opt/share/miniconda3/envs/mofmthnn/lib/python3.9/site-packages/ase/io/cif.py:401: UserWarning: crystal system 'triclinic' is not interpreted for space group Spacegroup(1, setting=1). This may result in wrong setting!
  warnings.warn(
==============================
*** Open Babel Warning  in PerceiveBondOrders
  Failed to kekulize aromatic bonds in OBMol::PerceiveBondOrders (title is /home/zhangsd/repos/MOFSNN/CGCNN_MT/data/CoREMOF2019/clean_cifs/NIKJOH_clean)

==============================
*** Open Babel Warning  in PerceiveBondOrders
  Failed to kekulize aromatic bonds in OBMol::PerceiveBondOrders (title is /home/zhangsd/repos/MOFSNN/CGCNN_MT/data/CoREMOF2019/clean_cifs/NABCIE_clean)

==============================
*** Open Babel Warning  in PerceiveBondOrders
  Failed to kekulize aromatic bonds in OBMol::PerceiveBondOrders (title is /home/zhangsd/repos/MOFSNN/CGCNN_MT/data/CoREMOF2019/clean_cifs/YOVPEG_clean)

slurmstepd: error: *** STEP 199754.0 ON c2 CANCELLED AT 2024-09-13T15:18:14 ***
slurmstepd: error: *** JOB 199754 ON c2 CANCELLED AT 2024-09-13T15:18:14 ***
